Year,Quarter,Sector,GDP_Lakh_Crore,Growth_%,Employment_Million,Exports_Crore,Imports_Crore,FDI_Crore,Inflation_%,CPI,IIP,Tax_Revenue_Crore,Quarter_Number,Financial_Year,Period,Sector_Category,Economic_Activity_Category,Stakeholder_Category,Trade_Balance_Crore,GDP_Share_%,Employment_Share_%,Growth_Category,Inflation_Category,GDP_Category,FDI_Category,Employment_Category,Trade_Category,Tax_Revenue_Category,Sector_Sort_Order,Exports_to_GDP_%,Imports_to_GDP_%,FDI_to_GDP_%
2015,Q1,Agriculture,29.72,3.94,52.1,107539,126895,27477,4.71,163,95,123957,1,2015-16,2015 Q1,Primary,Resource & Agriculture,Farmer,-19356,3.91,4.56,Moderate,Moderate,Low,Very High,Moderate,Import Deficit,Low,1,3.62,4.27,0.92
2015,Q1,Manufacturing,37.35,9.86,7.7,47744,90509,2292,4.81,121,88,184005,1,2015-16,2015 Q1,Secondary,Production & Infrastructure,Corporate / Industrial,-42765,4.91,0.67,Very High,Moderate,Low,Low,Low,Import Deficit,High,3,1.28,2.42,0.06
2015,Q1,Construction,64.71,6.01,42.4,58226,121494,26803,6.88,114,115,198671,1,2015-16,2015 Q1,Secondary,Production & Infrastructure,Corporate / Infrastructure,-63268,8.51,3.71,High,High,High,Very High,Moderate,Import Deficit,High,4,0.9,1.88,0.41
2015,Q1,Mining,30.02,9.53,21.4,56195,66624,15163,4.69,158,100,91599,1,2015-16,2015 Q1,Secondary,Production & Infrastructure,Corporate / Industrial,-10429,3.95,1.87,Very High,Moderate,Low,High,Low,Import Deficit,Low,2,1.87,2.22,0.51
2015,Q1,Electricity,50.47,9.75,219.5,96330,98575,20985,6.71,130,131,266982,1,2015-16,2015 Q1,Secondary,Production & Infrastructure,Corporate / Utilities,-2245,6.64,19.21,Very High,High,Medium,High,Extremely High,Import Deficit,Very High,5,1.91,1.95,0.42
2015,Q1,IT Services,27.44,-0.19,68.2,109775,54457,10346,7.75,157,118,243589,1,2015-16,2015 Q1,Tertiary,Services,Corporate / Professional,55318,3.61,5.97,Negative,High,Low,Moderate,High,Export Surplus,Very High,6,4,1.98,0.38
2015,Q1,Financial Services,49.67,3.88,74.6,38832,68883,9292,5.42,177,120,12270,1,2015-16,2015 Q1,Tertiary,Services,Corporate / Financial,-30051,6.53,6.53,Moderate,Moderate,Medium,Moderate,High,Import Deficit,Very Low,7,0.78,1.39,0.19
2015,Q1,Retail,79.11,6.57,156.6,52179,77396,29564,3.47,167,99,190445,1,2015-16,2015 Q1,Tertiary,Services,Consumer / Business Owner,-25217,10.4,13.7,High,Low,Very High,Very High,Extremely High,Import Deficit,High,8,0.66,0.98,0.37
2015,Q1,Healthcare,34.73,6.11,88.4,149852,88444,8727,5.76,131,110,161185,1,2015-16,2015 Q1,Tertiary,Services,Patient / Healthcare Provider,61408,4.57,7.73,High,Moderate,Low,Moderate,High,Export Surplus,Medium,9,4.31,2.55,0.25
2015,Q1,Education,60.8,-1.76,71.9,149585,104694,13149,2.61,112,101,230765,1,2015-16,2015 Q1,Tertiary,Services,Student / Education Provider,44891,8,6.29,Negative,Low,High,Moderate,High,Export Surplus,High,10,2.46,1.72,0.22
2015,Q1,Transport,70.83,-0.06,9.6,132161,68591,7874,5.38,171,118,130071,1,2015-16,2015 Q1,Tertiary,Services,Consumer / Business Owner,63570,9.31,0.84,Negative,Moderate,Very High,Low,Low,Export Surplus,Medium,11,1.87,0.97,0.11
2015,Q1,Tourism,57.67,5.72,36.2,30001,102336,1280,6.95,166,133,25094,1,2015-16,2015 Q1,Tertiary,Services,Consumer / Business Owner,-72335,7.58,3.17,Moderate,High,High,Low,Moderate,Import Deficit,Very Low,12,0.52,1.77,0.02
2015,Q1,Real Estate,72.86,-0.45,15.8,147245,36338,10579,4.15,115,139,190988,1,2015-16,2015 Q1,Tertiary,Services,Corporate / Property,110907,9.58,1.38,Negative,Moderate,Very High,Moderate,Low,Export Surplus,High,13,2.02,0.5,0.15
2015,Q1,Communication,45.01,-1.64,93.6,130066,82252,13693,6.04,105,144,167092,1,2015-16,2015 Q1,Tertiary,Services,Consumer / Corporate,47814,5.92,8.19,Negative,High,Medium,Moderate,High,Export Surplus,Medium,14,2.89,1.83,0.3
2015,Q1,Public Administration,50.01,4.42,184.9,100828,110238,10882,2.2,145,130,299887,1,2015-16,2015 Q1,Tertiary,Services,Government,-9410,6.58,16.18,Moderate,Low,Medium,Moderate,Extremely High,Import Deficit,Very High,15,2.02,2.2,0.22
2015,Q2,Agriculture,11.62,0.26,180.9,120359,94010,5506,3.05,180,112,30535,2,2015-16,2015 Q2,Primary,Resource & Agriculture,Farmer,26349,1.67,13.56,Low,Low,Very Low,Low,Extremely High,Export Surplus,Very Low,1,10.36,8.09,0.47
2015,Q2,Manufacturing,11.76,-0.7,54.1,71041,30805,4087,4.85,159,139,261267,2,2015-16,2015 Q2,Secondary,Production & Infrastructure,Corporate / Industrial,40236,1.69,4.06,Negative,Moderate,Very Low,Low,Moderate,Export Surplus,Very High,3,6.04,2.62,0.35
2015,Q2,Construction,62.96,5.31,149.1,87417,70126,28008,5.22,139,136,258670,2,2015-16,2015 Q2,Secondary,Production & Infrastructure,Corporate / Infrastructure,17291,9.04,11.18,Moderate,Moderate,High,Very High,Very High,Export Surplus,Very High,4,1.39,1.11,0.44
2015,Q2,Mining,12.71,6.6,132.2,36610,117342,5400,6.49,135,110,188147,2,2015-16,2015 Q2,Secondary,Production & Infrastructure,Corporate / Industrial,-80732,1.83,9.91,High,High,Very Low,Low,Very High,Import Deficit,High,2,2.88,9.23,0.42
2015,Q2,Electricity,64.94,6.51,100.5,107510,76009,7661,6.32,107,120,138821,2,2015-16,2015 Q2,Secondary,Production & Infrastructure,Corporate / Utilities,31501,9.33,7.53,High,High,High,Low,Very High,Export Surplus,Medium,5,1.66,1.17,0.12
2015,Q2,IT Services,50,2.51,145.5,116722,138305,21873,7.77,104,106,163687,2,2015-16,2015 Q2,Tertiary,Services,Corporate / Professional,-21583,7.18,10.91,Low,High,Medium,High,Very High,Import Deficit,Medium,6,2.33,2.77,0.44
2015,Q2,Financial Services,68.62,-1.83,35.3,148729,26812,5175,6.51,166,89,283248,2,2015-16,2015 Q2,Tertiary,Services,Corporate / Financial,121917,9.85,2.65,Negative,High,Very High,Low,Moderate,Export Surplus,Very High,7,2.17,0.39,0.08
2015,Q2,Retail,60.98,3.45,29.4,33824,72108,2249,2.54,121,124,147785,2,2015-16,2015 Q2,Tertiary,Services,Consumer / Business Owner,-38284,8.76,2.2,Moderate,Low,High,Low,Low,Import Deficit,Medium,8,0.55,1.18,0.04
2015,Q2,Healthcare,29.45,3.4,7.8,90266,10683,12341,5.93,155,108,72060,2,2015-16,2015 Q2,Tertiary,Services,Patient / Healthcare Provider,79583,4.23,0.58,Moderate,Moderate,Low,Moderate,Low,Export Surplus,Low,9,3.07,0.36,0.42
2015,Q2,Education,73.54,5.73,58.6,70167,138090,1811,5.57,174,94,71184,2,2015-16,2015 Q2,Tertiary,Services,Student / Education Provider,-67923,10.56,4.39,Moderate,Moderate,Very High,Low,Moderate,Import Deficit,Low,10,0.95,1.88,0.02
2015,Q2,Transport,13.64,8.87,119,70716,10243,13192,2.02,145,96,287238,2,2015-16,2015 Q2,Tertiary,Services,Consumer / Business Owner,60473,1.96,8.92,High,Low,Very Low,Moderate,Very High,Export Surplus,Very High,11,5.18,0.75,0.97
2015,Q2,Tourism,53.05,1.47,44.6,136892,63557,20660,4.73,176,130,250421,2,2015-16,2015 Q2,Tertiary,Services,Consumer / Business Owner,73335,7.62,3.34,Low,Moderate,High,High,Moderate,Export Surplus,Very High,12,2.58,1.2,0.39
2015,Q2,Real Estate,60.58,-0.4,44.7,57681,71488,6107,7.52,140,138,145739,2,2015-16,2015 Q2,Tertiary,Services,Corporate / Property,-13807,8.7,3.35,Negative,High,High,Low,Moderate,Import Deficit,Medium,13,0.95,1.18,0.1
2015,Q2,Communication,44.51,3.58,126.8,42723,9477,15935,5.72,170,86,19294,2,2015-16,2015 Q2,Tertiary,Services,Consumer / Corporate,33246,6.39,9.51,Moderate,Moderate,Medium,High,Very High,Export Surplus,Very Low,14,0.96,0.21,0.36
2015,Q2,Public Administration,78,2.6,105.3,90548,40802,7067,7,100,111,89128,2,2015-16,2015 Q2,Tertiary,Services,Government,49746,11.2,7.89,Low,High,Very High,Low,Very High,Export Surplus,Low,15,1.16,0.52,0.09
2015,Q3,Agriculture,76.02,-1.96,93.1,66357,88103,28182,6.36,169,118,218564,3,2015-16,2015 Q3,Primary,Resource & Agriculture,Farmer,-21746,9.89,5.34,Negative,High,Very High,Very High,High,Import Deficit,High,1,0.87,1.16,0.37
2015,Q3,Manufacturing,77.09,8.02,138.2,114546,23289,7301,7.79,143,137,26360,3,2015-16,2015 Q3,Secondary,Production & Infrastructure,Corporate / Industrial,91257,10.03,7.93,High,High,Very High,Low,Very High,Export Surplus,Very Low,3,1.49,0.3,0.09
2015,Q3,Construction,63.97,9.72,183.1,14512,29574,11920,7.48,112,103,101486,3,2015-16,2015 Q3,Secondary,Production & Infrastructure,Corporate / Infrastructure,-15062,8.32,10.5,Very High,High,High,Moderate,Extremely High,Import Deficit,Low,4,0.23,0.46,0.19
2015,Q3,Mining,47.59,5.42,100,125980,88540,16227,6.97,145,119,93820,3,2015-16,2015 Q3,Secondary,Production & Infrastructure,Corporate / Industrial,37440,6.19,5.74,Moderate,High,Medium,High,High,Export Surplus,Low,2,2.65,1.86,0.34
2015,Q3,Electricity,73.62,4.26,91,147377,91226,1406,4.6,104,138,246025,3,2015-16,2015 Q3,Secondary,Production & Infrastructure,Corporate / Utilities,56151,9.57,5.22,Moderate,Moderate,Very High,Low,High,Export Surplus,Very High,5,2,1.24,0.02
2015,Q3,IT Services,31.59,2.47,151.8,63834,74703,5228,4.57,165,94,101617,3,2015-16,2015 Q3,Tertiary,Services,Corporate / Professional,-10869,4.11,8.71,Low,Moderate,Low,Low,Extremely High,Import Deficit,Low,6,2.02,2.36,0.17
2015,Q3,Financial Services,14.77,-0.89,153.5,133400,48137,29074,6.2,143,121,88300,3,2015-16,2015 Q3,Tertiary,Services,Corporate / Financial,85263,1.92,8.8,Negative,High,Very Low,Very High,Extremely High,Export Surplus,Low,7,9.03,3.26,1.97
2015,Q3,Retail,52.87,-0.63,146.5,33768,107611,16895,4.99,151,101,269173,3,2015-16,2015 Q3,Tertiary,Services,Consumer / Business Owner,-73843,6.88,8.4,Negative,Moderate,High,High,Very High,Import Deficit,Very High,8,0.64,2.04,0.32
2015,Q3,Healthcare,55.64,-1.14,37.2,35082,21364,17004,3.29,108,111,33984,3,2015-16,2015 Q3,Tertiary,Services,Patient / Healthcare Provider,13718,7.24,2.13,Negative,Low,High,High,Moderate,Export Surplus,Very Low,9,0.63,0.38,0.31
2015,Q3,Education,55.1,5.27,86.7,22855,19767,10185,5.64,173,122,153588,3,2015-16,2015 Q3,Tertiary,Services,Student / Education Provider,3088,7.17,4.97,Moderate,Moderate,High,Moderate,High,Export Surplus,Medium,10,0.41,0.36,0.18
2015,Q3,Transport,29.64,1.41,56.8,64082,14872,17067,2.17,114,140,93624,3,2015-16,2015 Q3,Tertiary,Services,Consumer / Business Owner,49210,3.85,3.26,Low,Low,Low,High,Moderate,Export Surplus,Low,11,2.16,0.5,0.58
2015,Q3,Tourism,51.36,0.02,93.1,149048,38990,18797,5.48,109,138,73896,3,2015-16,2015 Q3,Tertiary,Services,Consumer / Business Owner,110058,6.68,5.34,Low,Moderate,High,High,High,Export Surplus,Low,12,2.9,0.76,0.37
2015,Q3,Real Estate,62.62,-1.81,188.3,101167,34476,19678,6.9,163,109,209899,3,2015-16,2015 Q3,Tertiary,Services,Corporate / Property,66691,8.14,10.8,Negative,High,High,High,Extremely High,Export Surplus,High,13,1.62,0.55,0.31
2015,Q3,Communication,49.69,4.51,53.3,25260,70919,26237,6.76,117,143,155756,3,2015-16,2015 Q3,Tertiary,Services,Consumer / Corporate,-45659,6.46,3.06,Moderate,High,Medium,Very High,Moderate,Import Deficit,Medium,14,0.51,1.43,0.53
2015,Q3,Public Administration,27.33,6.51,170.8,59487,110107,8191,4.04,161,128,112766,3,2015-16,2015 Q3,Tertiary,Services,Government,-50620,3.55,9.8,High,Moderate,Low,Moderate,Extremely High,Import Deficit,Low,15,2.18,4.03,0.3
2015,Q4,Agriculture,10.06,4.04,198.1,61077,42928,1369,7.31,170,91,19196,4,2015-16,2015 Q4,Primary,Resource & Agriculture,Farmer,18149,1.64,11.73,Moderate,High,Very Low,Low,Extremely High,Export Surplus,Very Low,1,6.07,4.27,0.14
2015,Q4,Manufacturing,41.96,9.01,27.4,137513,89656,16764,5.17,157,87,129507,4,2015-16,2015 Q4,Secondary,Production & Infrastructure,Corporate / Industrial,47857,6.84,1.62,Very High,Moderate,Medium,High,Low,Export Surplus,Medium,3,3.28,2.14,0.4
2015,Q4,Construction,42.98,3.3,164.4,91346,102862,2545,3.67,164,139,265323,4,2015-16,2015 Q4,Secondary,Production & Infrastructure,Corporate / Infrastructure,-11516,7.01,9.74,Moderate,Low,Medium,Low,Extremely High,Import Deficit,Very High,4,2.13,2.39,0.06
2015,Q4,Mining,62.25,1.13,151.9,47007,61701,15482,3.76,138,137,55914,4,2015-16,2015 Q4,Secondary,Production & Infrastructure,Corporate / Industrial,-14694,10.15,9,Low,Low,High,High,Extremely High,Import Deficit,Very Low,2,0.76,0.99,0.25
2015,Q4,Electricity,76.05,8.1,96.7,54531,62980,25252,4.69,122,113,149989,4,2015-16,2015 Q4,Secondary,Production & Infrastructure,Corporate / Utilities,-8449,12.4,5.73,High,Moderate,Very High,Very High,High,Import Deficit,Medium,5,0.72,0.83,0.33
2015,Q4,IT Services,39.15,9.25,137.5,18849,23381,773,7.05,113,113,51925,4,2015-16,2015 Q4,Tertiary,Services,Corporate / Professional,-4532,6.38,8.14,Very High,High,Medium,Low,Very High,Import Deficit,Very Low,6,0.48,0.6,0.02
2015,Q4,Financial Services,30.9,4.07,188.8,119180,12652,29406,3.67,147,128,230054,4,2015-16,2015 Q4,Tertiary,Services,Corporate / Financial,106528,5.04,11.18,Moderate,Low,Low,Very High,Extremely High,Export Surplus,High,7,3.86,0.41,0.95
2015,Q4,Retail,12.72,0.16,78.4,104275,56310,17287,3.88,146,111,162238,4,2015-16,2015 Q4,Tertiary,Services,Consumer / Business Owner,47965,2.07,4.64,Low,Low,Very Low,High,High,Export Surplus,Medium,8,8.2,4.43,1.36
2015,Q4,Healthcare,22.13,3.48,117,29440,101238,21436,4.06,154,139,81819,4,2015-16,2015 Q4,Tertiary,Services,Patient / Healthcare Provider,-71798,3.61,6.93,Moderate,Moderate,Very Low,High,Very High,Import Deficit,Low,9,1.33,4.57,0.97
2015,Q4,Education,13.53,8.09,23.5,90580,48838,27114,7.65,131,140,297971,4,2015-16,2015 Q4,Tertiary,Services,Student / Education Provider,41742,2.21,1.39,High,High,Very Low,Very High,Low,Export Surplus,Very High,10,6.69,3.61,2
2015,Q4,Transport,78.23,3.87,98.2,26465,81026,15499,5.54,157,126,22874,4,2015-16,2015 Q4,Tertiary,Services,Consumer / Business Owner,-54561,12.75,5.82,Moderate,Moderate,Very High,High,High,Import Deficit,Very Low,11,0.34,1.04,0.2
2015,Q4,Tourism,27.96,7.68,197.8,124881,49927,11873,4.33,136,88,165926,4,2015-16,2015 Q4,Tertiary,Services,Consumer / Business Owner,74954,4.56,11.71,High,Moderate,Low,Moderate,Extremely High,Export Surplus,Medium,12,4.47,1.79,0.42
2015,Q4,Real Estate,62.38,6.27,89.7,109707,62320,8290,3.59,109,137,267604,4,2015-16,2015 Q4,Tertiary,Services,Corporate / Property,47387,10.17,5.31,High,Low,High,Moderate,High,Export Surplus,Very High,13,1.76,1,0.13
2015,Q4,Communication,23.1,-0.86,108.8,79144,15683,4765,5.3,174,126,42143,4,2015-16,2015 Q4,Tertiary,Services,Consumer / Corporate,63461,3.77,6.44,Negative,Moderate,Very Low,Low,Very High,Export Surplus,Very Low,14,3.43,0.68,0.21
2015,Q4,Public Administration,70.07,6.53,10.5,78035,91338,29099,4.13,171,145,135045,4,2015-16,2015 Q4,Tertiary,Services,Government,-13303,11.42,0.62,High,Moderate,Very High,Very High,Low,Import Deficit,Medium,15,1.11,1.3,0.42
2016,Q1,Agriculture,21.98,0.99,48.6,91104,139716,16915,3.07,113,138,260086,1,2016-17,2016 Q1,Primary,Resource & Agriculture,Farmer,-48612,3.47,3.58,Low,Low,Very Low,High,Moderate,Import Deficit,Very High,1,4.14,6.36,0.77
2016,Q1,Manufacturing,25.53,-1.86,40.5,90886,116474,26805,4.34,162,109,82178,1,2016-17,2016 Q1,Secondary,Production & Infrastructure,Corporate / Industrial,-25588,4.02,2.99,Negative,Moderate,Low,Very High,Moderate,Import Deficit,Low,3,3.56,4.56,1.05
2016,Q1,Construction,71.39,2.89,137.4,51540,75414,3095,7.72,177,113,243840,1,2016-17,2016 Q1,Secondary,Production & Infrastructure,Corporate / Infrastructure,-23874,11.25,10.13,Low,High,Very High,Low,Very High,Import Deficit,Very High,4,0.72,1.06,0.04
2016,Q1,Mining,48.03,-0.58,139.2,129121,132292,19250,6.14,170,91,131497,1,2016-17,2016 Q1,Secondary,Production & Infrastructure,Corporate / Industrial,-3171,7.57,10.26,Negative,High,Medium,High,Very High,Import Deficit,Medium,2,2.69,2.75,0.4
2016,Q1,Electricity,14.74,4.71,196.4,35472,40850,24618,7.04,110,128,117053,1,2016-17,2016 Q1,Secondary,Production & Infrastructure,Corporate / Utilities,-5378,2.32,14.48,Moderate,High,Very Low,Very High,Extremely High,Import Deficit,Low,5,2.41,2.77,1.67
2016,Q1,IT Services,66.71,3.33,140.4,129070,39816,16634,6.34,103,124,257331,1,2016-17,2016 Q1,Tertiary,Services,Corporate / Professional,89254,10.52,10.35,Moderate,High,Very High,High,Very High,Export Surplus,Very High,6,1.93,0.6,0.25
2016,Q1,Financial Services,28.64,5.13,35.1,32385,114507,14222,4.09,155,129,93284,1,2016-17,2016 Q1,Tertiary,Services,Corporate / Financial,-82122,4.52,2.59,Moderate,Moderate,Low,Moderate,Moderate,Import Deficit,Low,7,1.13,4,0.5
2016,Q1,Retail,33.56,-1,13.5,118892,94034,28726,7.24,173,105,41013,1,2016-17,2016 Q1,Tertiary,Services,Consumer / Business Owner,24858,5.29,1,Negative,High,Low,Very High,Low,Export Surplus,Very Low,8,3.54,2.8,0.86
2016,Q1,Healthcare,66.78,3.11,44.3,94118,122446,10834,3.52,170,110,198519,1,2016-17,2016 Q1,Tertiary,Services,Patient / Healthcare Provider,-28328,10.53,3.27,Moderate,Low,Very High,Moderate,Moderate,Import Deficit,High,9,1.41,1.83,0.16
2016,Q1,Education,71.39,9.34,33.3,69039,72451,5978,4.07,127,100,155284,1,2016-17,2016 Q1,Tertiary,Services,Student / Education Provider,-3412,11.25,2.45,Very High,Moderate,Very High,Low,Moderate,Import Deficit,Medium,10,0.97,1.01,0.08
2016,Q1,Transport,33.28,4.25,64.3,141549,83065,1439,5.63,158,111,177602,1,2016-17,2016 Q1,Tertiary,Services,Consumer / Business Owner,58484,5.25,4.74,Moderate,Moderate,Low,Low,High,Export Surplus,Medium,11,4.25,2.5,0.04
2016,Q1,Tourism,68.89,8.09,40.3,64569,9967,10337,6.38,175,144,18344,1,2016-17,2016 Q1,Tertiary,Services,Consumer / Business Owner,54602,10.86,2.97,High,High,Very High,Moderate,Moderate,Export Surplus,Very Low,12,0.94,0.14,0.15
2016,Q1,Real Estate,15.8,1.83,207.5,64561,110474,25648,5.14,125,124,193907,1,2016-17,2016 Q1,Tertiary,Services,Corporate / Property,-45913,2.49,15.29,Low,Moderate,Very Low,Very High,Extremely High,Import Deficit,High,13,4.09,6.99,1.62
2016,Q1,Communication,47.93,4.91,68,137463,40754,19406,4.7,136,89,75148,1,2016-17,2016 Q1,Tertiary,Services,Consumer / Corporate,96709,7.56,5.01,Moderate,Moderate,Medium,High,High,Export Surplus,Low,14,2.87,0.85,0.4
2016,Q1,Public Administration,19.66,-0.8,147.9,61095,105259,9024,3.27,132,132,201528,1,2016-17,2016 Q1,Tertiary,Services,Government,-44164,3.1,10.9,Negative,Low,Very Low,Moderate,Very High,Import Deficit,High,15,3.11,5.35,0.46
2016,Q2,Agriculture,43.45,3.43,8.7,130624,48425,4838,5.81,121,112,60642,2,2016-17,2016 Q2,Primary,Resource & Agriculture,Farmer,82199,5.61,0.69,Moderate,Moderate,Medium,Low,Low,Export Surplus,Very Low,1,3.01,1.11,0.11
2016,Q2,Manufacturing,55.54,4.08,118,149781,45165,4616,7.68,138,111,224660,2,2016-17,2016 Q2,Secondary,Production & Infrastructure,Corporate / Industrial,104616,7.17,9.35,Moderate,High,High,Low,Very High,Export Surplus,High,3,2.7,0.81,0.08
2016,Q2,Construction,22.55,2.39,51,142584,72952,27447,4.34,149,96,165625,2,2016-17,2016 Q2,Secondary,Production & Infrastructure,Corporate / Infrastructure,69632,2.91,4.04,Low,Moderate,Very Low,Very High,Moderate,Export Surplus,Medium,4,6.32,3.24,1.22
2016,Q2,Mining,72.93,4.8,167.3,124458,45975,7008,5.51,131,97,258046,2,2016-17,2016 Q2,Secondary,Production & Infrastructure,Corporate / Industrial,78483,9.42,13.26,Moderate,Moderate,Very High,Low,Extremely High,Export Surplus,Very High,2,1.71,0.63,0.1
2016,Q2,Electricity,74.68,7.93,27.6,115811,134722,7602,6.14,130,92,93109,2,2016-17,2016 Q2,Secondary,Production & Infrastructure,Corporate / Utilities,-18911,9.64,2.19,High,High,Very High,Low,Low,Import Deficit,Low,5,1.55,1.8,0.1
2016,Q2,IT Services,45.19,5.62,112.4,134076,100909,25956,7.9,121,127,17815,2,2016-17,2016 Q2,Tertiary,Services,Corporate / Professional,33167,5.83,8.91,Moderate,High,Medium,Very High,Very High,Export Surplus,Very Low,6,2.97,2.23,0.57
2016,Q2,Financial Services,18.89,5.39,85.6,113365,52367,4598,4.64,135,144,253088,2,2016-17,2016 Q2,Tertiary,Services,Corporate / Financial,60998,2.44,6.78,Moderate,Moderate,Very Low,Low,High,Export Surplus,Very High,7,6,2.77,0.24
2016,Q2,Retail,39.7,1.82,134.7,95384,8307,12427,4.2,168,87,284680,2,2016-17,2016 Q2,Tertiary,Services,Consumer / Business Owner,87077,5.13,10.68,Low,Moderate,Medium,Moderate,Very High,Export Surplus,Very High,8,2.4,0.21,0.31
2016,Q2,Healthcare,63.69,4.95,24,81067,76010,17179,4.14,139,96,42711,2,2016-17,2016 Q2,Tertiary,Services,Patient / Healthcare Provider,5057,8.22,1.9,Moderate,Moderate,High,High,Low,Export Surplus,Very Low,9,1.27,1.19,0.27
2016,Q2,Education,77.08,8.71,142.4,144624,13175,16808,6.48,152,110,170478,2,2016-17,2016 Q2,Tertiary,Services,Student / Education Provider,131449,9.95,11.29,High,High,Very High,High,Very High,Export Surplus,Medium,10,1.88,0.17,0.22
2016,Q2,Transport,28.69,3.33,54.3,120362,10078,6306,6.27,114,136,136549,2,2016-17,2016 Q2,Tertiary,Services,Consumer / Business Owner,110284,3.7,4.3,Moderate,High,Low,Low,Moderate,Export Surplus,Medium,11,4.2,0.35,0.22
2016,Q2,Tourism,57.21,1.22,80.7,91928,115539,27009,4.06,170,137,146667,2,2016-17,2016 Q2,Tertiary,Services,Consumer / Business Owner,-23611,7.39,6.4,Low,Moderate,High,Very High,High,Import Deficit,Medium,12,1.61,2.02,0.47
2016,Q2,Real Estate,57.43,7.06,44,122111,80127,22526,3.4,149,105,272615,2,2016-17,2016 Q2,Tertiary,Services,Corporate / Property,41984,7.41,3.49,High,Low,High,Very High,Moderate,Export Surplus,Very High,13,2.13,1.4,0.39
2016,Q2,Communication,73.73,8.97,16,30929,78257,21808,6.59,125,104,110348,2,2016-17,2016 Q2,Tertiary,Services,Consumer / Corporate,-47328,9.52,1.27,High,High,Very High,High,Low,Import Deficit,Low,14,0.42,1.06,0.3
2016,Q2,Public Administration,43.79,5.91,195,113677,23035,26051,6.97,158,129,39981,2,2016-17,2016 Q2,Tertiary,Services,Government,90642,5.65,15.46,Moderate,High,Medium,Very High,Extremely High,Export Surplus,Very Low,15,2.6,0.53,0.59
2016,Q3,Agriculture,20.21,1.71,200.4,88439,33184,21214,4.88,133,94,238253,3,2016-17,2016 Q3,Primary,Resource & Agriculture,Farmer,55255,3.71,10.73,Low,Moderate,Very Low,High,Extremely High,Export Surplus,High,1,4.38,1.64,1.05
2016,Q3,Manufacturing,47.46,3.27,127.8,106123,90589,4822,3.04,144,126,178338,3,2016-17,2016 Q3,Secondary,Production & Infrastructure,Corporate / Industrial,15534,8.7,6.84,Moderate,Low,Medium,Low,Very High,Export Surplus,Medium,3,2.24,1.91,0.1
2016,Q3,Construction,41.87,7.9,202.4,87397,62231,8181,3.2,150,142,190503,3,2016-17,2016 Q3,Secondary,Production & Infrastructure,Corporate / Infrastructure,25166,7.68,10.84,High,Low,Medium,Moderate,Extremely High,Export Surplus,High,4,2.09,1.49,0.2
2016,Q3,Mining,18.35,5.1,158.2,120399,54720,19889,5.98,146,114,64129,3,2016-17,2016 Q3,Secondary,Production & Infrastructure,Corporate / Industrial,65679,3.36,8.47,Moderate,Moderate,Very Low,High,Extremely High,Export Surplus,Very Low,2,6.56,2.98,1.08
2016,Q3,Electricity,22.8,-0.81,23.5,66440,99100,9219,6.46,152,101,10550,3,2016-17,2016 Q3,Secondary,Production & Infrastructure,Corporate / Utilities,-32660,4.18,1.26,Negative,High,Very Low,Moderate,Low,Import Deficit,Very Low,5,2.91,4.35,0.4
2016,Q3,IT Services,53.42,8.73,129.5,55015,96191,22836,3.11,127,99,224066,3,2016-17,2016 Q3,Tertiary,Services,Corporate / Professional,-41176,9.79,6.93,High,Low,High,Very High,Very High,Import Deficit,High,6,1.03,1.8,0.43
2016,Q3,Financial Services,19.69,6.3,28.9,92913,18335,15264,3.23,141,143,285734,3,2016-17,2016 Q3,Tertiary,Services,Corporate / Financial,74578,3.61,1.55,High,Low,Very Low,High,Low,Export Surplus,Very High,7,4.72,0.93,0.78
2016,Q3,Retail,16.47,5.15,27.5,42105,68797,28365,5.32,153,116,38381,3,2016-17,2016 Q3,Tertiary,Services,Consumer / Business Owner,-26692,3.02,1.47,Moderate,Moderate,Very Low,Very High,Low,Import Deficit,Very Low,8,2.56,4.18,1.72
2016,Q3,Healthcare,59.32,6.48,51.3,101694,110920,28790,6.73,122,116,242001,3,2016-17,2016 Q3,Tertiary,Services,Patient / Healthcare Provider,-9226,10.88,2.75,High,High,High,Very High,Moderate,Import Deficit,Very High,9,1.71,1.87,0.49
2016,Q3,Education,70.19,2.68,209.6,39095,114571,10124,3.58,177,141,245092,3,2016-17,2016 Q3,Tertiary,Services,Student / Education Provider,-75476,12.87,11.22,Low,Low,Very High,Moderate,Extremely High,Import Deficit,Very High,10,0.56,1.63,0.14
2016,Q3,Transport,17.38,2.01,94.2,36104,69351,2577,2.18,138,145,150204,3,2016-17,2016 Q3,Tertiary,Services,Consumer / Business Owner,-33247,3.19,5.04,Low,Low,Very Low,Low,High,Import Deficit,Medium,11,2.08,3.99,0.15
2016,Q3,Tourism,38.8,5.44,78.7,24679,126924,29014,7.8,130,127,137148,3,2016-17,2016 Q3,Tertiary,Services,Consumer / Business Owner,-102245,7.11,4.21,Moderate,High,Medium,Very High,High,Import Deficit,Medium,12,0.64,3.27,0.75
2016,Q3,Real Estate,32.31,2.27,179.4,66381,37056,5505,5.4,166,108,135390,3,2016-17,2016 Q3,Tertiary,Services,Corporate / Property,29325,5.92,9.61,Low,Moderate,Low,Low,Extremely High,Export Surplus,Medium,13,2.05,1.15,0.17
2016,Q3,Communication,11.94,9.5,190.7,34989,57172,10214,7.91,105,115,178171,3,2016-17,2016 Q3,Tertiary,Services,Consumer / Corporate,-22183,2.19,10.21,Very High,High,Very Low,Moderate,Extremely High,Import Deficit,Medium,14,2.93,4.79,0.86
2016,Q3,Public Administration,75.22,4.35,165.3,139673,94706,18942,2.14,153,140,107753,3,2016-17,2016 Q3,Tertiary,Services,Government,44967,13.79,8.85,Moderate,Low,Very High,High,Extremely High,Export Surplus,Low,15,1.86,1.26,0.25
2016,Q4,Agriculture,44.04,4.85,103.7,144072,97358,24834,7.17,102,145,100616,4,2016-17,2016 Q4,Primary,Resource & Agriculture,Farmer,46714,6.87,7.73,Moderate,High,Medium,Very High,Very High,Export Surplus,Low,1,3.27,2.21,0.56
2016,Q4,Manufacturing,18.17,-0.13,126.6,113257,72543,20649,3.67,141,91,249839,4,2016-17,2016 Q4,Secondary,Production & Infrastructure,Corporate / Industrial,40714,2.84,9.44,Negative,Low,Very Low,High,Very High,Export Surplus,Very High,3,6.23,3.99,1.14
2016,Q4,Construction,35.43,8.33,113.6,141859,56005,24056,5.99,120,93,127825,4,2016-17,2016 Q4,Secondary,Production & Infrastructure,Corporate / Infrastructure,85854,5.53,8.47,High,Moderate,Low,Very High,Very High,Export Surplus,Low,4,4,1.58,0.68
2016,Q4,Mining,68.64,1.65,17.5,12614,101546,14099,6.61,137,117,181485,4,2016-17,2016 Q4,Secondary,Production & Infrastructure,Corporate / Industrial,-88932,10.71,1.3,Low,High,Very High,Moderate,Low,Import Deficit,Medium,2,0.18,1.48,0.21
2016,Q4,Electricity,48.93,1.76,67.6,91452,68706,12342,5,166,98,71127,4,2016-17,2016 Q4,Secondary,Production & Infrastructure,Corporate / Utilities,22746,7.63,5.04,Low,Moderate,Medium,Moderate,High,Export Surplus,Low,5,1.87,1.4,0.25
2016,Q4,IT Services,59.6,1.75,124.4,25603,88335,17812,3.17,122,123,246264,4,2016-17,2016 Q4,Tertiary,Services,Corporate / Professional,-62732,9.3,9.27,Low,Low,High,High,Very High,Import Deficit,Very High,6,0.43,1.48,0.3
2016,Q4,Financial Services,27.69,3.8,31.4,88512,97874,29627,2.16,155,144,143559,4,2016-17,2016 Q4,Tertiary,Services,Corporate / Financial,-9362,4.32,2.34,Moderate,Low,Low,Very High,Moderate,Import Deficit,Medium,7,3.2,3.53,1.07
2016,Q4,Retail,68.56,8.2,63,145901,13280,6694,4.17,177,90,122940,4,2016-17,2016 Q4,Tertiary,Services,Consumer / Business Owner,132621,10.7,4.7,High,Moderate,Very High,Low,High,Export Surplus,Low,8,2.13,0.19,0.1
2016,Q4,Healthcare,77.61,6.56,136.9,148501,36678,16099,4.45,135,89,268285,4,2016-17,2016 Q4,Tertiary,Services,Patient / Healthcare Provider,111823,12.11,10.21,High,Moderate,Very High,High,Very High,Export Surplus,Very High,9,1.91,0.47,0.21
2016,Q4,Education,45.91,6.43,116.9,91671,139566,11389,6.81,173,114,136358,4,2016-17,2016 Q4,Tertiary,Services,Student / Education Provider,-47895,7.16,8.72,High,High,Medium,Moderate,Very High,Import Deficit,Medium,10,2,3.04,0.25
2016,Q4,Transport,13.11,6.39,216.2,129961,41924,26819,6.17,135,100,54261,4,2016-17,2016 Q4,Tertiary,Services,Consumer / Business Owner,88037,2.05,16.12,High,High,Very Low,Very High,Extremely High,Export Surplus,Very Low,11,9.91,3.2,2.05
2016,Q4,Tourism,20.69,8.55,30.6,93663,116957,5387,5.19,126,143,264909,4,2016-17,2016 Q4,Tertiary,Services,Consumer / Business Owner,-23294,3.23,2.28,High,Moderate,Very Low,Low,Moderate,Import Deficit,Very High,12,4.53,5.65,0.26
2016,Q4,Real Estate,26.64,4.27,62,145604,28218,8490,2.92,102,94,114255,4,2016-17,2016 Q4,Tertiary,Services,Corporate / Property,117386,4.16,4.62,Moderate,Low,Low,Moderate,High,Export Surplus,Low,13,5.47,1.06,0.32
2016,Q4,Communication,36.65,6.39,23.5,128312,58393,16105,7.07,151,90,272750,4,2016-17,2016 Q4,Tertiary,Services,Consumer / Corporate,69919,5.72,1.75,High,High,Low,High,Low,Export Surplus,Very High,14,3.5,1.59,0.44
2016,Q4,Public Administration,49.21,6.66,107.4,108863,9384,13056,2.47,164,104,229431,4,2016-17,2016 Q4,Tertiary,Services,Government,99479,7.68,8.01,High,Low,Medium,Moderate,Very High,Export Surplus,High,15,2.21,0.19,0.27
2017,Q1,Agriculture,47.09,4.77,200.4,129306,130044,9062,3.37,134,86,35950,1,2017-18,2017 Q1,Primary,Resource & Agriculture,Farmer,-738,7.78,13.41,Moderate,Low,Medium,Moderate,Extremely High,Import Deficit,Very Low,1,2.75,2.76,0.19
2017,Q1,Manufacturing,39.26,8.66,214.9,85197,128654,10660,7.1,105,129,89151,1,2017-18,2017 Q1,Secondary,Production & Infrastructure,Corporate / Industrial,-43457,6.49,14.38,High,High,Medium,Moderate,Extremely High,Import Deficit,Low,3,2.17,3.28,0.27
2017,Q1,Construction,39.95,5.4,27.7,143361,8311,22880,2.04,152,131,210510,1,2017-18,2017 Q1,Secondary,Production & Infrastructure,Corporate / Infrastructure,135050,6.6,1.85,Moderate,Low,Medium,Very High,Low,Export Surplus,High,4,3.59,0.21,0.57
2017,Q1,Mining,56.43,8.3,12.4,136462,123056,19119,3.04,139,129,207530,1,2017-18,2017 Q1,Secondary,Production & Infrastructure,Corporate / Industrial,13406,9.33,0.83,High,Low,High,High,Low,Export Surplus,High,2,2.42,2.18,0.34
2017,Q1,Electricity,59.62,4.37,35.6,27780,90718,2069,5.13,104,108,113198,1,2017-18,2017 Q1,Secondary,Production & Infrastructure,Corporate / Utilities,-62938,9.86,2.38,Moderate,Moderate,High,Low,Moderate,Import Deficit,Low,5,0.47,1.52,0.03
2017,Q1,IT Services,69.7,4.86,152.8,127316,62632,23558,6.98,154,137,234189,1,2017-18,2017 Q1,Tertiary,Services,Corporate / Professional,64684,11.52,10.22,Moderate,High,Very High,Very High,Extremely High,Export Surplus,High,6,1.83,0.9,0.34
2017,Q1,Financial Services,58.23,5.73,10.6,124576,131032,16365,5.3,130,126,183231,1,2017-18,2017 Q1,Tertiary,Services,Corporate / Financial,-6456,9.63,0.71,Moderate,Moderate,High,High,Low,Import Deficit,High,7,2.14,2.25,0.28
2017,Q1,Retail,45.52,3.87,126.7,111591,136505,16701,2.15,126,87,96397,1,2017-18,2017 Q1,Tertiary,Services,Consumer / Business Owner,-24914,7.52,8.48,Moderate,Low,Medium,High,Very High,Import Deficit,Low,8,2.45,3,0.37
2017,Q1,Healthcare,19.12,6.94,194,70970,76584,19633,6.78,139,133,231983,1,2017-18,2017 Q1,Tertiary,Services,Patient / Healthcare Provider,-5614,3.16,12.98,High,High,Very Low,High,Extremely High,Import Deficit,High,9,3.71,4.01,1.03
2017,Q1,Education,15.37,7.07,204.4,72125,117136,17407,4,173,121,144323,1,2017-18,2017 Q1,Tertiary,Services,Student / Education Provider,-45011,2.54,13.68,High,Low,Very Low,High,Extremely High,Import Deficit,Medium,10,4.69,7.62,1.13
2017,Q1,Transport,42.67,-0.19,67.8,139122,21134,3295,3.68,103,117,56207,1,2017-18,2017 Q1,Tertiary,Services,Consumer / Business Owner,117988,7.05,4.54,Negative,Low,Medium,Low,High,Export Surplus,Very Low,11,3.26,0.5,0.08
2017,Q1,Tourism,20.03,5.4,13.8,38592,69413,25463,4.09,174,134,251392,1,2017-18,2017 Q1,Tertiary,Services,Consumer / Business Owner,-30821,3.31,0.92,Moderate,Moderate,Very Low,Very High,Low,Import Deficit,Very High,12,1.93,3.47,1.27
2017,Q1,Real Estate,23.39,8.33,42.5,124287,115190,18654,6.2,124,144,276272,1,2017-18,2017 Q1,Tertiary,Services,Corporate / Property,9097,3.87,2.84,High,High,Very Low,High,Moderate,Export Surplus,Very High,13,5.31,4.92,0.8
2017,Q1,Communication,55.39,4.48,71,146323,28026,10703,6.58,145,129,152019,1,2017-18,2017 Q1,Tertiary,Services,Consumer / Corporate,118297,9.16,4.75,Moderate,High,High,Moderate,High,Export Surplus,Medium,14,2.64,0.51,0.19
2017,Q1,Public Administration,13.19,5.12,120,144604,14594,28963,2.21,150,106,105892,1,2017-18,2017 Q1,Tertiary,Services,Government,130010,2.18,8.03,Moderate,Low,Very Low,Very High,Very High,Export Surplus,Low,15,10.96,1.11,2.2
2017,Q2,Agriculture,67.14,1.38,216.3,100248,105612,9935,2.15,107,116,52371,2,2017-18,2017 Q2,Primary,Resource & Agriculture,Farmer,-5364,8.8,12.27,Low,Low,Very High,Moderate,Extremely High,Import Deficit,Very Low,1,1.49,1.57,0.15
2017,Q2,Manufacturing,79.55,8.74,216.8,13985,106861,9741,2.93,165,105,121234,2,2017-18,2017 Q2,Secondary,Production & Infrastructure,Corporate / Industrial,-92876,10.42,12.3,High,Low,Very High,Moderate,Extremely High,Import Deficit,Low,3,0.18,1.34,0.12
2017,Q2,Construction,50.1,9.8,139.7,97383,23642,20363,3.71,113,112,79019,2,2017-18,2017 Q2,Secondary,Production & Infrastructure,Corporate / Infrastructure,73741,6.56,7.92,Very High,Low,Medium,High,Very High,Export Surplus,Low,4,1.94,0.47,0.41
2017,Q2,Mining,43.96,9.71,86.6,56853,82658,29241,7.21,116,136,249530,2,2017-18,2017 Q2,Secondary,Production & Infrastructure,Corporate / Industrial,-25805,5.76,4.91,Very High,High,Medium,Very High,High,Import Deficit,Very High,2,1.29,1.88,0.67
2017,Q2,Electricity,54.26,-1.31,15.1,57186,63464,28117,7.48,149,112,219126,2,2017-18,2017 Q2,Secondary,Production & Infrastructure,Corporate / Utilities,-6278,7.11,0.86,Negative,High,High,Very High,Low,Import Deficit,High,5,1.05,1.17,0.52
2017,Q2,IT Services,31.78,1.38,196.8,82907,97389,21817,2.3,132,101,284082,2,2017-18,2017 Q2,Tertiary,Services,Corporate / Professional,-14482,4.16,11.16,Low,Low,Low,High,Extremely High,Import Deficit,Very High,6,2.61,3.06,0.69
2017,Q2,Financial Services,30.78,4.43,197.5,114757,54577,7876,4.87,145,107,204802,2,2017-18,2017 Q2,Tertiary,Services,Corporate / Financial,60180,4.03,11.2,Moderate,Moderate,Low,Low,Extremely High,Export Surplus,High,7,3.73,1.77,0.26
2017,Q2,Retail,66.17,9.96,125.7,141237,66097,17856,7.11,180,122,43360,2,2017-18,2017 Q2,Tertiary,Services,Consumer / Business Owner,75140,8.67,7.13,Very High,High,Very High,High,Very High,Export Surplus,Very Low,8,2.13,1,0.27
2017,Q2,Healthcare,26.5,2.37,45.6,144821,10618,21612,6.34,115,135,298329,2,2017-18,2017 Q2,Tertiary,Services,Patient / Healthcare Provider,134203,3.47,2.59,Low,High,Low,High,Moderate,Export Surplus,Very High,9,5.46,0.4,0.82
2017,Q2,Education,73.64,-0.54,24.1,122418,113232,4944,5.09,139,98,162276,2,2017-18,2017 Q2,Tertiary,Services,Student / Education Provider,9186,9.65,1.37,Negative,Moderate,Very High,Low,Low,Export Surplus,Medium,10,1.66,1.54,0.07
2017,Q2,Transport,37.12,3.98,68.4,53766,60368,17624,2.64,130,95,79720,2,2017-18,2017 Q2,Tertiary,Services,Consumer / Business Owner,-6602,4.86,3.88,Moderate,Low,Low,High,High,Import Deficit,Low,11,1.45,1.63,0.47
2017,Q2,Tourism,45.06,-1.9,31.3,104730,103399,13837,3.19,121,120,218928,2,2017-18,2017 Q2,Tertiary,Services,Consumer / Business Owner,1331,5.9,1.78,Negative,Low,Medium,Moderate,Moderate,Export Surplus,High,12,2.32,2.29,0.31
2017,Q2,Real Estate,49.09,9.92,55.8,133370,95586,16490,4.29,154,140,162935,2,2017-18,2017 Q2,Tertiary,Services,Corporate / Property,37784,6.43,3.16,Very High,Moderate,Medium,High,Moderate,Export Surplus,Medium,13,2.72,1.95,0.34
2017,Q2,Communication,34.82,3.94,176.9,103749,81062,5342,2.04,108,85,104093,2,2017-18,2017 Q2,Tertiary,Services,Consumer / Corporate,22687,4.56,10.03,Moderate,Low,Low,Low,Extremely High,Export Surplus,Low,14,2.98,2.33,0.15
2017,Q2,Public Administration,73.34,7.25,166.7,99662,71529,4798,7.35,150,133,163541,2,2017-18,2017 Q2,Tertiary,Services,Government,28133,9.61,9.45,High,High,Very High,Low,Extremely High,Export Surplus,Medium,15,1.36,0.98,0.07
2017,Q3,Agriculture,72.4,0.82,38.4,60437,122088,7935,5.73,170,106,45481,3,2017-18,2017 Q3,Primary,Resource & Agriculture,Farmer,-61651,9.6,2.58,Low,Moderate,Very High,Moderate,Moderate,Import Deficit,Very Low,1,0.83,1.69,0.11
2017,Q3,Manufacturing,61.54,7.38,119.3,30734,104320,3817,6,167,104,34499,3,2017-18,2017 Q3,Secondary,Production & Infrastructure,Corporate / Industrial,-73586,8.16,8.03,High,Moderate,High,Low,Very High,Import Deficit,Very Low,3,0.5,1.7,0.06
2017,Q3,Construction,23.45,1.04,142.9,130376,68878,10580,7.73,136,99,197420,3,2017-18,2017 Q3,Secondary,Production & Infrastructure,Corporate / Infrastructure,61498,3.11,9.62,Low,High,Very Low,Moderate,Very High,Export Surplus,High,4,5.56,2.94,0.45
2017,Q3,Mining,20.98,9.43,183,72498,41761,14093,2.02,149,123,115785,3,2017-18,2017 Q3,Secondary,Production & Infrastructure,Corporate / Industrial,30737,2.78,12.32,Very High,Low,Very Low,Moderate,Extremely High,Export Surplus,Low,2,3.46,1.99,0.67
2017,Q3,Electricity,69.15,2.46,163.4,45299,78220,8518,7.11,134,115,21466,3,2017-18,2017 Q3,Secondary,Production & Infrastructure,Corporate / Utilities,-32921,9.17,11,Low,High,Very High,Moderate,Extremely High,Import Deficit,Very Low,5,0.66,1.13,0.12
2017,Q3,IT Services,67.41,9.02,13.4,132882,124162,27071,3.42,169,137,280302,3,2017-18,2017 Q3,Tertiary,Services,Corporate / Professional,8720,8.94,0.9,Very High,Low,Very High,Very High,Low,Export Surplus,Very High,6,1.97,1.84,0.4
2017,Q3,Financial Services,48.59,0.83,115.3,80182,92066,10023,5.37,158,144,298110,3,2017-18,2017 Q3,Tertiary,Services,Corporate / Financial,-11884,6.44,7.76,Low,Moderate,Medium,Moderate,Very High,Import Deficit,Very High,7,1.65,1.89,0.21
2017,Q3,Retail,17.32,5.93,127.6,78741,110242,4949,4.64,156,135,112134,3,2017-18,2017 Q3,Tertiary,Services,Consumer / Business Owner,-31501,2.3,8.59,Moderate,Moderate,Very Low,Low,Very High,Import Deficit,Low,8,4.55,6.37,0.29
2017,Q3,Healthcare,72.22,9.48,39.4,61883,105388,13824,4.01,112,125,297503,3,2017-18,2017 Q3,Tertiary,Services,Patient / Healthcare Provider,-43505,9.57,2.65,Very High,Moderate,Very High,Moderate,Moderate,Import Deficit,Very High,9,0.86,1.46,0.19
2017,Q3,Education,50.61,-1.82,122,55392,36802,8544,3.43,150,138,66663,3,2017-18,2017 Q3,Tertiary,Services,Student / Education Provider,18590,6.71,8.21,Negative,Low,Medium,Moderate,Very High,Export Surplus,Very Low,10,1.09,0.73,0.17
2017,Q3,Transport,66.93,8.94,28.1,35939,100236,13872,7.27,106,144,220241,3,2017-18,2017 Q3,Tertiary,Services,Consumer / Business Owner,-64297,8.87,1.89,High,High,Very High,Moderate,Low,Import Deficit,High,11,0.54,1.5,0.21
2017,Q3,Tourism,72.22,-1.58,142.6,117665,114353,25398,3.66,132,125,271649,3,2017-18,2017 Q3,Tertiary,Services,Consumer / Business Owner,3312,9.57,9.6,Negative,Low,Very High,Very High,Very High,Export Surplus,Very High,12,1.63,1.58,0.35
2017,Q3,Real Estate,23.89,1.91,144.7,78126,122691,7884,3.26,146,121,143752,3,2017-18,2017 Q3,Tertiary,Services,Corporate / Property,-44565,3.17,9.74,Low,Low,Low,Low,Very High,Import Deficit,Medium,13,3.27,5.14,0.33
2017,Q3,Communication,62.95,2.09,30.2,26321,135221,18232,4.97,144,91,219462,3,2017-18,2017 Q3,Tertiary,Services,Consumer / Corporate,-108900,8.34,2.03,Low,Moderate,High,High,Moderate,Import Deficit,High,14,0.42,2.15,0.29
2017,Q3,Public Administration,24.77,0.5,75.6,37276,122975,549,4.12,131,85,245164,3,2017-18,2017 Q3,Tertiary,Services,Government,-85699,3.28,5.09,Low,Moderate,Low,Low,High,Import Deficit,Very High,15,1.5,4.96,0.02
2017,Q4,Agriculture,28.26,5.39,69.8,108954,133743,18796,7.16,123,102,72816,4,2017-18,2017 Q4,Primary,Resource & Agriculture,Farmer,-24789,4.38,4.66,Moderate,High,Low,High,High,Import Deficit,Low,1,3.86,4.73,0.67
2017,Q4,Manufacturing,65.62,6.66,139,121569,74397,20560,2.12,138,102,53684,4,2017-18,2017 Q4,Secondary,Production & Infrastructure,Corporate / Industrial,47172,10.18,9.28,High,Low,High,High,Very High,Export Surplus,Very Low,3,1.85,1.13,0.31
2017,Q4,Construction,23.79,1.64,49.1,104769,55767,25220,4.31,102,112,107727,4,2017-18,2017 Q4,Secondary,Production & Infrastructure,Corporate / Infrastructure,49002,3.69,3.28,Low,Moderate,Low,Very High,Moderate,Export Surplus,Low,4,4.4,2.34,1.06
2017,Q4,Mining,78.09,3.83,67.8,105099,107054,8869,3.21,129,135,90779,4,2017-18,2017 Q4,Secondary,Production & Infrastructure,Corporate / Industrial,-1955,12.11,4.53,Moderate,Low,Very High,Moderate,High,Import Deficit,Low,2,1.35,1.37,0.11
2017,Q4,Electricity,39.66,8.02,39.2,111491,42090,25474,5.64,152,125,250344,4,2017-18,2017 Q4,Secondary,Production & Infrastructure,Corporate / Utilities,69401,6.15,2.62,High,Moderate,Medium,Very High,Moderate,Export Surplus,Very High,5,2.81,1.06,0.64
2017,Q4,IT Services,37.03,4.28,26.1,14248,21386,14144,3.72,168,137,221663,4,2017-18,2017 Q4,Tertiary,Services,Corporate / Professional,-7138,5.74,1.74,Moderate,Low,Low,Moderate,Low,Import Deficit,High,6,0.38,0.58,0.38
2017,Q4,Financial Services,13.61,0.45,37.4,122283,63697,21283,3.54,152,128,15386,4,2017-18,2017 Q4,Tertiary,Services,Corporate / Financial,58586,2.11,2.5,Low,Low,Very Low,High,Moderate,Export Surplus,Very Low,7,8.98,4.68,1.56
2017,Q4,Retail,28.96,-0.94,9.4,137064,25914,10645,2.87,107,94,94679,4,2017-18,2017 Q4,Tertiary,Services,Consumer / Business Owner,111150,4.49,0.63,Negative,Low,Low,Moderate,Low,Export Surplus,Low,8,4.73,0.89,0.37
2017,Q4,Healthcare,54.97,2.13,164,84626,83495,2803,4.9,127,116,203116,4,2017-18,2017 Q4,Tertiary,Services,Patient / Healthcare Provider,1131,8.53,10.95,Low,Moderate,High,Low,Extremely High,Export Surplus,High,9,1.54,1.52,0.05
2017,Q4,Education,64.6,-1.23,157.5,140897,71127,15662,7.75,174,142,110927,4,2017-18,2017 Q4,Tertiary,Services,Student / Education Provider,69770,10.02,10.52,Negative,High,High,High,Extremely High,Export Surplus,Low,10,2.18,1.1,0.24
2017,Q4,Transport,78.84,1.2,214.6,144858,137000,28788,5.38,101,85,66603,4,2017-18,2017 Q4,Tertiary,Services,Consumer / Business Owner,7858,12.23,14.33,Low,Moderate,Very High,Very High,Extremely High,Export Surplus,Very Low,11,1.84,1.74,0.37
2017,Q4,Tourism,13.15,6.9,62.5,99974,97069,22260,4.07,160,138,135960,4,2017-18,2017 Q4,Tertiary,Services,Consumer / Business Owner,2905,2.04,4.17,High,Moderate,Very Low,High,High,Export Surplus,Medium,12,7.6,7.38,1.69
2017,Q4,Real Estate,31.93,-0.72,187.3,68382,73164,18866,4.14,144,108,160793,4,2017-18,2017 Q4,Tertiary,Services,Corporate / Property,-4782,4.95,12.51,Negative,Moderate,Low,High,Extremely High,Import Deficit,Medium,13,2.14,2.29,0.59
2017,Q4,Communication,18.94,7.7,171.4,86911,114934,11548,2.1,171,116,151954,4,2017-18,2017 Q4,Tertiary,Services,Consumer / Corporate,-28023,2.94,11.45,High,Low,Very Low,Moderate,Extremely High,Import Deficit,Medium,14,4.59,6.07,0.61
2017,Q4,Public Administration,67.24,8.77,102.3,83420,20209,20292,4.67,100,113,30658,4,2017-18,2017 Q4,Tertiary,Services,Government,63211,10.43,6.83,High,Moderate,Very High,High,Very High,Export Surplus,Very Low,15,1.24,0.3,0.3
2018,Q1,Agriculture,73.5,6.8,189.2,130837,67306,28835,6.6,144,124,28598,1,2018-19,2018 Q1,Primary,Resource & Agriculture,Farmer,63531,9.05,10.96,High,High,Very High,Very High,Extremely High,Export Surplus,Very Low,1,1.78,0.92,0.39
2018,Q1,Manufacturing,22.94,-1.07,155.2,118445,87859,19763,3.36,118,88,294639,1,2018-19,2018 Q1,Secondary,Production & Infrastructure,Corporate / Industrial,30586,2.83,8.99,Negative,Low,Very Low,High,Extremely High,Export Surplus,Very High,3,5.16,3.83,0.86
2018,Q1,Construction,79.04,5.71,153.3,70141,45170,1093,4.2,158,111,263900,1,2018-19,2018 Q1,Secondary,Production & Infrastructure,Corporate / Infrastructure,24971,9.73,8.88,Moderate,Moderate,Very High,Low,Extremely High,Export Surplus,Very High,4,0.89,0.57,0.01
2018,Q1,Mining,76.83,9.82,149.4,100011,87448,18568,3.54,109,116,229148,1,2018-19,2018 Q1,Secondary,Production & Infrastructure,Corporate / Industrial,12563,9.46,8.65,Very High,Low,Very High,High,Very High,Export Surplus,High,2,1.3,1.14,0.24
2018,Q1,Electricity,32.08,5.55,15,91993,75494,17088,6.07,173,99,258073,1,2018-19,2018 Q1,Secondary,Production & Infrastructure,Corporate / Utilities,16499,3.95,0.87,Moderate,High,Low,High,Low,Export Surplus,Very High,5,2.87,2.35,0.53
2018,Q1,IT Services,77.29,0.7,210.8,43912,78439,14235,2.72,164,108,283909,1,2018-19,2018 Q1,Tertiary,Services,Corporate / Professional,-34527,9.52,12.21,Low,Low,Very High,Moderate,Extremely High,Import Deficit,Very High,6,0.57,1.01,0.18
2018,Q1,Financial Services,54.93,2,128.5,85087,44108,19027,7.11,132,92,84474,1,2018-19,2018 Q1,Tertiary,Services,Corporate / Financial,40979,6.77,7.44,Low,High,High,High,Very High,Export Surplus,Low,7,1.55,0.8,0.35
2018,Q1,Retail,77.91,4.54,22.2,84937,94000,11008,4.7,148,93,115569,1,2018-19,2018 Q1,Tertiary,Services,Consumer / Business Owner,-9063,9.6,1.29,Moderate,Moderate,Very High,Moderate,Low,Import Deficit,Low,8,1.09,1.21,0.14
2018,Q1,Healthcare,48.85,9.69,191,107479,107393,11292,2.88,149,106,107531,1,2018-19,2018 Q1,Tertiary,Services,Patient / Healthcare Provider,86,6.02,11.06,Very High,Low,Medium,Moderate,Extremely High,Export Surplus,Low,9,2.2,2.2,0.23
2018,Q1,Education,24.16,9.48,81.5,26752,94711,1796,5.94,160,126,132399,1,2018-19,2018 Q1,Tertiary,Services,Student / Education Provider,-67959,2.98,4.72,Very High,Moderate,Low,Low,High,Import Deficit,Medium,10,1.11,3.92,0.07
2018,Q1,Transport,56.71,1.79,135.4,121657,13056,21065,2.11,177,119,86446,1,2018-19,2018 Q1,Tertiary,Services,Consumer / Business Owner,108601,6.98,7.84,Low,Low,High,High,Very High,Export Surplus,Low,11,2.15,0.23,0.37
2018,Q1,Tourism,67.2,5.09,28.1,85965,66474,11801,2.76,155,135,58939,1,2018-19,2018 Q1,Tertiary,Services,Consumer / Business Owner,19491,8.28,1.63,Moderate,Low,Very High,Moderate,Low,Export Surplus,Very Low,12,1.28,0.99,0.18
2018,Q1,Real Estate,17.33,-0.78,31.8,148365,137399,25456,3.1,167,108,89031,1,2018-19,2018 Q1,Tertiary,Services,Corporate / Property,10966,2.13,1.84,Negative,Low,Very Low,Very High,Moderate,Export Surplus,Low,13,8.56,7.93,1.47
2018,Q1,Communication,67.32,7.68,195.7,113304,29177,13939,4.56,161,96,226274,1,2018-19,2018 Q1,Tertiary,Services,Consumer / Corporate,84127,8.29,11.34,High,Moderate,Very High,Moderate,Extremely High,Export Surplus,High,14,1.68,0.43,0.21
2018,Q1,Public Administration,35.85,5.7,39.3,93225,82771,14788,4.95,102,105,191824,1,2018-19,2018 Q1,Tertiary,Services,Government,10454,4.42,2.28,Moderate,Moderate,Low,Moderate,Moderate,Export Surplus,High,15,2.6,2.31,0.41
2018,Q2,Agriculture,77.63,-0.45,50.4,140971,74640,6874,6.16,173,133,10018,2,2018-19,2018 Q2,Primary,Resource & Agriculture,Farmer,66331,11.99,3.26,Negative,High,Very High,Low,Moderate,Export Surplus,Very Low,1,1.82,0.96,0.09
2018,Q2,Manufacturing,29.82,1.42,172.8,34586,84327,29317,2.74,152,121,72273,2,2018-19,2018 Q2,Secondary,Production & Infrastructure,Corporate / Industrial,-49741,4.61,11.19,Low,Low,Low,Very High,Extremely High,Import Deficit,Low,3,1.16,2.83,0.98
2018,Q2,Construction,22.82,0.44,18.5,137611,120098,12102,5.49,130,125,207692,2,2018-19,2018 Q2,Secondary,Production & Infrastructure,Corporate / Infrastructure,17513,3.52,1.2,Low,Moderate,Very Low,Moderate,Low,Export Surplus,High,4,6.03,5.26,0.53
2018,Q2,Mining,25.85,3.66,179.9,37964,12381,1539,5.22,164,113,60089,2,2018-19,2018 Q2,Secondary,Production & Infrastructure,Corporate / Industrial,25583,3.99,11.65,Moderate,Moderate,Low,Low,Extremely High,Export Surplus,Very Low,2,1.47,0.48,0.06
2018,Q2,Electricity,49.97,2.67,189.2,44221,12200,15162,2.16,134,128,277516,2,2018-19,2018 Q2,Secondary,Production & Infrastructure,Corporate / Utilities,32021,7.72,12.25,Low,Low,Medium,High,Extremely High,Export Surplus,Very High,5,0.88,0.24,0.3
2018,Q2,IT Services,20.38,0.96,12,23822,138846,5419,4.46,169,100,107335,2,2018-19,2018 Q2,Tertiary,Services,Corporate / Professional,-115024,3.15,0.78,Low,Moderate,Very Low,Low,Low,Import Deficit,Low,6,1.17,6.81,0.27
2018,Q2,Financial Services,64.86,7.61,35.6,38441,112994,10873,2.59,175,138,181221,2,2018-19,2018 Q2,Tertiary,Services,Corporate / Financial,-74553,10.02,2.3,High,Low,High,Moderate,Moderate,Import Deficit,Medium,7,0.59,1.74,0.17
2018,Q2,Retail,23.9,-1.51,160.8,90479,93684,15106,3.17,144,137,298471,2,2018-19,2018 Q2,Tertiary,Services,Consumer / Business Owner,-3205,3.69,10.41,Negative,Low,Low,High,Extremely High,Import Deficit,Very High,8,3.79,3.92,0.63
2018,Q2,Healthcare,59.36,9.19,79.5,62333,137649,23506,4.91,110,128,271960,2,2018-19,2018 Q2,Tertiary,Services,Patient / Healthcare Provider,-75316,9.17,5.15,Very High,Moderate,High,Very High,High,Import Deficit,Very High,9,1.05,2.32,0.4
2018,Q2,Education,23.71,7.51,7.8,48830,96136,11107,3.16,145,113,44370,2,2018-19,2018 Q2,Tertiary,Services,Student / Education Provider,-47306,3.66,0.5,High,Low,Very Low,Moderate,Low,Import Deficit,Very Low,10,2.06,4.05,0.47
2018,Q2,Transport,67.32,4.54,123.7,82974,119565,916,2.89,141,143,14773,2,2018-19,2018 Q2,Tertiary,Services,Consumer / Business Owner,-36591,10.4,8.01,Moderate,Low,Very High,Low,Very High,Import Deficit,Very Low,11,1.23,1.78,0.01
2018,Q2,Tourism,72.59,0.72,142.8,39455,52898,16377,7.9,120,110,89413,2,2018-19,2018 Q2,Tertiary,Services,Consumer / Business Owner,-13443,11.21,9.24,Low,High,Very High,High,Very High,Import Deficit,Low,12,0.54,0.73,0.23
2018,Q2,Real Estate,64.35,1.22,80.4,99807,73949,27430,5.34,149,127,208828,2,2018-19,2018 Q2,Tertiary,Services,Corporate / Property,25858,9.94,5.2,Low,Moderate,High,Very High,High,Export Surplus,High,13,1.55,1.15,0.43
2018,Q2,Communication,26.17,0.28,121.4,133058,39663,23266,6.29,155,125,13600,2,2018-19,2018 Q2,Tertiary,Services,Consumer / Corporate,93395,4.04,7.86,Low,High,Low,Very High,Very High,Export Surplus,Very Low,14,5.08,1.52,0.89
2018,Q2,Public Administration,18.82,-1.76,170,120598,15418,17583,6.41,102,93,194819,2,2018-19,2018 Q2,Tertiary,Services,Government,105180,2.91,11,Negative,High,Very Low,High,Extremely High,Export Surplus,High,15,6.41,0.82,0.93
2018,Q3,Agriculture,69.77,-0.76,116.5,60536,20830,6861,6.38,103,126,154221,3,2018-19,2018 Q3,Primary,Resource & Agriculture,Farmer,39706,10.89,6.77,Negative,High,Very High,Low,Very High,Export Surplus,Medium,1,0.87,0.3,0.1
2018,Q3,Manufacturing,75.82,8.01,98.1,101668,61079,24694,2.96,176,112,128986,3,2018-19,2018 Q3,Secondary,Production & Infrastructure,Corporate / Industrial,40589,11.83,5.7,High,Low,Very High,Very High,High,Export Surplus,Low,3,1.34,0.81,0.33
2018,Q3,Construction,45.03,9.48,5.7,81679,15816,5042,5.86,145,145,112709,3,2018-19,2018 Q3,Secondary,Production & Infrastructure,Corporate / Infrastructure,65863,7.03,0.33,Very High,Moderate,Medium,Low,Low,Export Surplus,Low,4,1.81,0.35,0.11
2018,Q3,Mining,22.79,9.92,24.8,118983,32933,5793,7.15,171,96,224056,3,2018-19,2018 Q3,Secondary,Production & Infrastructure,Corporate / Industrial,86050,3.56,1.44,Very High,High,Very Low,Low,Low,Export Surplus,High,2,5.22,1.45,0.25
2018,Q3,Electricity,62.14,3.15,203.3,66279,113165,14964,2.6,152,108,187306,3,2018-19,2018 Q3,Secondary,Production & Infrastructure,Corporate / Utilities,-46886,9.69,11.81,Moderate,Low,High,High,Extremely High,Import Deficit,High,5,1.07,1.82,0.24
2018,Q3,IT Services,42.74,3.22,86.7,79147,47993,13870,6.78,141,117,55317,3,2018-19,2018 Q3,Tertiary,Services,Corporate / Professional,31154,6.67,5.04,Moderate,High,Medium,Moderate,High,Export Surplus,Very Low,6,1.85,1.12,0.32
2018,Q3,Financial Services,30.05,8.02,80.1,97306,115321,19746,6.19,159,108,178005,3,2018-19,2018 Q3,Tertiary,Services,Corporate / Financial,-18015,4.69,4.65,High,High,Low,High,High,Import Deficit,Medium,7,3.24,3.84,0.66
2018,Q3,Retail,46.55,5.92,108.2,43993,15198,2711,5.12,170,97,11493,3,2018-19,2018 Q3,Tertiary,Services,Consumer / Business Owner,28795,7.26,6.29,Moderate,Moderate,Medium,Low,Very High,Export Surplus,Very Low,8,0.95,0.33,0.06
2018,Q3,Healthcare,27.78,1.17,101.4,106069,72137,11291,7.62,118,108,276107,3,2018-19,2018 Q3,Tertiary,Services,Patient / Healthcare Provider,33932,4.33,5.89,Low,High,Low,Moderate,Very High,Export Surplus,Very High,9,3.82,2.6,0.41
2018,Q3,Education,73.77,-0.33,83.3,95335,47726,13572,2.67,141,137,151021,3,2018-19,2018 Q3,Tertiary,Services,Student / Education Provider,47609,11.51,4.84,Negative,Low,Very High,Moderate,High,Export Surplus,Medium,10,1.29,0.65,0.18
2018,Q3,Transport,11.89,5.5,146.9,103634,133516,16848,3.33,126,109,169457,3,2018-19,2018 Q3,Tertiary,Services,Consumer / Business Owner,-29882,1.86,8.54,Moderate,Low,Very Low,High,Very High,Import Deficit,Medium,11,8.72,11.23,1.42
2018,Q3,Tourism,22.89,1.66,112.3,13591,24563,29472,7.78,125,96,273930,3,2018-19,2018 Q3,Tertiary,Services,Consumer / Business Owner,-10972,3.57,6.53,Low,High,Very Low,Very High,Very High,Import Deficit,Very High,12,0.59,1.07,1.29
2018,Q3,Real Estate,54.97,2.45,130.3,87223,44682,22351,5.19,163,120,89608,3,2018-19,2018 Q3,Tertiary,Services,Corporate / Property,42541,8.58,7.57,Low,Moderate,High,Very High,Very High,Export Surplus,Low,13,1.59,0.81,0.41
2018,Q3,Communication,37.21,5.79,217.2,84905,24075,2923,5.74,150,129,71393,3,2018-19,2018 Q3,Tertiary,Services,Consumer / Corporate,60830,5.81,12.62,Moderate,Moderate,Low,Low,Extremely High,Export Surplus,Low,14,2.28,0.65,0.08
2018,Q3,Public Administration,17.56,3.83,206.2,29316,76263,18336,2.27,100,110,277800,3,2018-19,2018 Q3,Tertiary,Services,Government,-46947,2.74,11.98,Moderate,Low,Very Low,High,Extremely High,Import Deficit,Very High,15,1.67,4.34,1.04
2018,Q4,Agriculture,26.77,-0.82,41.7,80361,124559,27932,3.77,113,132,200405,4,2018-19,2018 Q4,Primary,Resource & Agriculture,Farmer,-44198,3.89,2.75,Negative,Low,Low,Very High,Moderate,Import Deficit,High,1,3,4.65,1.04
2018,Q4,Manufacturing,58.66,6.26,145,38035,59117,10377,4.18,136,133,184846,4,2018-19,2018 Q4,Secondary,Production & Infrastructure,Corporate / Industrial,-21082,8.52,9.56,High,Moderate,High,Moderate,Very High,Import Deficit,High,3,0.65,1.01,0.18
2018,Q4,Construction,74.37,-0.2,102,95418,15823,10866,5.89,156,141,297423,4,2018-19,2018 Q4,Secondary,Production & Infrastructure,Corporate / Infrastructure,79595,10.8,6.73,Negative,Moderate,Very High,Moderate,Very High,Export Surplus,Very High,4,1.28,0.21,0.15
2018,Q4,Mining,33.79,3.62,182,42736,124997,12918,3.53,177,106,255011,4,2018-19,2018 Q4,Secondary,Production & Infrastructure,Corporate / Industrial,-82261,4.91,12,Moderate,Low,Low,Moderate,Extremely High,Import Deficit,Very High,2,1.26,3.7,0.38
2018,Q4,Electricity,54.7,7.13,127.4,91221,9313,8464,5.48,167,90,287263,4,2018-19,2018 Q4,Secondary,Production & Infrastructure,Corporate / Utilities,81908,7.94,8.4,High,Moderate,High,Moderate,Very High,Export Surplus,Very High,5,1.67,0.17,0.15
2018,Q4,IT Services,27.34,-0.16,75.7,45815,40360,18553,7.33,124,96,82180,4,2018-19,2018 Q4,Tertiary,Services,Corporate / Professional,5455,3.97,4.99,Negative,High,Low,High,High,Export Surplus,Low,6,1.68,1.48,0.68
2018,Q4,Financial Services,72.11,0.66,134.5,60220,116843,13534,5.43,113,95,234975,4,2018-19,2018 Q4,Tertiary,Services,Corporate / Financial,-56623,10.47,8.87,Low,Moderate,Very High,Moderate,Very High,Import Deficit,High,7,0.84,1.62,0.19
2018,Q4,Retail,64.33,0.31,66.5,85776,74860,28763,5.24,167,145,45199,4,2018-19,2018 Q4,Tertiary,Services,Consumer / Business Owner,10916,9.34,4.39,Low,Moderate,High,Very High,High,Export Surplus,Very Low,8,1.33,1.16,0.45
2018,Q4,Healthcare,47.06,-1.97,32.8,72348,89814,20837,6.27,126,122,270827,4,2018-19,2018 Q4,Tertiary,Services,Patient / Healthcare Provider,-17466,6.83,2.16,Negative,High,Medium,High,Moderate,Import Deficit,Very High,9,1.54,1.91,0.44
2018,Q4,Education,47.14,4.77,21.2,38078,113987,27173,3.48,141,126,243959,4,2018-19,2018 Q4,Tertiary,Services,Student / Education Provider,-75909,6.84,1.4,Moderate,Low,Medium,Very High,Low,Import Deficit,Very High,10,0.81,2.42,0.58
2018,Q4,Transport,35.75,-1.19,35.5,31430,81558,20174,5.72,174,114,299092,4,2018-19,2018 Q4,Tertiary,Services,Consumer / Business Owner,-50128,5.19,2.34,Negative,Moderate,Low,High,Moderate,Import Deficit,Very High,11,0.88,2.28,0.56
2018,Q4,Tourism,48.09,2.03,85.2,25482,124512,11431,3.17,134,114,165656,4,2018-19,2018 Q4,Tertiary,Services,Consumer / Business Owner,-99030,6.98,5.62,Low,Low,Medium,Moderate,High,Import Deficit,Medium,12,0.53,2.59,0.24
2018,Q4,Real Estate,48.55,2.79,208.8,95253,41553,9219,3.75,167,135,168261,4,2018-19,2018 Q4,Tertiary,Services,Corporate / Property,53700,7.05,13.77,Low,Low,Medium,Moderate,Extremely High,Export Surplus,Medium,13,1.96,0.86,0.19
2018,Q4,Communication,15.56,8.9,43.6,103893,23021,10611,2.58,134,98,252987,4,2018-19,2018 Q4,Tertiary,Services,Consumer / Corporate,80872,2.26,2.88,High,Low,Very Low,Moderate,Moderate,Export Surplus,Very High,14,6.68,1.48,0.68
2018,Q4,Public Administration,34.49,4.22,214.3,68072,51868,7244,7.86,112,113,71858,4,2018-19,2018 Q4,Tertiary,Services,Government,16204,5.01,14.13,Moderate,High,Low,Low,Extremely High,Export Surplus,Low,15,1.97,1.5,0.21
2019,Q1,Agriculture,55.53,9.59,137.2,29246,60233,3721,2.66,177,98,178224,1,2019-20,2019 Q1,Primary,Resource & Agriculture,Farmer,-30987,8.09,7.94,Very High,Low,High,Low,Very High,Import Deficit,Medium,1,0.53,1.08,0.07
2019,Q1,Manufacturing,44.45,5.41,199.1,34936,138686,3083,4.25,111,131,30255,1,2019-20,2019 Q1,Secondary,Production & Infrastructure,Corporate / Industrial,-103750,6.48,11.53,Moderate,Moderate,Medium,Low,Extremely High,Import Deficit,Very Low,3,0.79,3.12,0.07
2019,Q1,Construction,68.37,6.67,36.2,31861,122710,3845,6.79,170,139,129815,1,2019-20,2019 Q1,Secondary,Production & Infrastructure,Corporate / Infrastructure,-90849,9.96,2.1,High,High,Very High,Low,Moderate,Import Deficit,Medium,4,0.47,1.79,0.06
2019,Q1,Mining,32.2,-0.74,86.9,97058,138777,24399,2.3,141,124,177956,1,2019-20,2019 Q1,Secondary,Production & Infrastructure,Corporate / Industrial,-41719,4.69,5.03,Negative,Low,Low,Very High,High,Import Deficit,Medium,2,3.01,4.31,0.76
2019,Q1,Electricity,64.85,-1.74,146.5,35811,41762,13186,2.98,157,141,138117,1,2019-20,2019 Q1,Secondary,Production & Infrastructure,Corporate / Utilities,-5951,9.45,8.48,Negative,Low,High,Moderate,Very High,Import Deficit,Medium,5,0.55,0.64,0.2
2019,Q1,IT Services,23.8,2.23,55.1,25611,118374,19137,6.83,174,104,231455,1,2019-20,2019 Q1,Tertiary,Services,Corporate / Professional,-92763,3.47,3.19,Low,High,Low,High,Moderate,Import Deficit,High,6,1.08,4.97,0.8
2019,Q1,Financial Services,66.73,-0.13,58.1,42061,86391,23496,7.51,133,111,110336,1,2019-20,2019 Q1,Tertiary,Services,Corporate / Financial,-44330,9.72,3.36,Negative,High,Very High,Very High,Moderate,Import Deficit,Low,7,0.63,1.29,0.35
2019,Q1,Retail,70.5,0.61,114.4,37766,36322,4795,7.11,155,126,262962,1,2019-20,2019 Q1,Tertiary,Services,Consumer / Business Owner,1444,10.27,6.62,Low,High,Very High,Low,Very High,Export Surplus,Very High,8,0.54,0.52,0.07
2019,Q1,Healthcare,13.84,5.47,186.5,55890,96077,1624,4.76,136,122,168642,1,2019-20,2019 Q1,Tertiary,Services,Patient / Healthcare Provider,-40187,2.02,10.8,Moderate,Moderate,Very Low,Low,Extremely High,Import Deficit,Medium,9,4.04,6.94,0.12
2019,Q1,Education,65.23,-0.38,84.7,92425,11611,27169,2.38,159,103,26854,1,2019-20,2019 Q1,Tertiary,Services,Student / Education Provider,80814,9.51,4.9,Negative,Low,High,Very High,High,Export Surplus,Very Low,10,1.42,0.18,0.42
2019,Q1,Transport,48.04,7.94,159.5,86849,52644,1781,7.49,139,87,31431,1,2019-20,2019 Q1,Tertiary,Services,Consumer / Business Owner,34205,7,9.23,High,High,Medium,Low,Extremely High,Export Surplus,Very Low,11,1.81,1.1,0.04
2019,Q1,Tourism,34.69,8.99,181.2,69602,103887,10542,6.97,130,138,240142,1,2019-20,2019 Q1,Tertiary,Services,Consumer / Business Owner,-34285,5.06,10.49,High,High,Low,Moderate,Extremely High,Import Deficit,High,12,2.01,2.99,0.3
2019,Q1,Real Estate,67.32,3.27,80.9,111424,10725,20943,3.83,138,126,263832,1,2019-20,2019 Q1,Tertiary,Services,Corporate / Property,100699,9.81,4.68,Moderate,Low,Very High,High,High,Export Surplus,Very High,13,1.66,0.16,0.31
2019,Q1,Communication,10.17,6.59,132.5,82737,51809,11859,2.83,161,96,128841,1,2019-20,2019 Q1,Tertiary,Services,Consumer / Corporate,30928,1.48,7.67,High,Low,Very Low,Moderate,Very High,Export Surplus,Low,14,8.14,5.09,1.17
2019,Q1,Public Administration,20.52,2.49,68.7,146474,124412,4248,3.63,124,145,227307,1,2019-20,2019 Q1,Tertiary,Services,Government,22062,2.99,3.98,Low,Low,Very Low,Low,High,Export Surplus,High,15,7.14,6.06,0.21
2019,Q2,Agriculture,27.76,1.46,181.9,136568,55258,26923,5.34,163,114,186942,2,2019-20,2019 Q2,Primary,Resource & Agriculture,Farmer,81310,5.11,10,Low,Moderate,Low,Very High,Extremely High,Export Surplus,High,1,4.92,1.99,0.97
2019,Q2,Manufacturing,12.47,4.58,194.8,144370,77249,26141,7.22,140,118,154449,2,2019-20,2019 Q2,Secondary,Production & Infrastructure,Corporate / Industrial,67121,2.3,10.71,Moderate,High,Very Low,Very High,Extremely High,Export Surplus,Medium,3,11.58,6.19,2.1
2019,Q2,Construction,64.66,4.03,37.9,131391,65946,16869,6.71,158,101,277292,2,2019-20,2019 Q2,Secondary,Production & Infrastructure,Corporate / Infrastructure,65445,11.91,2.08,Moderate,High,High,High,Moderate,Export Surplus,Very High,4,2.03,1.02,0.26
2019,Q2,Mining,70.14,-1.75,208.1,107732,38482,18178,3.72,178,141,151358,2,2019-20,2019 Q2,Secondary,Production & Infrastructure,Corporate / Industrial,69250,12.92,11.45,Negative,Low,Very High,High,Extremely High,Export Surplus,Medium,2,1.54,0.55,0.26
2019,Q2,Electricity,12.95,-1.68,210.8,23042,67931,12665,3.47,146,118,108665,2,2019-20,2019 Q2,Secondary,Production & Infrastructure,Corporate / Utilities,-44889,2.39,11.59,Negative,Low,Very Low,Moderate,Extremely High,Import Deficit,Low,5,1.78,5.25,0.98
2019,Q2,IT Services,10.95,4.92,210.8,132469,17143,2887,6.77,123,101,100587,2,2019-20,2019 Q2,Tertiary,Services,Corporate / Professional,115326,2.02,11.59,Moderate,High,Very Low,Low,Extremely High,Export Surplus,Low,6,12.1,1.57,0.26
2019,Q2,Financial Services,53.71,5.48,20.9,96692,61813,25499,4.37,172,132,112361,2,2019-20,2019 Q2,Tertiary,Services,Corporate / Financial,34879,9.89,1.15,Moderate,Moderate,High,Very High,Low,Export Surplus,Low,7,1.8,1.15,0.47
2019,Q2,Retail,60.25,4.45,117.2,138975,63990,14940,6.15,132,141,68694,2,2019-20,2019 Q2,Tertiary,Services,Consumer / Business Owner,74985,11.1,6.45,Moderate,High,High,High,Very High,Export Surplus,Very Low,8,2.31,1.06,0.25
2019,Q2,Healthcare,27.68,1.42,80.5,41200,117066,26889,4.3,153,92,64228,2,2019-20,2019 Q2,Tertiary,Services,Patient / Healthcare Provider,-75866,5.1,4.43,Low,Moderate,Low,Very High,High,Import Deficit,Very Low,9,1.49,4.23,0.97
2019,Q2,Education,10.21,7.22,24.2,126588,51484,17583,4.26,126,139,49214,2,2019-20,2019 Q2,Tertiary,Services,Student / Education Provider,75104,1.88,1.33,High,Moderate,Very Low,High,Low,Export Surplus,Very Low,10,12.4,5.04,1.72
2019,Q2,Transport,54.51,4.52,65,142282,77225,1296,4.41,122,101,222665,2,2019-20,2019 Q2,Tertiary,Services,Consumer / Business Owner,65057,10.04,3.58,Moderate,Moderate,High,Low,High,Export Surplus,High,11,2.61,1.42,0.02
2019,Q2,Tourism,74.26,6.01,88.8,75256,56324,25057,6.37,101,133,275437,2,2019-20,2019 Q2,Tertiary,Services,Consumer / Business Owner,18932,13.68,4.88,High,High,Very High,Very High,High,Export Surplus,Very High,12,1.01,0.76,0.34
2019,Q2,Real Estate,15.39,5.06,112.4,132557,16342,7211,6.49,106,94,222656,2,2019-20,2019 Q2,Tertiary,Services,Corporate / Property,116215,2.83,6.18,Moderate,High,Very Low,Low,Very High,Export Surplus,High,13,8.61,1.06,0.47
2019,Q2,Communication,23.74,3.5,209.9,87283,9592,21886,6.13,115,118,14612,2,2019-20,2019 Q2,Tertiary,Services,Consumer / Corporate,77691,4.37,11.55,Moderate,High,Low,High,Extremely High,Export Surplus,Very Low,14,3.68,0.4,0.92
2019,Q2,Public Administration,24.28,3.21,54.9,78420,83918,3634,2.15,117,124,250002,2,2019-20,2019 Q2,Tertiary,Services,Government,-5498,4.47,3.02,Moderate,Low,Low,Low,Moderate,Import Deficit,Very High,15,3.23,3.46,0.15
2019,Q3,Agriculture,14.5,7.05,70.6,130907,57743,15610,5.37,121,93,173245,3,2019-20,2019 Q3,Primary,Resource & Agriculture,Farmer,73164,2.14,3.52,High,Moderate,Very Low,High,High,Export Surplus,Medium,1,9.03,3.98,1.08
2019,Q3,Manufacturing,45.51,9.66,217.3,133092,107500,7466,5.31,176,122,41588,3,2019-20,2019 Q3,Secondary,Production & Infrastructure,Corporate / Industrial,25592,6.73,10.82,Very High,Moderate,Medium,Low,Extremely High,Export Surplus,Very Low,3,2.92,2.36,0.16
2019,Q3,Construction,22,0.37,109.2,14379,14194,10066,7.41,143,93,155183,3,2019-20,2019 Q3,Secondary,Production & Infrastructure,Corporate / Infrastructure,185,3.25,5.44,Low,High,Very Low,Moderate,Very High,Export Surplus,Medium,4,0.65,0.65,0.46
2019,Q3,Mining,72.78,3.01,100.9,69616,124710,19612,5.93,176,116,30452,3,2019-20,2019 Q3,Secondary,Production & Infrastructure,Corporate / Industrial,-55094,10.76,5.03,Moderate,Moderate,Very High,High,Very High,Import Deficit,Very Low,2,0.96,1.71,0.27
2019,Q3,Electricity,25.57,1.48,186.2,84394,123015,15300,2.73,113,89,116459,3,2019-20,2019 Q3,Secondary,Production & Infrastructure,Corporate / Utilities,-38621,3.78,9.28,Low,Low,Low,High,Extremely High,Import Deficit,Low,5,3.3,4.81,0.6
2019,Q3,IT Services,44.36,8.01,150.5,56267,81362,27034,2.9,118,99,206223,3,2019-20,2019 Q3,Tertiary,Services,Corporate / Professional,-25095,6.56,7.5,High,Low,Medium,Very High,Extremely High,Import Deficit,High,6,1.27,1.83,0.61
2019,Q3,Financial Services,31.19,2.03,113.7,89807,89116,5883,5.79,161,138,114292,3,2019-20,2019 Q3,Tertiary,Services,Corporate / Financial,691,4.61,5.66,Low,Moderate,Low,Low,Very High,Export Surplus,Low,7,2.88,2.86,0.19
2019,Q3,Retail,48.38,3.47,158.4,144412,129696,13657,5.29,135,114,47032,3,2019-20,2019 Q3,Tertiary,Services,Consumer / Business Owner,14716,7.16,7.89,Moderate,Moderate,Medium,Moderate,Extremely High,Export Surplus,Very Low,8,2.98,2.68,0.28
2019,Q3,Healthcare,74.68,7.06,119,19917,43622,2582,3.93,163,101,240104,3,2019-20,2019 Q3,Tertiary,Services,Patient / Healthcare Provider,-23705,11.05,5.93,High,Low,Very High,Low,Very High,Import Deficit,High,9,0.27,0.58,0.03
2019,Q3,Education,35.9,7.16,47.2,83912,114594,8039,7.27,137,106,57147,3,2019-20,2019 Q3,Tertiary,Services,Student / Education Provider,-30682,5.31,2.35,High,High,Low,Moderate,Moderate,Import Deficit,Very Low,10,2.34,3.19,0.22
2019,Q3,Transport,31.51,1.61,86.2,110891,125944,28902,7.14,127,104,233803,3,2019-20,2019 Q3,Tertiary,Services,Consumer / Business Owner,-15053,4.66,4.29,Low,High,Low,Very High,High,Import Deficit,High,11,3.52,4,0.92
2019,Q3,Tourism,60.28,3.12,213.5,34216,118230,9781,2.04,155,94,161148,3,2019-20,2019 Q3,Tertiary,Services,Consumer / Business Owner,-84014,8.92,10.64,Moderate,Low,High,Moderate,Extremely High,Import Deficit,Medium,12,0.57,1.96,0.16
2019,Q3,Real Estate,63.01,8.72,103.9,66957,60818,10312,7.58,129,132,28386,3,2019-20,2019 Q3,Tertiary,Services,Corporate / Property,6139,9.32,5.18,High,High,High,Moderate,Very High,Export Surplus,Very Low,13,1.06,0.97,0.16
2019,Q3,Communication,42.95,1.6,216.9,114064,108724,27120,5.41,114,132,138581,3,2019-20,2019 Q3,Tertiary,Services,Consumer / Corporate,5340,6.35,10.81,Low,Moderate,Medium,Very High,Extremely High,Export Surplus,Medium,14,2.66,2.53,0.63
2019,Q3,Public Administration,63.5,3.5,113.9,124867,111791,23496,4.78,171,108,198875,3,2019-20,2019 Q3,Tertiary,Services,Government,13076,9.39,5.67,Moderate,Moderate,High,Very High,Very High,Export Surplus,High,15,1.97,1.76,0.37
2019,Q4,Agriculture,77.17,9.96,28.5,144098,67408,17039,5.16,153,127,213654,4,2019-20,2019 Q4,Primary,Resource & Agriculture,Farmer,76690,12.41,2.13,Very High,Moderate,Very High,High,Low,Export Surplus,High,1,1.87,0.87,0.22
2019,Q4,Manufacturing,18.46,-1.85,177.9,64368,41376,5237,7.77,129,85,253605,4,2019-20,2019 Q4,Secondary,Production & Infrastructure,Corporate / Industrial,22992,2.97,13.29,Negative,High,Very Low,Low,Extremely High,Export Surplus,Very High,3,3.49,2.24,0.28
2019,Q4,Construction,70.91,4.86,13.1,109466,119557,24674,2.73,125,99,245584,4,2019-20,2019 Q4,Secondary,Production & Infrastructure,Corporate / Infrastructure,-10091,11.41,0.98,Moderate,Low,Very High,Very High,Low,Import Deficit,Very High,4,1.54,1.69,0.35
2019,Q4,Mining,39.31,8,92.1,135522,12526,28113,6.11,148,118,99416,4,2019-20,2019 Q4,Secondary,Production & Infrastructure,Corporate / Industrial,122996,6.32,6.88,High,High,Medium,Very High,High,Export Surplus,Low,2,3.45,0.32,0.72
2019,Q4,Electricity,44.18,6.95,197.4,22015,27522,25294,7.94,135,93,185480,4,2019-20,2019 Q4,Secondary,Production & Infrastructure,Corporate / Utilities,-5507,7.11,14.75,High,High,Medium,Very High,Extremely High,Import Deficit,High,5,0.5,0.62,0.57
2019,Q4,IT Services,26.25,7.24,175.9,74918,116271,22765,2.44,175,120,226297,4,2019-20,2019 Q4,Tertiary,Services,Corporate / Professional,-41353,4.22,13.15,High,Low,Low,Very High,Extremely High,Import Deficit,High,6,2.85,4.43,0.87
2019,Q4,Financial Services,12.47,2.55,39.9,79768,82570,7933,6.83,125,118,201145,4,2019-20,2019 Q4,Tertiary,Services,Corporate / Financial,-2802,2.01,2.98,Low,High,Very Low,Moderate,Moderate,Import Deficit,High,7,6.4,6.62,0.64
2019,Q4,Retail,14.74,2.82,9.4,136966,127099,19740,5.31,163,101,286387,4,2019-20,2019 Q4,Tertiary,Services,Consumer / Business Owner,9867,2.37,0.7,Low,Moderate,Very Low,High,Low,Export Surplus,Very High,8,9.29,8.62,1.34
2019,Q4,Healthcare,13.04,-1.05,160.4,78772,95019,21355,3.79,112,90,142479,4,2019-20,2019 Q4,Tertiary,Services,Patient / Healthcare Provider,-16247,2.1,11.99,Negative,Low,Very Low,High,Extremely High,Import Deficit,Medium,9,6.04,7.29,1.64
2019,Q4,Education,39.65,1.93,81.6,11720,107181,26587,2.43,170,124,247524,4,2019-20,2019 Q4,Tertiary,Services,Student / Education Provider,-95461,6.38,6.1,Low,Low,Medium,Very High,High,Import Deficit,Very High,10,0.3,2.7,0.67
2019,Q4,Transport,51.77,3.93,28.7,72535,47366,23622,2.67,170,113,33327,4,2019-20,2019 Q4,Tertiary,Services,Consumer / Business Owner,25169,8.33,2.14,Moderate,Low,High,Very High,Low,Export Surplus,Very Low,11,1.4,0.91,0.46
2019,Q4,Tourism,47.08,4.11,27.1,25877,79511,22937,3.86,127,130,239444,4,2019-20,2019 Q4,Tertiary,Services,Consumer / Business Owner,-53634,7.57,2.03,Moderate,Low,Medium,Very High,Low,Import Deficit,High,12,0.55,1.69,0.49
2019,Q4,Real Estate,38.22,-0.25,68.3,149819,53160,19432,2.18,132,122,162750,4,2019-20,2019 Q4,Tertiary,Services,Corporate / Property,96659,6.15,5.1,Negative,Low,Medium,High,High,Export Surplus,Medium,13,3.92,1.39,0.51
2019,Q4,Communication,76.06,2.28,169.6,28312,97352,6102,4.28,135,134,198205,4,2019-20,2019 Q4,Tertiary,Services,Consumer / Corporate,-69040,12.23,12.67,Low,Moderate,Very High,Low,Extremely High,Import Deficit,High,14,0.37,1.28,0.08
2019,Q4,Public Administration,52.41,1.84,68.2,21193,91675,3187,3.3,102,126,217965,4,2019-20,2019 Q4,Tertiary,Services,Government,-70482,8.43,5.1,Low,Low,High,Low,High,Import Deficit,High,15,0.4,1.75,0.06
2020,Q1,Agriculture,12.69,7.71,68.4,122244,70001,6460,6.18,167,108,181125,1,2020-21,2020 Q1,Primary,Resource & Agriculture,Farmer,52243,2.09,3.64,High,High,Very Low,Low,High,Export Surplus,Medium,1,9.63,5.52,0.51
2020,Q1,Manufacturing,30.55,4.82,139.3,100558,64147,18446,5.02,155,115,236435,1,2020-21,2020 Q1,Secondary,Production & Infrastructure,Corporate / Industrial,36411,5.02,7.41,Moderate,Moderate,Low,High,Very High,Export Surplus,High,3,3.29,2.1,0.6
2020,Q1,Construction,27.37,6.35,207.9,113579,80698,22456,5.05,161,142,192239,1,2020-21,2020 Q1,Secondary,Production & Infrastructure,Corporate / Infrastructure,32881,4.5,11.06,High,Moderate,Low,Very High,Extremely High,Export Surplus,High,4,4.15,2.95,0.82
2020,Q1,Mining,34.54,0.14,101.7,92311,23755,16958,5.99,158,135,284412,1,2020-21,2020 Q1,Secondary,Production & Infrastructure,Corporate / Industrial,68556,5.68,5.41,Low,Moderate,Low,High,Very High,Export Surplus,Very High,2,2.67,0.69,0.49
2020,Q1,Electricity,57.42,-0.78,155.4,132308,108369,27947,3.43,159,143,187787,1,2020-21,2020 Q1,Secondary,Production & Infrastructure,Corporate / Utilities,23939,9.44,8.26,Negative,Low,High,Very High,Extremely High,Export Surplus,High,5,2.3,1.89,0.49
2020,Q1,IT Services,40.46,0.81,41,21928,84255,24522,5.78,108,103,171763,1,2020-21,2020 Q1,Tertiary,Services,Corporate / Professional,-62327,6.65,2.18,Low,Moderate,Medium,Very High,Moderate,Import Deficit,Medium,6,0.54,2.08,0.61
2020,Q1,Financial Services,49.59,-1.12,219.4,91122,47755,23391,2.16,113,123,289119,1,2020-21,2020 Q1,Tertiary,Services,Corporate / Financial,43367,8.15,11.67,Negative,Low,Medium,Very High,Extremely High,Export Surplus,Very High,7,1.84,0.96,0.47
2020,Q1,Retail,61.87,-1.73,65.8,46913,78227,19845,6.98,103,93,63830,1,2020-21,2020 Q1,Tertiary,Services,Consumer / Business Owner,-31314,10.17,3.5,Negative,High,High,High,High,Import Deficit,Very Low,8,0.76,1.26,0.32
2020,Q1,Healthcare,33.83,0.77,94.9,86309,95418,10781,5.09,135,123,115264,1,2020-21,2020 Q1,Tertiary,Services,Patient / Healthcare Provider,-9109,5.56,5.05,Low,Moderate,Low,Moderate,High,Import Deficit,Low,9,2.55,2.82,0.32
2020,Q1,Education,24.76,3.91,141.1,30907,117275,22220,2.32,122,142,120686,1,2020-21,2020 Q1,Tertiary,Services,Student / Education Provider,-86368,4.07,7.5,Moderate,Low,Low,High,Very High,Import Deficit,Low,10,1.25,4.74,0.9
2020,Q1,Transport,54.75,4.92,219.2,123591,45019,8077,2.89,172,99,139585,1,2020-21,2020 Q1,Tertiary,Services,Consumer / Business Owner,78572,9,11.66,Moderate,Low,High,Moderate,Extremely High,Export Surplus,Medium,11,2.26,0.82,0.15
2020,Q1,Tourism,66.38,0.35,116.2,145107,137292,10374,4.48,129,104,229729,1,2020-21,2020 Q1,Tertiary,Services,Consumer / Business Owner,7815,10.91,6.18,Low,Moderate,Very High,Moderate,Very High,Export Surplus,High,12,2.19,2.07,0.16
2020,Q1,Real Estate,27.78,9.84,47.4,112535,82105,23310,6.54,163,128,224707,1,2020-21,2020 Q1,Tertiary,Services,Corporate / Property,30430,4.57,2.52,Very High,High,Low,Very High,Moderate,Export Surplus,High,13,4.05,2.96,0.84
2020,Q1,Communication,63.79,2.61,138.8,125714,136854,2447,2.93,127,143,151719,1,2020-21,2020 Q1,Tertiary,Services,Consumer / Corporate,-11140,10.49,7.38,Low,Low,High,Low,Very High,Import Deficit,Medium,14,1.97,2.15,0.04
2020,Q1,Public Administration,22.53,7.4,123.8,140145,52107,10107,4.53,180,145,109468,1,2020-21,2020 Q1,Tertiary,Services,Government,88038,3.7,6.58,High,Moderate,Very Low,Moderate,Very High,Export Surplus,Low,15,6.22,2.31,0.45
2020,Q2,Agriculture,38.88,-0.42,85.6,118937,103654,15771,5.6,110,122,85647,2,2020-21,2020 Q2,Primary,Resource & Agriculture,Farmer,15283,5.97,5.36,Negative,Moderate,Medium,High,High,Export Surplus,Low,1,3.06,2.67,0.41
2020,Q2,Manufacturing,38.5,1.79,100.9,50831,137535,5240,5.81,150,98,134208,2,2020-21,2020 Q2,Secondary,Production & Infrastructure,Corporate / Industrial,-86704,5.91,6.31,Low,Moderate,Medium,Low,Very High,Import Deficit,Medium,3,1.32,3.57,0.14
2020,Q2,Construction,60.82,7.84,214.9,79847,27645,27164,4.63,133,143,144837,2,2020-21,2020 Q2,Secondary,Production & Infrastructure,Corporate / Infrastructure,52202,9.33,13.45,High,Moderate,High,Very High,Extremely High,Export Surplus,Medium,4,1.31,0.45,0.45
2020,Q2,Mining,14.51,7.27,11.9,69942,54647,8466,7.35,114,100,248621,2,2020-21,2020 Q2,Secondary,Production & Infrastructure,Corporate / Industrial,15295,2.23,0.74,High,High,Very Low,Moderate,Low,Export Surplus,Very High,2,4.82,3.77,0.58
2020,Q2,Electricity,26.45,5.03,129.2,118003,116245,18870,2.11,179,145,24064,2,2020-21,2020 Q2,Secondary,Production & Infrastructure,Corporate / Utilities,1758,4.06,8.08,Moderate,Low,Low,High,Very High,Export Surplus,Very Low,5,4.46,4.39,0.71
2020,Q2,IT Services,61.4,7.05,93.9,82149,91458,24344,2.74,133,96,45605,2,2020-21,2020 Q2,Tertiary,Services,Corporate / Professional,-9309,9.42,5.88,High,Low,High,Very High,High,Import Deficit,Very Low,6,1.34,1.49,0.4
2020,Q2,Financial Services,37.11,6.07,156,65757,81323,26627,2.74,113,115,245781,2,2020-21,2020 Q2,Tertiary,Services,Corporate / Financial,-15566,5.69,9.76,High,Low,Low,Very High,Extremely High,Import Deficit,Very High,7,1.77,2.19,0.72
2020,Q2,Retail,37.35,8.95,172,128587,30465,16237,6.45,142,104,27353,2,2020-21,2020 Q2,Tertiary,Services,Consumer / Business Owner,98122,5.73,10.76,High,High,Low,High,Extremely High,Export Surplus,Very Low,8,3.44,0.82,0.43
2020,Q2,Healthcare,44.07,2.1,180.6,24993,50893,5342,6.87,155,104,137771,2,2020-21,2020 Q2,Tertiary,Services,Patient / Healthcare Provider,-25900,6.76,11.3,Low,High,Medium,Low,Extremely High,Import Deficit,Medium,9,0.57,1.15,0.12
2020,Q2,Education,53.02,6.71,103.3,79945,80039,19679,3.02,173,115,128563,2,2020-21,2020 Q2,Tertiary,Services,Student / Education Provider,-94,8.14,6.46,High,Low,High,High,Very High,Import Deficit,Low,10,1.51,1.51,0.37
2020,Q2,Transport,26.21,7.37,88.5,41123,67021,10516,7.12,144,87,44034,2,2020-21,2020 Q2,Tertiary,Services,Consumer / Business Owner,-25898,4.02,5.54,High,High,Low,Moderate,High,Import Deficit,Very Low,11,1.57,2.56,0.4
2020,Q2,Tourism,68.14,4.47,66.1,54955,71945,15304,6.47,120,104,103262,2,2020-21,2020 Q2,Tertiary,Services,Consumer / Business Owner,-16990,10.46,4.14,Moderate,High,Very High,High,High,Import Deficit,Low,12,0.81,1.06,0.22
2020,Q2,Real Estate,60.23,0.83,120.4,101392,39703,7479,3.25,103,100,204454,2,2020-21,2020 Q2,Tertiary,Services,Corporate / Property,61689,9.24,7.53,Low,Low,High,Low,Very High,Export Surplus,High,13,1.68,0.66,0.12
2020,Q2,Communication,20.62,4.91,19.4,31438,33222,12659,4.81,173,105,127046,2,2020-21,2020 Q2,Tertiary,Services,Consumer / Corporate,-1784,3.16,1.21,Moderate,Moderate,Very Low,Moderate,Low,Import Deficit,Low,14,1.52,1.61,0.61
2020,Q2,Public Administration,64.39,-1.68,55.4,36877,139994,3541,3.09,162,125,49750,2,2020-21,2020 Q2,Tertiary,Services,Government,-103117,9.88,3.47,Negative,Low,High,Low,Moderate,Import Deficit,Very Low,15,0.57,2.17,0.05
2020,Q3,Agriculture,60.19,4.82,108.9,102601,16934,22524,5.79,156,135,263308,3,2020-21,2020 Q3,Primary,Resource & Agriculture,Farmer,85667,9.97,7.97,Moderate,Moderate,High,Very High,Very High,Export Surplus,Very High,1,1.7,0.28,0.37
2020,Q3,Manufacturing,16.82,7.2,83.5,109512,41513,14248,3.84,114,124,138065,3,2020-21,2020 Q3,Secondary,Production & Infrastructure,Corporate / Industrial,67999,2.79,6.11,High,Low,Very Low,Moderate,High,Export Surplus,Medium,3,6.51,2.47,0.85
2020,Q3,Construction,41.91,-0.49,143.2,57470,87870,11867,7.39,151,145,190344,3,2020-21,2020 Q3,Secondary,Production & Infrastructure,Corporate / Infrastructure,-30400,6.95,10.49,Negative,High,Medium,Moderate,Very High,Import Deficit,High,4,1.37,2.1,0.28
2020,Q3,Mining,26.24,5.82,128.6,88072,108646,5477,2.44,127,130,286250,3,2020-21,2020 Q3,Secondary,Production & Infrastructure,Corporate / Industrial,-20574,4.35,9.42,Moderate,Low,Low,Low,Very High,Import Deficit,Very High,2,3.36,4.14,0.21
2020,Q3,Electricity,61.31,6.52,111.9,50100,121891,5313,4.54,110,144,291540,3,2020-21,2020 Q3,Secondary,Production & Infrastructure,Corporate / Utilities,-71791,10.16,8.19,High,Moderate,High,Low,Very High,Import Deficit,Very High,5,0.82,1.99,0.09
2020,Q3,IT Services,38.72,8.35,81.9,27527,37369,4178,4.78,135,85,150961,3,2020-21,2020 Q3,Tertiary,Services,Corporate / Professional,-9842,6.42,6,High,Moderate,Medium,Low,High,Import Deficit,Medium,6,0.71,0.97,0.11
2020,Q3,Financial Services,49.91,0.48,71.4,70535,116106,20359,2.98,119,119,202053,3,2020-21,2020 Q3,Tertiary,Services,Corporate / Financial,-45571,8.27,5.23,Low,Low,Medium,High,High,Import Deficit,High,7,1.41,2.33,0.41
2020,Q3,Retail,14.24,7.7,83.4,66572,14747,6375,2.65,121,113,230346,3,2020-21,2020 Q3,Tertiary,Services,Consumer / Business Owner,51825,2.36,6.11,High,Low,Very Low,Low,High,Export Surplus,High,8,4.68,1.04,0.45
2020,Q3,Healthcare,31.46,9.64,12.1,38155,34283,17327,5.66,126,87,29300,3,2020-21,2020 Q3,Tertiary,Services,Patient / Healthcare Provider,3872,5.21,0.89,Very High,Moderate,Low,High,Low,Export Surplus,Very Low,9,1.21,1.09,0.55
2020,Q3,Education,45.43,3.8,32.2,76617,34135,16049,4.41,111,116,208424,3,2020-21,2020 Q3,Tertiary,Services,Student / Education Provider,42482,7.53,2.36,Moderate,Moderate,Medium,High,Moderate,Export Surplus,High,10,1.69,0.75,0.35
2020,Q3,Transport,32.65,5.82,117.2,137519,28949,2761,6.02,152,126,225210,3,2020-21,2020 Q3,Tertiary,Services,Consumer / Business Owner,108570,5.41,8.58,Moderate,High,Low,Low,Very High,Export Surplus,High,11,4.21,0.89,0.08
2020,Q3,Tourism,20.48,-1.46,23.1,48179,89123,22913,5.89,119,96,117092,3,2020-21,2020 Q3,Tertiary,Services,Consumer / Business Owner,-40944,3.39,1.69,Negative,Moderate,Very Low,Very High,Low,Import Deficit,Low,12,2.35,4.35,1.12
2020,Q3,Real Estate,49.14,2.61,186.4,92242,30722,25850,4.06,105,109,252154,3,2020-21,2020 Q3,Tertiary,Services,Corporate / Property,61520,8.14,13.65,Low,Moderate,Medium,Very High,Extremely High,Export Surplus,Very High,13,1.88,0.63,0.53
2020,Q3,Communication,70.69,-0.63,163.6,139146,114189,26176,2.92,177,106,114504,3,2020-21,2020 Q3,Tertiary,Services,Consumer / Corporate,24957,11.71,11.98,Negative,Low,Very High,Very High,Extremely High,Export Surplus,Low,14,1.97,1.62,0.37
2020,Q3,Public Administration,44.25,6.65,18.2,148801,43033,15047,3.76,127,91,133957,3,2020-21,2020 Q3,Tertiary,Services,Government,105768,7.33,1.33,High,Low,Medium,High,Low,Export Surplus,Medium,15,3.36,0.97,0.34
2020,Q4,Agriculture,61.72,7.37,73.8,117528,37885,12466,3.45,131,120,133715,4,2020-21,2020 Q4,Primary,Resource & Agriculture,Farmer,79643,8.99,5.17,High,Low,High,Moderate,High,Export Surplus,Medium,1,1.9,0.61,0.2
2020,Q4,Manufacturing,25.25,-0.86,107.5,66165,20536,13076,6.95,167,145,201102,4,2020-21,2020 Q4,Secondary,Production & Infrastructure,Corporate / Industrial,45629,3.68,7.54,Negative,High,Low,Moderate,Very High,Export Surplus,High,3,2.62,0.81,0.52
2020,Q4,Construction,32.53,4.34,41.2,124883,11978,18264,4.49,124,85,36725,4,2020-21,2020 Q4,Secondary,Production & Infrastructure,Corporate / Infrastructure,112905,4.74,2.89,Moderate,Moderate,Low,High,Moderate,Export Surplus,Very Low,4,3.84,0.37,0.56
2020,Q4,Mining,63.42,0.38,68.5,31936,110972,25041,2.02,164,94,259711,4,2020-21,2020 Q4,Secondary,Production & Infrastructure,Corporate / Industrial,-79036,9.24,4.8,Low,Low,High,Very High,High,Import Deficit,Very High,2,0.5,1.75,0.39
2020,Q4,Electricity,64.93,6.88,79.9,87848,92550,28877,5.49,130,105,151207,4,2020-21,2020 Q4,Secondary,Production & Infrastructure,Corporate / Utilities,-4702,9.46,5.6,High,Moderate,High,Very High,High,Import Deficit,Medium,5,1.35,1.43,0.44
2020,Q4,IT Services,35.96,6.37,99.7,77149,85168,28337,3.06,135,144,95116,4,2020-21,2020 Q4,Tertiary,Services,Corporate / Professional,-8019,5.24,6.99,High,Low,Low,Very High,High,Import Deficit,Low,6,2.15,2.37,0.79
2020,Q4,Financial Services,24.15,6,122.7,147021,54861,906,7.37,175,105,153658,4,2020-21,2020 Q4,Tertiary,Services,Corporate / Financial,92160,3.52,8.6,Moderate,High,Low,Low,Very High,Export Surplus,Medium,7,6.09,2.27,0.04
2020,Q4,Retail,31.08,3.26,154.6,42262,74234,25612,6.47,151,110,250886,4,2020-21,2020 Q4,Tertiary,Services,Consumer / Business Owner,-31972,4.53,10.84,Moderate,High,Low,Very High,Extremely High,Import Deficit,Very High,8,1.36,2.39,0.82
2020,Q4,Healthcare,37.06,2.25,87.2,129900,84796,14670,6.09,147,123,63635,4,2020-21,2020 Q4,Tertiary,Services,Patient / Healthcare Provider,45104,5.4,6.11,Low,High,Low,Moderate,High,Export Surplus,Very Low,9,3.51,2.29,0.4
2020,Q4,Education,36.64,0.96,37.9,73937,45916,11479,2.75,127,122,265461,4,2020-21,2020 Q4,Tertiary,Services,Student / Education Provider,28021,5.34,2.66,Low,Low,Low,Moderate,Moderate,Export Surplus,Very High,10,2.02,1.25,0.31
2020,Q4,Transport,74.6,9.81,84.9,87466,63743,24981,2.64,144,109,156171,4,2020-21,2020 Q4,Tertiary,Services,Consumer / Business Owner,23723,10.86,5.95,Very High,Low,Very High,Very High,High,Export Surplus,Medium,11,1.17,0.85,0.33
2020,Q4,Tourism,46.61,6.24,91.8,111135,8479,9275,6.63,151,100,82679,4,2020-21,2020 Q4,Tertiary,Services,Consumer / Business Owner,102656,6.79,6.44,High,High,Medium,Moderate,High,Export Surplus,Low,12,2.38,0.18,0.2
2020,Q4,Real Estate,57.57,3.6,129.3,24145,90994,10969,4.82,142,114,287956,4,2020-21,2020 Q4,Tertiary,Services,Corporate / Property,-66849,8.38,9.07,Moderate,Moderate,High,Moderate,Very High,Import Deficit,Very High,13,0.42,1.58,0.19
2020,Q4,Communication,17.57,-1.61,97.5,57134,98645,14793,4.84,142,89,154992,4,2020-21,2020 Q4,Tertiary,Services,Consumer / Corporate,-41511,2.56,6.84,Negative,Moderate,Very Low,Moderate,High,Import Deficit,Medium,14,3.25,5.61,0.84
2020,Q4,Public Administration,77.63,1.06,149.6,76149,83207,11978,4.74,104,109,116606,4,2020-21,2020 Q4,Tertiary,Services,Government,-7058,11.3,10.49,Low,Moderate,Very High,Moderate,Very High,Import Deficit,Low,15,0.98,1.07,0.15
2021,Q1,Agriculture,43.64,7.67,200.2,81327,34011,22355,2.64,167,136,11743,1,2021-22,2021 Q1,Primary,Resource & Agriculture,Farmer,47316,6.64,14.43,High,Low,Medium,Very High,Extremely High,Export Surplus,Very Low,1,1.86,0.78,0.51
2021,Q1,Manufacturing,19.35,5.22,25.7,90272,109633,2968,4.38,138,123,69058,1,2021-22,2021 Q1,Secondary,Production & Infrastructure,Corporate / Industrial,-19361,2.94,1.85,Moderate,Moderate,Very Low,Low,Low,Import Deficit,Very Low,3,4.67,5.67,0.15
2021,Q1,Construction,79.5,1.29,51.7,43715,116868,20955,6.95,153,113,81203,1,2021-22,2021 Q1,Secondary,Production & Infrastructure,Corporate / Infrastructure,-73153,12.1,3.73,Low,High,Very High,High,Moderate,Import Deficit,Low,4,0.55,1.47,0.26
2021,Q1,Mining,74.29,-0.21,50.5,110195,101823,16913,5.83,174,106,47678,1,2021-22,2021 Q1,Secondary,Production & Infrastructure,Corporate / Industrial,8372,11.3,3.64,Negative,Moderate,Very High,High,Moderate,Export Surplus,Very Low,2,1.48,1.37,0.23
2021,Q1,Electricity,33.11,3.43,38,61012,112695,16422,3.47,101,93,57718,1,2021-22,2021 Q1,Secondary,Production & Infrastructure,Corporate / Utilities,-51683,5.04,2.74,Moderate,Low,Low,High,Moderate,Import Deficit,Very Low,5,1.84,3.4,0.5
2021,Q1,IT Services,68.65,5.72,56,14811,75276,9651,7.26,117,145,243845,1,2021-22,2021 Q1,Tertiary,Services,Corporate / Professional,-60465,10.45,4.04,Moderate,High,Very High,Moderate,Moderate,Import Deficit,Very High,6,0.22,1.1,0.14
2021,Q1,Financial Services,34.1,2.62,29.1,44990,76596,22486,2.22,122,114,134804,1,2021-22,2021 Q1,Tertiary,Services,Corporate / Financial,-31606,5.19,2.1,Low,Low,Low,Very High,Low,Import Deficit,Medium,7,1.32,2.25,0.66
2021,Q1,Retail,41.42,6.57,53.5,19274,113347,21514,4.2,149,131,13449,1,2021-22,2021 Q1,Tertiary,Services,Consumer / Business Owner,-94073,6.3,3.86,High,Moderate,Medium,High,Moderate,Import Deficit,Very Low,8,0.47,2.74,0.52
2021,Q1,Healthcare,30.07,-1.93,144.2,38525,31374,24648,4.07,134,130,258627,1,2021-22,2021 Q1,Tertiary,Services,Patient / Healthcare Provider,7151,4.58,10.39,Negative,Moderate,Low,Very High,Very High,Export Surplus,Very High,9,1.28,1.04,0.82
2021,Q1,Education,15.54,8.09,84.7,22518,50429,22395,5.46,127,99,143515,1,2021-22,2021 Q1,Tertiary,Services,Student / Education Provider,-27911,2.36,6.1,High,Moderate,Very Low,Very High,High,Import Deficit,Medium,10,1.45,3.25,1.44
2021,Q1,Transport,32.62,0.39,150.4,50617,103193,5959,2.29,109,112,207517,1,2021-22,2021 Q1,Tertiary,Services,Consumer / Business Owner,-52576,4.96,10.84,Low,Low,Low,Low,Extremely High,Import Deficit,High,11,1.55,3.16,0.18
2021,Q1,Tourism,72.65,5.37,131.2,93803,56165,18479,5.2,146,91,203342,1,2021-22,2021 Q1,Tertiary,Services,Consumer / Business Owner,37638,11.05,9.46,Moderate,Moderate,Very High,High,Very High,Export Surplus,High,12,1.29,0.77,0.25
2021,Q1,Real Estate,10.67,0.84,188.8,103667,27868,23536,4.01,142,136,162063,1,2021-22,2021 Q1,Tertiary,Services,Corporate / Property,75799,1.62,13.61,Low,Moderate,Very Low,Very High,Extremely High,Export Surplus,Medium,13,9.72,2.61,2.21
2021,Q1,Communication,54.5,0.07,36.9,36448,34090,560,6.33,175,89,75505,1,2021-22,2021 Q1,Tertiary,Services,Consumer / Corporate,2358,8.29,2.66,Low,High,High,Low,Moderate,Export Surplus,Low,14,0.67,0.63,0.01
2021,Q1,Public Administration,47.14,2.82,146.6,64330,65509,12259,2.09,122,89,88452,1,2021-22,2021 Q1,Tertiary,Services,Government,-1179,7.17,10.57,Low,Low,Medium,Moderate,Very High,Import Deficit,Low,15,1.36,1.39,0.26
2021,Q2,Agriculture,68.95,3.58,129.2,45100,25593,27794,5.5,151,118,58218,2,2021-22,2021 Q2,Primary,Resource & Agriculture,Farmer,19507,9.61,7.97,Moderate,Moderate,Very High,Very High,Very High,Export Surplus,Very Low,1,0.65,0.37,0.4
2021,Q2,Manufacturing,28.06,6.05,58.7,147119,72107,4701,4.43,154,114,49415,2,2021-22,2021 Q2,Secondary,Production & Infrastructure,Corporate / Industrial,75012,3.91,3.62,High,Moderate,Low,Low,Moderate,Export Surplus,Very Low,3,5.24,2.57,0.17
2021,Q2,Construction,29.89,-0.77,37.1,138527,89537,6805,2.96,112,109,112848,2,2021-22,2021 Q2,Secondary,Production & Infrastructure,Corporate / Infrastructure,48990,4.17,2.29,Negative,Low,Low,Low,Moderate,Export Surplus,Low,4,4.63,3,0.23
2021,Q2,Mining,71.77,4.52,49,112385,41823,20803,2.38,178,93,239529,2,2021-22,2021 Q2,Secondary,Production & Infrastructure,Corporate / Industrial,70562,10,3.02,Moderate,Low,Very High,High,Moderate,Export Surplus,High,2,1.57,0.58,0.29
2021,Q2,Electricity,47.73,9,37.7,14454,10883,28285,3.71,112,103,165590,2,2021-22,2021 Q2,Secondary,Production & Infrastructure,Corporate / Utilities,3571,6.65,2.33,High,Low,Medium,Very High,Moderate,Export Surplus,Medium,5,0.3,0.23,0.59
2021,Q2,IT Services,53.45,0.65,151.8,123765,96968,1098,3.59,112,142,164041,2,2021-22,2021 Q2,Tertiary,Services,Corporate / Professional,26797,7.45,9.37,Low,Low,High,Low,Extremely High,Export Surplus,Medium,6,2.32,1.81,0.02
2021,Q2,Financial Services,66.75,0.05,130.3,142542,135650,12349,4.75,107,96,267613,2,2021-22,2021 Q2,Tertiary,Services,Corporate / Financial,6892,9.3,8.04,Low,Moderate,Very High,Moderate,Very High,Export Surplus,Very High,7,2.14,2.03,0.19
2021,Q2,Retail,31.37,4.13,218.4,104907,54510,23027,5.87,157,90,158002,2,2021-22,2021 Q2,Tertiary,Services,Consumer / Business Owner,50397,4.37,13.48,Moderate,Moderate,Low,Very High,Extremely High,Export Surplus,Medium,8,3.34,1.74,0.73
2021,Q2,Healthcare,23.31,3.76,59.8,75166,57429,5565,5.26,130,141,126118,2,2021-22,2021 Q2,Tertiary,Services,Patient / Healthcare Provider,17737,3.25,3.69,Moderate,Moderate,Very Low,Low,Moderate,Export Surplus,Low,9,3.22,2.46,0.24
2021,Q2,Education,74.35,-0.88,202.3,35979,95795,1090,2.56,154,141,194953,2,2021-22,2021 Q2,Tertiary,Services,Student / Education Provider,-59816,10.36,12.49,Negative,Low,Very High,Low,Extremely High,Import Deficit,High,10,0.48,1.29,0.01
2021,Q2,Transport,64.2,-1.46,37.7,33253,69929,4892,3.19,147,132,203449,2,2021-22,2021 Q2,Tertiary,Services,Consumer / Business Owner,-36676,8.95,2.33,Negative,Low,High,Low,Moderate,Import Deficit,High,11,0.52,1.09,0.08
2021,Q2,Tourism,14.65,-1.82,194.4,129453,128910,19918,7.47,160,85,200651,2,2021-22,2021 Q2,Tertiary,Services,Consumer / Business Owner,543,2.04,12,Negative,High,Very Low,High,Extremely High,Export Surplus,High,12,8.84,8.8,1.36
2021,Q2,Real Estate,22.11,0.6,141.4,117409,100996,16007,5.73,115,126,35701,2,2021-22,2021 Q2,Tertiary,Services,Corporate / Property,16413,3.08,8.73,Low,Moderate,Very Low,High,Very High,Export Surplus,Very Low,13,5.31,4.57,0.72
2021,Q2,Communication,74.88,1.57,136.7,18233,112290,17678,3.32,159,87,89456,2,2021-22,2021 Q2,Tertiary,Services,Consumer / Corporate,-94057,10.44,8.44,Low,Low,Very High,High,Very High,Import Deficit,Low,14,0.24,1.5,0.24
2021,Q2,Public Administration,45.95,6.04,35.7,86482,12195,826,2.7,142,145,170170,2,2021-22,2021 Q2,Tertiary,Services,Government,74287,6.4,2.2,High,Low,Medium,Low,Moderate,Export Surplus,Medium,15,1.88,0.27,0.02
2021,Q3,Agriculture,11.11,4.58,103.1,68221,51525,5687,3.56,135,101,139295,3,2021-22,2021 Q3,Primary,Resource & Agriculture,Farmer,16696,1.68,5.35,Moderate,Low,Very Low,Low,Very High,Export Surplus,Medium,1,6.14,4.64,0.51
2021,Q3,Manufacturing,40.11,-1.9,162.3,88919,114064,11078,7.44,120,115,107174,3,2021-22,2021 Q3,Secondary,Production & Infrastructure,Corporate / Industrial,-25145,6.07,8.42,Negative,High,Medium,Moderate,Extremely High,Import Deficit,Low,3,2.22,2.84,0.28
2021,Q3,Construction,28.45,7.41,201.2,97026,32830,17292,6.14,110,126,59539,3,2021-22,2021 Q3,Secondary,Production & Infrastructure,Corporate / Infrastructure,64196,4.31,10.44,High,High,Low,High,Extremely High,Export Surplus,Very Low,4,3.41,1.15,0.61
2021,Q3,Mining,69.14,6.37,132.7,82871,22922,9044,7.81,124,132,61308,3,2021-22,2021 Q3,Secondary,Production & Infrastructure,Corporate / Industrial,59949,10.47,6.89,High,High,Very High,Moderate,Very High,Export Surplus,Very Low,2,1.2,0.33,0.13
2021,Q3,Electricity,50.04,0.53,90.4,84279,49180,3073,7.13,101,86,241739,3,2021-22,2021 Q3,Secondary,Production & Infrastructure,Corporate / Utilities,35099,7.58,4.69,Low,High,Medium,Low,High,Export Surplus,Very High,5,1.68,0.98,0.06
2021,Q3,IT Services,41.42,1.82,215.8,61403,109298,18652,2.69,167,95,41834,3,2021-22,2021 Q3,Tertiary,Services,Corporate / Professional,-47895,6.27,11.2,Low,Low,Medium,High,Extremely High,Import Deficit,Very Low,6,1.48,2.64,0.45
2021,Q3,Financial Services,50.93,9.76,128.8,88978,137800,8662,5.94,172,112,125111,3,2021-22,2021 Q3,Tertiary,Services,Corporate / Financial,-48822,7.71,6.68,Very High,Moderate,High,Moderate,Very High,Import Deficit,Low,7,1.75,2.71,0.17
2021,Q3,Retail,75.89,-1.47,141,56103,20029,7660,6.43,151,128,148402,3,2021-22,2021 Q3,Tertiary,Services,Consumer / Business Owner,36074,11.49,7.32,Negative,High,Very High,Low,Very High,Export Surplus,Medium,8,0.74,0.26,0.1
2021,Q3,Healthcare,37.98,3.8,119.4,63566,64876,26711,6.3,111,99,167986,3,2021-22,2021 Q3,Tertiary,Services,Patient / Healthcare Provider,-1310,5.75,6.2,Moderate,High,Medium,Very High,Very High,Import Deficit,Medium,9,1.67,1.71,0.7
2021,Q3,Education,22.3,1.28,174.5,96135,77757,23184,3.13,131,105,193609,3,2021-22,2021 Q3,Tertiary,Services,Student / Education Provider,18378,3.38,9.05,Low,Low,Very Low,Very High,Extremely High,Export Surplus,High,10,4.31,3.49,1.04
2021,Q3,Transport,59.17,1.16,122,87310,33411,21166,5.95,108,89,188256,3,2021-22,2021 Q3,Tertiary,Services,Consumer / Business Owner,53899,8.96,6.33,Low,Moderate,High,High,Very High,Export Surplus,High,11,1.48,0.56,0.36
2021,Q3,Tourism,19.49,5.96,90.7,105669,88642,26076,3.91,179,141,195102,3,2021-22,2021 Q3,Tertiary,Services,Consumer / Business Owner,17027,2.95,4.71,Moderate,Low,Very Low,Very High,High,Export Surplus,High,12,5.42,4.55,1.34
2021,Q3,Real Estate,28.93,-0.98,72.4,43236,14164,9472,7.81,137,138,184483,3,2021-22,2021 Q3,Tertiary,Services,Corporate / Property,29072,4.38,3.76,Negative,High,Low,Moderate,High,Export Surplus,High,13,1.49,0.49,0.33
2021,Q3,Communication,64.42,6.45,67.5,28264,105939,2758,2.33,153,133,41126,3,2021-22,2021 Q3,Tertiary,Services,Consumer / Corporate,-77675,9.76,3.5,High,Low,High,Low,High,Import Deficit,Very Low,14,0.44,1.64,0.04
2021,Q3,Public Administration,60.96,0.48,105.4,35386,122841,5255,6.92,140,107,230988,3,2021-22,2021 Q3,Tertiary,Services,Government,-87455,9.23,5.47,Low,High,High,Low,Very High,Import Deficit,High,15,0.58,2.02,0.09
2021,Q4,Agriculture,37.01,9.35,145.4,58536,59134,29113,5.28,176,138,213297,4,2021-22,2021 Q4,Primary,Resource & Agriculture,Farmer,-598,6.29,11.25,Very High,Moderate,Low,Very High,Very High,Import Deficit,High,1,1.58,1.6,0.79
2021,Q4,Manufacturing,78.2,7.38,69.5,60994,104477,29059,2.66,100,91,216262,4,2021-22,2021 Q4,Secondary,Production & Infrastructure,Corporate / Industrial,-43483,13.29,5.38,High,Low,Very High,Very High,High,Import Deficit,High,3,0.78,1.34,0.37
2021,Q4,Construction,48.33,5.51,177.1,56212,76629,16950,2.72,128,120,48532,4,2021-22,2021 Q4,Secondary,Production & Infrastructure,Corporate / Infrastructure,-20417,8.21,13.7,Moderate,Low,Medium,High,Extremely High,Import Deficit,Very Low,4,1.16,1.59,0.35
2021,Q4,Mining,11.38,-0.49,44.5,117262,103328,7773,2.61,106,124,180885,4,2021-22,2021 Q4,Secondary,Production & Infrastructure,Corporate / Industrial,13934,1.93,3.44,Negative,Low,Very Low,Low,Moderate,Export Surplus,Medium,2,10.3,9.08,0.68
2021,Q4,Electricity,32.88,3.59,84,106128,78868,1603,5.19,170,123,25837,4,2021-22,2021 Q4,Secondary,Production & Infrastructure,Corporate / Utilities,27260,5.59,6.5,Moderate,Moderate,Low,Low,High,Export Surplus,Very Low,5,3.23,2.4,0.05
2021,Q4,IT Services,10.58,8,132.4,77487,94525,24174,7.29,105,106,161570,4,2021-22,2021 Q4,Tertiary,Services,Corporate / Professional,-17038,1.8,10.24,High,High,Very Low,Very High,Very High,Import Deficit,Medium,6,7.32,8.93,2.28
2021,Q4,Financial Services,12.87,-0.17,93.4,97716,128520,19880,5.4,163,112,88304,4,2021-22,2021 Q4,Tertiary,Services,Corporate / Financial,-30804,2.19,7.23,Negative,Moderate,Very Low,High,High,Import Deficit,Low,7,7.59,9.99,1.54
2021,Q4,Retail,22.43,3.93,27.7,139874,31601,12245,4.64,105,134,105914,4,2021-22,2021 Q4,Tertiary,Services,Consumer / Business Owner,108273,3.81,2.14,Moderate,Moderate,Very Low,Moderate,Low,Export Surplus,Low,8,6.24,1.41,0.55
2021,Q4,Healthcare,24.18,4.09,143.8,95320,118830,8551,6.18,114,138,249060,4,2021-22,2021 Q4,Tertiary,Services,Patient / Healthcare Provider,-23510,4.11,11.12,Moderate,High,Low,Moderate,Very High,Import Deficit,Very High,9,3.94,4.91,0.35
2021,Q4,Education,20.82,-0.77,45.8,122311,96635,25776,6.95,165,139,49389,4,2021-22,2021 Q4,Tertiary,Services,Student / Education Provider,25676,3.54,3.54,Negative,High,Very Low,Very High,Moderate,Export Surplus,Very Low,10,5.87,4.64,1.24
2021,Q4,Transport,40.25,-0.43,28.1,22734,120945,24227,3.82,110,109,138394,4,2021-22,2021 Q4,Tertiary,Services,Consumer / Business Owner,-98211,6.84,2.17,Negative,Low,Medium,Very High,Low,Import Deficit,Medium,11,0.56,3,0.6
2021,Q4,Tourism,59.05,3.93,22.2,91106,92174,10330,6.96,132,129,110771,4,2021-22,2021 Q4,Tertiary,Services,Consumer / Business Owner,-1068,10.03,1.72,Moderate,High,High,Moderate,Low,Import Deficit,Low,12,1.54,1.56,0.17
2021,Q4,Real Estate,73.25,3.78,84,135454,134979,16489,6.55,147,123,16392,4,2021-22,2021 Q4,Tertiary,Services,Corporate / Property,475,12.44,6.5,Moderate,High,Very High,High,High,Export Surplus,Very Low,13,1.85,1.84,0.23
2021,Q4,Communication,67.7,-1.07,35.2,64361,73755,8434,4.06,167,141,114883,4,2021-22,2021 Q4,Tertiary,Services,Consumer / Corporate,-9394,11.5,2.72,Negative,Moderate,Very High,Moderate,Moderate,Import Deficit,Low,14,0.95,1.09,0.12
2021,Q4,Public Administration,49.67,9.19,159.5,136997,23116,15886,7.15,151,97,135464,4,2021-22,2021 Q4,Tertiary,Services,Government,113881,8.44,12.34,Very High,High,Medium,High,Extremely High,Export Surplus,Medium,15,2.76,0.47,0.32
2022,Q1,Agriculture,11.62,2.14,95.2,89643,94300,27810,5.11,120,104,50769,1,2022-23,2022 Q1,Primary,Resource & Agriculture,Farmer,-4657,1.92,5.58,Low,Moderate,Very Low,Very High,High,Import Deficit,Very Low,1,7.71,8.12,2.39
2022,Q1,Manufacturing,59,9.04,164.1,64177,73594,29305,7.56,159,92,22870,1,2022-23,2022 Q1,Secondary,Production & Infrastructure,Corporate / Industrial,-9417,9.75,9.61,Very High,High,High,Very High,Extremely High,Import Deficit,Very Low,3,1.09,1.25,0.5
2022,Q1,Construction,57.9,9.74,120.1,149694,67832,21476,3.75,107,122,183007,1,2022-23,2022 Q1,Secondary,Production & Infrastructure,Corporate / Infrastructure,81862,9.57,7.04,Very High,Low,High,High,Very High,Export Surplus,High,4,2.59,1.17,0.37
2022,Q1,Mining,32.44,5.71,62.8,148885,50624,27574,3.6,106,135,197831,1,2022-23,2022 Q1,Secondary,Production & Infrastructure,Corporate / Industrial,98261,5.36,3.68,Moderate,Low,Low,Very High,High,Export Surplus,High,2,4.59,1.56,0.85
2022,Q1,Electricity,47.35,0.38,140.7,80014,21588,11681,2.3,161,130,191619,1,2022-23,2022 Q1,Secondary,Production & Infrastructure,Corporate / Utilities,58426,7.83,8.24,Low,Low,Medium,Moderate,Very High,Export Surplus,High,5,1.69,0.46,0.25
2022,Q1,IT Services,27.43,5.85,40.5,142461,129867,5675,4.76,128,94,140290,1,2022-23,2022 Q1,Tertiary,Services,Corporate / Professional,12594,4.53,2.37,Moderate,Moderate,Low,Low,Moderate,Export Surplus,Medium,6,5.19,4.73,0.21
2022,Q1,Financial Services,35.57,5.23,88.8,62808,101632,7312,3.69,107,127,217001,1,2022-23,2022 Q1,Tertiary,Services,Corporate / Financial,-38824,5.88,5.2,Moderate,Low,Low,Low,High,Import Deficit,High,7,1.77,2.86,0.21
2022,Q1,Retail,63.38,5.08,81.6,99269,30530,9994,7.82,138,129,47226,1,2022-23,2022 Q1,Tertiary,Services,Consumer / Business Owner,68739,10.48,4.78,Moderate,High,High,Moderate,High,Export Surplus,Very Low,8,1.57,0.48,0.16
2022,Q1,Healthcare,11.61,2.31,193.2,136906,48171,13767,5.69,115,107,32875,1,2022-23,2022 Q1,Tertiary,Services,Patient / Healthcare Provider,88735,1.92,11.32,Low,Moderate,Very Low,Moderate,Extremely High,Export Surplus,Very Low,9,11.79,4.15,1.19
2022,Q1,Education,34.77,4.12,209.2,72432,47134,6388,7.83,139,109,72714,1,2022-23,2022 Q1,Tertiary,Services,Student / Education Provider,25298,5.75,12.26,Moderate,High,Low,Low,Extremely High,Export Surplus,Low,10,2.08,1.36,0.18
2022,Q1,Transport,52.96,4.72,16.2,38256,70484,15348,2.71,105,135,75472,1,2022-23,2022 Q1,Tertiary,Services,Consumer / Business Owner,-32228,8.75,0.95,Moderate,Low,High,High,Low,Import Deficit,Low,11,0.72,1.33,0.29
2022,Q1,Tourism,28.12,1.06,37.7,140894,29660,16996,6.53,158,115,168492,1,2022-23,2022 Q1,Tertiary,Services,Consumer / Business Owner,111234,4.65,2.21,Low,High,Low,High,Moderate,Export Surplus,Medium,12,5.01,1.05,0.6
2022,Q1,Real Estate,71.07,0.34,214.3,87345,87836,1630,5.09,172,112,259969,1,2022-23,2022 Q1,Tertiary,Services,Corporate / Property,-491,11.75,12.55,Low,Moderate,Very High,Low,Extremely High,Import Deficit,Very High,13,1.23,1.24,0.02
2022,Q1,Communication,55.46,7.42,51.6,65057,83142,20531,6.89,170,135,255081,1,2022-23,2022 Q1,Tertiary,Services,Consumer / Corporate,-18085,9.17,3.02,High,High,High,High,Moderate,Import Deficit,Very High,14,1.17,1.5,0.37
2022,Q1,Public Administration,16.32,7.87,191,15828,38316,28685,7.17,137,114,210254,1,2022-23,2022 Q1,Tertiary,Services,Government,-22488,2.7,11.19,High,High,Very Low,Very High,Extremely High,Import Deficit,High,15,0.97,2.35,1.76
2022,Q2,Agriculture,39.28,-1.59,67.4,103013,39689,15666,6.98,148,101,47590,2,2022-23,2022 Q2,Primary,Resource & Agriculture,Farmer,63324,5.62,3.24,Negative,High,Medium,High,High,Export Surplus,Very Low,1,2.62,1.01,0.4
2022,Q2,Manufacturing,61.79,2.11,155,139788,113012,11597,4.98,110,142,176821,2,2022-23,2022 Q2,Secondary,Production & Infrastructure,Corporate / Industrial,26776,8.85,7.46,Low,Moderate,High,Moderate,Extremely High,Export Surplus,Medium,3,2.26,1.83,0.19
2022,Q2,Construction,14.97,3.05,174,22871,128329,27530,3.72,178,95,140675,2,2022-23,2022 Q2,Secondary,Production & Infrastructure,Corporate / Infrastructure,-105458,2.14,8.37,Moderate,Low,Very Low,Very High,Extremely High,Import Deficit,Medium,4,1.53,8.57,1.84
2022,Q2,Mining,66.93,-0.09,213.7,148714,67912,1868,6.17,147,89,223012,2,2022-23,2022 Q2,Secondary,Production & Infrastructure,Corporate / Industrial,80802,9.58,10.28,Negative,High,Very High,Low,Extremely High,Export Surplus,High,2,2.22,1.01,0.03
2022,Q2,Electricity,55.27,-0.18,122.9,78261,60023,17646,4.34,173,136,146055,2,2022-23,2022 Q2,Secondary,Production & Infrastructure,Corporate / Utilities,18238,7.91,5.91,Negative,Moderate,High,High,Very High,Export Surplus,Medium,5,1.42,1.09,0.32
2022,Q2,IT Services,74.73,4.36,104,35136,61934,17573,7.24,123,137,183278,2,2022-23,2022 Q2,Tertiary,Services,Corporate / Professional,-26798,10.7,5.01,Moderate,High,Very High,High,Very High,Import Deficit,High,6,0.47,0.83,0.24
2022,Q2,Financial Services,65.25,6.72,93.2,44409,50837,28489,4.62,148,99,288778,2,2022-23,2022 Q2,Tertiary,Services,Corporate / Financial,-6428,9.34,4.49,High,Moderate,High,Very High,High,Import Deficit,Very High,7,0.68,0.78,0.44
2022,Q2,Retail,37.43,2.92,105.3,114189,73243,15298,3.84,122,103,239338,2,2022-23,2022 Q2,Tertiary,Services,Consumer / Business Owner,40946,5.36,5.07,Low,Low,Low,High,Very High,Export Surplus,High,8,3.05,1.96,0.41
2022,Q2,Healthcare,56.29,6.73,183,123538,16522,25906,5.48,164,138,196778,2,2022-23,2022 Q2,Tertiary,Services,Patient / Healthcare Provider,107016,8.06,8.81,High,Moderate,High,Very High,Extremely High,Export Surplus,High,9,2.19,0.29,0.46
2022,Q2,Education,12.88,-1.48,190.2,148280,70767,4720,6.33,149,94,296741,2,2022-23,2022 Q2,Tertiary,Services,Student / Education Provider,77513,1.84,9.15,Negative,High,Very Low,Low,Extremely High,Export Surplus,Very High,10,11.51,5.49,0.37
2022,Q2,Transport,12.52,-0.85,217.3,38033,23463,12574,6.52,100,137,82287,2,2022-23,2022 Q2,Tertiary,Services,Consumer / Business Owner,14570,1.79,10.46,Negative,High,Very Low,Moderate,Extremely High,Export Surplus,Low,11,3.04,1.87,1
2022,Q2,Tourism,63.69,4.21,161.9,112863,13556,7786,2.8,138,117,233352,2,2022-23,2022 Q2,Tertiary,Services,Consumer / Business Owner,99307,9.12,7.79,Moderate,Low,High,Low,Extremely High,Export Surplus,High,12,1.77,0.21,0.12
2022,Q2,Real Estate,22.06,4.66,60,31694,34384,14092,7.76,138,106,279937,2,2022-23,2022 Q2,Tertiary,Services,Corporate / Property,-2690,3.16,2.89,Moderate,High,Very Low,Moderate,Moderate,Import Deficit,Very High,13,1.44,1.56,0.64
2022,Q2,Communication,79.7,6.15,37,11071,25513,14368,7.76,147,131,116200,2,2022-23,2022 Q2,Tertiary,Services,Consumer / Corporate,-14442,11.41,1.78,High,High,Very High,Moderate,Moderate,Import Deficit,Low,14,0.14,0.32,0.18
2022,Q2,Public Administration,35.56,7.25,192.9,138985,55409,17879,5.76,107,94,121016,2,2022-23,2022 Q2,Tertiary,Services,Government,83576,5.09,9.28,High,Moderate,Low,High,Extremely High,Export Surplus,Low,15,3.91,1.56,0.5
2022,Q3,Agriculture,59.08,9.31,198.2,138599,84793,9666,6.36,153,116,179880,3,2022-23,2022 Q3,Primary,Resource & Agriculture,Farmer,53806,9.09,10.43,Very High,High,High,Moderate,Extremely High,Export Surplus,Medium,1,2.35,1.44,0.16
2022,Q3,Manufacturing,42.95,-1.27,215.4,119949,78046,501,7.11,171,122,86355,3,2022-23,2022 Q3,Secondary,Production & Infrastructure,Corporate / Industrial,41903,6.61,11.34,Negative,High,Medium,Low,Extremely High,Export Surplus,Low,3,2.79,1.82,0.01
2022,Q3,Construction,43.26,0.36,24.5,100366,74967,26652,4.87,123,97,50447,3,2022-23,2022 Q3,Secondary,Production & Infrastructure,Corporate / Infrastructure,25399,6.66,1.29,Low,Moderate,Medium,Very High,Low,Export Surplus,Very Low,4,2.32,1.73,0.62
2022,Q3,Mining,26.5,-0.76,211.9,56838,48886,26935,7.28,170,101,194155,3,2022-23,2022 Q3,Secondary,Production & Infrastructure,Corporate / Industrial,7952,4.08,11.15,Negative,High,Low,Very High,Extremely High,Export Surplus,High,2,2.14,1.84,1.02
2022,Q3,Electricity,75.33,9.48,214.3,99497,126159,7671,6.96,165,113,179935,3,2022-23,2022 Q3,Secondary,Production & Infrastructure,Corporate / Utilities,-26662,11.59,11.28,Very High,High,Very High,Low,Extremely High,Import Deficit,Medium,5,1.32,1.67,0.1
2022,Q3,IT Services,29.14,5.91,38.9,34672,80417,29043,6.3,177,101,182044,3,2022-23,2022 Q3,Tertiary,Services,Corporate / Professional,-45745,4.49,2.05,Moderate,High,Low,Very High,Moderate,Import Deficit,Medium,6,1.19,2.76,1
2022,Q3,Financial Services,62.15,3.86,167.2,44026,74350,13681,5.36,150,145,16582,3,2022-23,2022 Q3,Tertiary,Services,Corporate / Financial,-30324,9.57,8.8,Moderate,Moderate,High,Moderate,Extremely High,Import Deficit,Very Low,7,0.71,1.2,0.22
2022,Q3,Retail,35,4.85,71.4,86740,115700,14635,6.86,169,138,288602,3,2022-23,2022 Q3,Tertiary,Services,Consumer / Business Owner,-28960,5.39,3.76,Moderate,High,Low,Moderate,High,Import Deficit,Very High,8,2.48,3.31,0.42
2022,Q3,Healthcare,39.84,6.2,61.7,141066,106450,24576,3.66,151,106,152370,3,2022-23,2022 Q3,Tertiary,Services,Patient / Healthcare Provider,34616,6.13,3.25,High,Low,Medium,Very High,High,Export Surplus,Medium,9,3.54,2.67,0.62
2022,Q3,Education,36.95,-1.23,38.6,122180,65614,22054,2.94,114,126,192011,3,2022-23,2022 Q3,Tertiary,Services,Student / Education Provider,56566,5.69,2.03,Negative,Low,Low,High,Moderate,Export Surplus,High,10,3.31,1.78,0.6
2022,Q3,Transport,71.1,-0.9,212,116469,31827,11779,2.03,155,120,183003,3,2022-23,2022 Q3,Tertiary,Services,Consumer / Business Owner,84642,10.94,11.16,Negative,Low,Very High,Moderate,Extremely High,Export Surplus,Medium,11,1.64,0.45,0.17
2022,Q3,Tourism,18.12,5.32,189.1,113868,55360,9014,2.69,177,94,23796,3,2022-23,2022 Q3,Tertiary,Services,Consumer / Business Owner,58508,2.79,9.95,Moderate,Low,Very Low,Moderate,Extremely High,Export Surplus,Very Low,12,6.28,3.06,0.5
2022,Q3,Real Estate,23.51,-1.31,143.7,86459,58906,26816,4.11,165,144,283465,3,2022-23,2022 Q3,Tertiary,Services,Corporate / Property,27553,3.62,7.56,Negative,Moderate,Very Low,Very High,Very High,Export Surplus,Very High,13,3.68,2.51,1.14
2022,Q3,Communication,64.38,2.1,104,95670,91771,24375,5.91,129,90,60892,3,2022-23,2022 Q3,Tertiary,Services,Consumer / Corporate,3899,9.91,5.47,Low,Moderate,High,Very High,Very High,Export Surplus,Very Low,14,1.49,1.43,0.38
2022,Q3,Public Administration,22.41,-1.42,8.7,123809,115807,13905,6.81,151,144,95741,3,2022-23,2022 Q3,Tertiary,Services,Government,8002,3.45,0.46,Negative,High,Very Low,Moderate,Low,Export Surplus,Low,15,5.52,5.17,0.62
2022,Q4,Agriculture,65.24,8.69,110.6,31406,88057,9320,3.56,128,137,20084,4,2022-23,2022 Q4,Primary,Resource & Agriculture,Farmer,-56651,9.7,5.35,High,Low,High,Moderate,Very High,Import Deficit,Very Low,1,0.48,1.35,0.14
2022,Q4,Manufacturing,72.46,1.4,115,15536,70278,6652,3.9,138,119,96569,4,2022-23,2022 Q4,Secondary,Production & Infrastructure,Corporate / Industrial,-54742,10.77,5.56,Low,Low,Very High,Low,Very High,Import Deficit,Low,3,0.21,0.97,0.09
2022,Q4,Construction,39.53,2.85,201.4,140778,66097,12472,5.65,168,101,55106,4,2022-23,2022 Q4,Secondary,Production & Infrastructure,Corporate / Infrastructure,74681,5.88,9.74,Low,Moderate,Medium,Moderate,Extremely High,Export Surplus,Very Low,4,3.56,1.67,0.32
2022,Q4,Mining,34.59,2.02,124.2,12794,27583,2295,2.5,174,113,153797,4,2022-23,2022 Q4,Secondary,Production & Infrastructure,Corporate / Industrial,-14789,5.14,6,Low,Low,Low,Low,Very High,Import Deficit,Medium,2,0.37,0.8,0.07
2022,Q4,Electricity,32.24,6.42,214.9,32163,19750,21160,7.53,153,106,150142,4,2022-23,2022 Q4,Secondary,Production & Infrastructure,Corporate / Utilities,12413,4.79,10.39,High,High,Low,High,Extremely High,Export Surplus,Medium,5,1,0.61,0.66
2022,Q4,IT Services,76.71,9.97,127.7,43424,103890,23431,2.82,102,106,58384,4,2022-23,2022 Q4,Tertiary,Services,Corporate / Professional,-60466,11.4,6.17,Very High,Low,Very High,Very High,Very High,Import Deficit,Very Low,6,0.57,1.35,0.31
2022,Q4,Financial Services,49.78,8.38,141,120320,42954,27356,3.58,119,113,239771,4,2022-23,2022 Q4,Tertiary,Services,Corporate / Financial,77366,7.4,6.82,High,Low,Medium,Very High,Very High,Export Surplus,High,7,2.42,0.86,0.55
2022,Q4,Retail,51.44,6.88,153.8,88298,53857,14612,4.79,160,131,162147,4,2022-23,2022 Q4,Tertiary,Services,Consumer / Business Owner,34441,7.65,7.44,High,Moderate,High,Moderate,Extremely High,Export Surplus,Medium,8,1.72,1.05,0.28
2022,Q4,Healthcare,15.38,1.09,50.3,59189,110857,8204,5.26,161,91,58116,4,2022-23,2022 Q4,Tertiary,Services,Patient / Healthcare Provider,-51668,2.29,2.43,Low,Moderate,Very Low,Moderate,Moderate,Import Deficit,Very Low,9,3.85,7.21,0.53
2022,Q4,Education,17.76,5.84,126,55370,85824,18422,3.46,102,92,278037,4,2022-23,2022 Q4,Tertiary,Services,Student / Education Provider,-30454,2.64,6.09,Moderate,Low,Very Low,High,Very High,Import Deficit,Very High,10,3.12,4.83,1.04
2022,Q4,Transport,77.62,7.71,79.2,61954,10855,27454,4.33,156,97,98554,4,2022-23,2022 Q4,Tertiary,Services,Consumer / Business Owner,51099,11.54,3.83,High,Moderate,Very High,Very High,High,Export Surplus,Low,11,0.8,0.14,0.35
2022,Q4,Tourism,60.38,1.93,126.8,41395,77348,5331,2.14,124,136,83036,4,2022-23,2022 Q4,Tertiary,Services,Consumer / Business Owner,-35953,8.98,6.13,Low,Low,High,Low,Very High,Import Deficit,Low,12,0.69,1.28,0.09
2022,Q4,Real Estate,33.84,7.64,191.6,96542,52235,21781,6.31,120,120,175228,4,2022-23,2022 Q4,Tertiary,Services,Corporate / Property,44307,5.03,9.26,High,High,Low,High,Extremely High,Export Surplus,Medium,13,2.85,1.54,0.64
2022,Q4,Communication,11.35,1.41,103.2,60648,102290,6158,6.73,127,92,162390,4,2022-23,2022 Q4,Tertiary,Services,Consumer / Corporate,-41642,1.69,4.99,Low,High,Very Low,Low,Very High,Import Deficit,Medium,14,5.34,9.01,0.54
2022,Q4,Public Administration,34.36,-1.68,202.6,112953,24026,21288,6.16,176,88,195889,4,2022-23,2022 Q4,Tertiary,Services,Government,88927,5.11,9.8,Negative,High,Low,High,Extremely High,Export Surplus,High,15,3.29,0.7,0.62
2023,Q1,Agriculture,50.7,9.79,78.6,40568,128818,8261,5.71,112,107,263106,1,2023-24,2023 Q1,Primary,Resource & Agriculture,Farmer,-88250,7.6,4.99,Very High,Moderate,Medium,Moderate,High,Import Deficit,Very High,1,0.8,2.54,0.16
2023,Q1,Manufacturing,27.74,6.94,35.3,115674,34414,29137,2.24,132,117,96281,1,2023-24,2023 Q1,Secondary,Production & Infrastructure,Corporate / Industrial,81260,4.16,2.24,High,Low,Low,Very High,Moderate,Export Surplus,Low,3,4.17,1.24,1.05
2023,Q1,Construction,79.91,4.82,184.8,120238,45150,20039,7.37,119,127,234629,1,2023-24,2023 Q1,Secondary,Production & Infrastructure,Corporate / Infrastructure,75088,11.98,11.72,Moderate,High,Very High,High,Extremely High,Export Surplus,High,4,1.5,0.57,0.25
2023,Q1,Mining,62.32,2.3,29.3,54791,51465,27061,4.4,110,114,204926,1,2023-24,2023 Q1,Secondary,Production & Infrastructure,Corporate / Industrial,3326,9.34,1.86,Low,Moderate,High,Very High,Low,Export Surplus,High,2,0.88,0.83,0.43
2023,Q1,Electricity,50.19,9.52,201.8,63418,109394,2541,6.71,112,135,189936,1,2023-24,2023 Q1,Secondary,Production & Infrastructure,Corporate / Utilities,-45976,7.52,12.8,Very High,High,Medium,Low,Extremely High,Import Deficit,High,5,1.26,2.18,0.05
2023,Q1,IT Services,33.87,9.29,110.1,104019,46488,4718,4.27,171,127,12660,1,2023-24,2023 Q1,Tertiary,Services,Corporate / Professional,57531,5.08,6.98,Very High,Moderate,Low,Low,Very High,Export Surplus,Very Low,6,3.07,1.37,0.14
2023,Q1,Financial Services,45.24,4.05,78.1,93771,137491,6147,2.11,123,134,226805,1,2023-24,2023 Q1,Tertiary,Services,Corporate / Financial,-43720,6.78,4.95,Moderate,Low,Medium,Low,High,Import Deficit,High,7,2.07,3.04,0.14
2023,Q1,Retail,42.12,9.94,189.4,47493,88173,9205,4.38,147,110,140603,1,2023-24,2023 Q1,Tertiary,Services,Consumer / Business Owner,-40680,6.31,12.02,Very High,Moderate,Medium,Moderate,Extremely High,Import Deficit,Medium,8,1.13,2.09,0.22
2023,Q1,Healthcare,17.75,4.5,48.6,47506,20643,14656,7.26,163,140,297342,1,2023-24,2023 Q1,Tertiary,Services,Patient / Healthcare Provider,26863,2.66,3.08,Moderate,High,Very Low,Moderate,Moderate,Export Surplus,Very High,9,2.68,1.16,0.83
2023,Q1,Education,38.79,4.75,94.2,51969,121883,10579,6.16,162,112,243610,1,2023-24,2023 Q1,Tertiary,Services,Student / Education Provider,-69914,5.81,5.98,Moderate,High,Medium,Moderate,High,Import Deficit,Very High,10,1.34,3.14,0.27
2023,Q1,Transport,69.94,4.87,51.4,59233,70076,10552,2.48,132,130,89025,1,2023-24,2023 Q1,Tertiary,Services,Consumer / Business Owner,-10843,10.48,3.26,Moderate,Low,Very High,Moderate,Moderate,Import Deficit,Low,11,0.85,1,0.15
2023,Q1,Tourism,62,4.81,184,70345,91758,5099,7.31,144,135,249148,1,2023-24,2023 Q1,Tertiary,Services,Consumer / Business Owner,-21413,9.29,11.67,Moderate,High,High,Low,Extremely High,Import Deficit,Very High,12,1.13,1.48,0.08
2023,Q1,Real Estate,44.52,6.99,205.3,44881,32743,25881,5.55,118,113,108534,1,2023-24,2023 Q1,Tertiary,Services,Corporate / Property,12138,6.67,13.02,High,Moderate,Medium,Very High,Extremely High,Export Surplus,Low,13,1.01,0.74,0.58
2023,Q1,Communication,16.2,0.87,29,76296,88535,21753,2.32,125,140,122039,1,2023-24,2023 Q1,Tertiary,Services,Consumer / Corporate,-12239,2.43,1.84,Low,Low,Very Low,High,Low,Import Deficit,Low,14,4.71,5.47,1.34
2023,Q1,Public Administration,26,8.55,56.4,96535,37999,19526,7.85,174,94,39156,1,2023-24,2023 Q1,Tertiary,Services,Government,58536,3.9,3.58,High,High,Low,High,Moderate,Export Surplus,Very Low,15,3.71,1.46,0.75
2023,Q2,Agriculture,32.36,5.44,148.2,148567,135822,11377,7.27,179,104,16359,2,2023-24,2023 Q2,Primary,Resource & Agriculture,Farmer,12745,5.56,8.17,Moderate,High,Low,Moderate,Very High,Export Surplus,Very Low,1,4.59,4.2,0.35
2023,Q2,Manufacturing,30.42,1.27,188.2,54227,116151,7121,6.24,171,134,83132,2,2023-24,2023 Q2,Secondary,Production & Infrastructure,Corporate / Industrial,-61924,5.23,10.38,Low,High,Low,Low,Extremely High,Import Deficit,Low,3,1.78,3.82,0.23
2023,Q2,Construction,53.66,5.88,197.3,123671,86297,4349,5.34,165,106,260266,2,2023-24,2023 Q2,Secondary,Production & Infrastructure,Corporate / Infrastructure,37374,9.23,10.88,Moderate,Moderate,High,Low,Extremely High,Export Surplus,Very High,4,2.3,1.61,0.08
2023,Q2,Mining,27.74,-0.7,64.6,27934,38211,8860,3.52,114,102,253718,2,2023-24,2023 Q2,Secondary,Production & Infrastructure,Corporate / Industrial,-10277,4.77,3.56,Negative,Low,Low,Moderate,High,Import Deficit,Very High,2,1.01,1.38,0.32
2023,Q2,Electricity,18.3,-0.75,151.6,93831,100571,2333,4.18,141,88,83773,2,2023-24,2023 Q2,Secondary,Production & Infrastructure,Corporate / Utilities,-6740,3.15,8.36,Negative,Moderate,Very Low,Low,Extremely High,Import Deficit,Low,5,5.13,5.5,0.13
2023,Q2,IT Services,64.12,3.48,196.8,103159,129529,17164,7.44,153,103,243684,2,2023-24,2023 Q2,Tertiary,Services,Corporate / Professional,-26370,11.02,10.85,Moderate,High,High,High,Extremely High,Import Deficit,Very High,6,1.61,2.02,0.27
2023,Q2,Financial Services,72.43,3.93,143.3,143347,138387,13575,3.46,151,134,241273,2,2023-24,2023 Q2,Tertiary,Services,Corporate / Financial,4960,12.45,7.9,Moderate,Low,Very High,Moderate,Very High,Export Surplus,High,7,1.98,1.91,0.19
2023,Q2,Retail,59.16,2.83,7.2,67086,79161,2186,6.14,124,92,280066,2,2023-24,2023 Q2,Tertiary,Services,Consumer / Business Owner,-12075,10.17,0.4,Low,High,High,Low,Low,Import Deficit,Very High,8,1.13,1.34,0.04
2023,Q2,Healthcare,56.9,0.23,33.7,19816,28849,27056,6.78,120,108,117725,2,2023-24,2023 Q2,Tertiary,Services,Patient / Healthcare Provider,-9033,9.78,1.86,Low,High,High,Very High,Moderate,Import Deficit,Low,9,0.35,0.51,0.48
2023,Q2,Education,44.08,8.17,73.3,125819,115723,17985,5.4,112,86,299493,2,2023-24,2023 Q2,Tertiary,Services,Student / Education Provider,10096,7.58,4.04,High,Moderate,Medium,High,High,Export Surplus,Very High,10,2.85,2.63,0.41
2023,Q2,Transport,10.12,6.58,201.1,10085,41940,10372,4.85,124,105,286225,2,2023-24,2023 Q2,Tertiary,Services,Consumer / Business Owner,-31855,1.74,11.09,High,Moderate,Very Low,Moderate,Extremely High,Import Deficit,Very High,11,1,4.14,1.02
2023,Q2,Tourism,22.22,9.18,96.6,80156,62308,18947,4.58,109,110,61129,2,2023-24,2023 Q2,Tertiary,Services,Consumer / Business Owner,17848,3.82,5.33,Very High,Moderate,Very Low,High,High,Export Surplus,Very Low,12,3.61,2.8,0.85
2023,Q2,Real Estate,38.35,8.16,75.8,12284,43101,10491,6.3,155,104,297774,2,2023-24,2023 Q2,Tertiary,Services,Corporate / Property,-30817,6.59,4.18,High,High,Medium,Moderate,High,Import Deficit,Very High,13,0.32,1.12,0.27
2023,Q2,Communication,38.64,6.75,16.6,131061,121987,10044,5.78,109,87,32719,2,2023-24,2023 Q2,Tertiary,Services,Consumer / Corporate,9074,6.64,0.92,High,Moderate,Medium,Moderate,Low,Export Surplus,Very Low,14,3.39,3.16,0.26
2023,Q2,Public Administration,13.14,4.36,218.9,146240,57457,23072,4.51,100,118,57143,2,2023-24,2023 Q2,Tertiary,Services,Government,88783,2.26,12.07,Moderate,Moderate,Very Low,Very High,Extremely High,Export Surplus,Very Low,15,11.13,4.37,1.76
2023,Q3,Agriculture,73.03,7.24,24.3,57675,103273,2471,5.44,142,137,54667,3,2023-24,2023 Q3,Primary,Resource & Agriculture,Farmer,-45598,10.18,1.5,High,Moderate,Very High,Low,Low,Import Deficit,Very Low,1,0.79,1.41,0.03
2023,Q3,Manufacturing,11.56,-1.33,173.4,111827,44924,12687,7.8,147,135,22559,3,2023-24,2023 Q3,Secondary,Production & Infrastructure,Corporate / Industrial,66903,1.61,10.68,Negative,High,Very Low,Moderate,Extremely High,Export Surplus,Very Low,3,9.67,3.89,1.1
2023,Q3,Construction,38.23,3.19,118.4,140642,30539,17702,7.09,174,117,140785,3,2023-24,2023 Q3,Secondary,Production & Infrastructure,Corporate / Infrastructure,110103,5.33,7.29,Moderate,High,Medium,High,Very High,Export Surplus,Medium,4,3.68,0.8,0.46
2023,Q3,Mining,69.97,-0.7,205.9,24281,67735,11313,5.92,154,120,229287,3,2023-24,2023 Q3,Secondary,Production & Infrastructure,Corporate / Industrial,-43454,9.75,12.68,Negative,Moderate,Very High,Moderate,Extremely High,Import Deficit,High,2,0.35,0.97,0.16
2023,Q3,Electricity,46.03,0.99,158.1,52016,47060,20992,7.16,146,139,46622,3,2023-24,2023 Q3,Secondary,Production & Infrastructure,Corporate / Utilities,4956,6.41,9.73,Low,High,Medium,High,Extremely High,Export Surplus,Very Low,5,1.13,1.02,0.46
2023,Q3,IT Services,44.4,2.28,184.1,123912,16869,14752,4.13,127,134,258041,3,2023-24,2023 Q3,Tertiary,Services,Corporate / Professional,107043,6.19,11.33,Low,Moderate,Medium,Moderate,Extremely High,Export Surplus,Very High,6,2.79,0.38,0.33
2023,Q3,Financial Services,20.42,9.81,84.8,141875,105720,14274,4.36,152,86,112383,3,2023-24,2023 Q3,Tertiary,Services,Corporate / Financial,36155,2.85,5.22,Very High,Moderate,Very Low,Moderate,High,Export Surplus,Low,7,6.95,5.18,0.7
2023,Q3,Retail,76.76,8.5,113.1,75868,17951,4183,6.87,141,96,272076,3,2023-24,2023 Q3,Tertiary,Services,Consumer / Business Owner,57917,10.7,6.96,High,High,Very High,Low,Very High,Export Surplus,Very High,8,0.99,0.23,0.05
2023,Q3,Healthcare,45.69,4.75,207.2,140742,73794,2533,4.99,100,122,265012,3,2023-24,2023 Q3,Tertiary,Services,Patient / Healthcare Provider,66948,6.37,12.76,Moderate,Moderate,Medium,Low,Extremely High,Export Surplus,Very High,9,3.08,1.62,0.06
2023,Q3,Education,50.5,9.68,107.7,14310,78329,29609,2.98,101,114,172143,3,2023-24,2023 Q3,Tertiary,Services,Student / Education Provider,-64019,7.04,6.63,Very High,Low,Medium,Very High,Very High,Import Deficit,Medium,10,0.28,1.55,0.59
2023,Q3,Transport,47.61,4.92,122.9,112407,136345,7068,6.31,114,138,42293,3,2023-24,2023 Q3,Tertiary,Services,Consumer / Business Owner,-23938,6.63,7.57,Moderate,High,Medium,Low,Very High,Import Deficit,Very Low,11,2.36,2.86,0.15
2023,Q3,Tourism,65.2,0.82,48.7,61277,91701,18869,7.64,147,132,166564,3,2023-24,2023 Q3,Tertiary,Services,Consumer / Business Owner,-30424,9.09,3,Low,High,High,High,Moderate,Import Deficit,Medium,12,0.94,1.41,0.29
2023,Q3,Real Estate,62.64,-1.35,30.8,83978,105292,28132,6.04,123,106,175586,3,2023-24,2023 Q3,Tertiary,Services,Corporate / Property,-21314,8.73,1.9,Negative,High,High,Very High,Moderate,Import Deficit,Medium,13,1.34,1.68,0.45
2023,Q3,Communication,51.91,6.46,32.1,69382,84829,26137,6.07,122,100,120396,3,2023-24,2023 Q3,Tertiary,Services,Consumer / Corporate,-15447,7.23,1.98,High,High,High,Very High,Moderate,Import Deficit,Low,14,1.34,1.63,0.5
2023,Q3,Public Administration,13.66,2.78,12.8,77074,73087,13529,6.68,113,145,233838,3,2023-24,2023 Q3,Tertiary,Services,Government,3987,1.9,0.79,Low,High,Very Low,Moderate,Low,Export Surplus,High,15,5.64,5.35,0.99
2023,Q4,Agriculture,20.73,-1.44,40.8,33115,86592,2868,6.1,108,116,162490,4,2023-24,2023 Q4,Primary,Resource & Agriculture,Farmer,-53477,3.15,2.27,Negative,High,Very Low,Low,Moderate,Import Deficit,Medium,1,1.6,4.18,0.14
2023,Q4,Manufacturing,74.64,-1.02,134.9,99129,129522,4657,6.75,123,132,42276,4,2023-24,2023 Q4,Secondary,Production & Infrastructure,Corporate / Industrial,-30393,11.33,7.52,Negative,High,Very High,Low,Very High,Import Deficit,Very Low,3,1.33,1.74,0.06
2023,Q4,Construction,16.39,3.74,35.8,90148,77220,25718,2.79,152,101,103306,4,2023-24,2023 Q4,Secondary,Production & Infrastructure,Corporate / Infrastructure,12928,2.49,2,Moderate,Low,Very Low,Very High,Moderate,Export Surplus,Low,4,5.5,4.71,1.57
2023,Q4,Mining,15.97,7.42,60.9,138290,74856,2617,7.12,145,139,42565,4,2023-24,2023 Q4,Secondary,Production & Infrastructure,Corporate / Industrial,63434,2.42,3.39,High,High,Very Low,Low,High,Export Surplus,Very Low,2,8.66,4.69,0.16
2023,Q4,Electricity,38.03,6.5,108.1,77948,136340,21484,4.1,109,88,118579,4,2023-24,2023 Q4,Secondary,Production & Infrastructure,Corporate / Utilities,-58392,5.77,6.02,High,Moderate,Medium,High,Very High,Import Deficit,Low,5,2.05,3.59,0.56
2023,Q4,IT Services,19.75,2.48,109.5,118646,11210,9372,4.48,139,89,97291,4,2023-24,2023 Q4,Tertiary,Services,Corporate / Professional,107436,3,6.1,Low,Moderate,Very Low,Moderate,Very High,Export Surplus,Low,6,6.01,0.57,0.47
2023,Q4,Financial Services,51.47,3.37,213,102165,44714,827,7.19,102,120,266555,4,2023-24,2023 Q4,Tertiary,Services,Corporate / Financial,57451,7.82,11.87,Moderate,High,High,Low,Extremely High,Export Surplus,Very High,7,1.98,0.87,0.02
2023,Q4,Retail,61.69,4.75,193.9,92948,103365,18210,4.29,137,134,269849,4,2023-24,2023 Q4,Tertiary,Services,Consumer / Business Owner,-10417,9.37,10.81,Moderate,Moderate,High,High,Extremely High,Import Deficit,Very High,8,1.51,1.68,0.3
2023,Q4,Healthcare,14.15,3.93,172.5,127453,102178,24892,6.6,154,123,35936,4,2023-24,2023 Q4,Tertiary,Services,Patient / Healthcare Provider,25275,2.15,9.61,Moderate,High,Very Low,Very High,Extremely High,Export Surplus,Very Low,9,9.01,7.22,1.76
2023,Q4,Education,73.08,-1.18,111.2,85235,67279,6998,4.63,161,135,18574,4,2023-24,2023 Q4,Tertiary,Services,Student / Education Provider,17956,11.1,6.2,Negative,Moderate,Very High,Low,Very High,Export Surplus,Very Low,10,1.17,0.92,0.1
2023,Q4,Transport,63.25,1.3,151.9,93274,58874,5560,6.64,177,111,179098,4,2023-24,2023 Q4,Tertiary,Services,Consumer / Business Owner,34400,9.6,8.47,Low,High,High,Low,Extremely High,Export Surplus,Medium,11,1.47,0.93,0.09
2023,Q4,Tourism,44.98,8.23,139.6,54986,66703,6068,2.37,103,134,262425,4,2023-24,2023 Q4,Tertiary,Services,Consumer / Business Owner,-11717,6.83,7.78,High,Low,Medium,Low,Very High,Import Deficit,Very High,12,1.22,1.48,0.13
2023,Q4,Real Estate,42.43,2.95,80.1,133297,110724,14896,7.33,121,87,250727,4,2023-24,2023 Q4,Tertiary,Services,Corporate / Property,22573,6.44,4.46,Low,High,Medium,Moderate,High,Export Surplus,Very High,13,3.14,2.61,0.35
2023,Q4,Communication,49.8,2.48,172,29387,131440,18043,7.13,147,140,41254,4,2023-24,2023 Q4,Tertiary,Services,Consumer / Corporate,-102053,7.56,9.59,Low,High,Medium,High,Extremely High,Import Deficit,Very Low,14,0.59,2.64,0.36
2023,Q4,Public Administration,72.24,8.68,70,143034,22932,18852,3.29,106,127,144783,4,2023-24,2023 Q4,Tertiary,Services,Government,120102,10.97,3.9,High,Low,Very High,High,High,Export Surplus,Medium,15,1.98,0.32,0.26
2024,Q1,Agriculture,39.05,1.38,117.1,136915,96606,7185,7.24,121,136,292163,1,2024-25,2024 Q1,Primary,Resource & Agriculture,Farmer,40309,5.58,6.52,Low,High,Medium,Low,Very High,Export Surplus,Very High,1,3.51,2.47,0.18
2024,Q1,Manufacturing,15.51,0.46,136.9,144724,136766,17424,2.93,156,108,110379,1,2024-25,2024 Q1,Secondary,Production & Infrastructure,Corporate / Industrial,7958,2.22,7.62,Low,Low,Very Low,High,Very High,Export Surplus,Low,3,9.33,8.82,1.12
2024,Q1,Construction,57.39,6.15,64.3,94615,122382,14936,2.27,172,133,185434,1,2024-25,2024 Q1,Secondary,Production & Infrastructure,Corporate / Infrastructure,-27767,8.21,3.58,High,Low,High,High,High,Import Deficit,High,4,1.65,2.13,0.26
2024,Q1,Mining,76.84,9.35,188.2,22360,139988,29228,4.71,148,135,244403,1,2024-25,2024 Q1,Secondary,Production & Infrastructure,Corporate / Industrial,-117628,10.99,10.47,Very High,Moderate,Very High,Very High,Extremely High,Import Deficit,Very High,2,0.29,1.82,0.38
2024,Q1,Electricity,64.43,4.26,47.6,114880,107174,2446,2.31,120,100,205885,1,2024-25,2024 Q1,Secondary,Production & Infrastructure,Corporate / Utilities,7706,9.21,2.65,Moderate,Low,High,Low,Moderate,Export Surplus,High,5,1.78,1.66,0.04
2024,Q1,IT Services,57.85,6.89,94.8,54316,124884,19844,3.16,161,145,75615,1,2024-25,2024 Q1,Tertiary,Services,Corporate / Professional,-70568,8.27,5.27,High,Low,High,High,High,Import Deficit,Low,6,0.94,2.16,0.34
2024,Q1,Financial Services,18.26,0.64,166.7,12403,66431,5801,5.25,179,137,116978,1,2024-25,2024 Q1,Tertiary,Services,Corporate / Financial,-54028,2.61,9.28,Low,Moderate,Very Low,Low,Extremely High,Import Deficit,Low,7,0.68,3.64,0.32
2024,Q1,Retail,29.58,8.84,20.2,101630,105377,16041,2.79,126,130,23272,1,2024-25,2024 Q1,Tertiary,Services,Consumer / Business Owner,-3747,4.23,1.12,High,Low,Low,High,Low,Import Deficit,Very Low,8,3.44,3.56,0.54
2024,Q1,Healthcare,54.05,4.25,210.5,140602,132055,29561,4.75,143,130,158638,1,2024-25,2024 Q1,Tertiary,Services,Patient / Healthcare Provider,8547,7.73,11.71,Moderate,Moderate,High,Very High,Extremely High,Export Surplus,Medium,9,2.6,2.44,0.55
2024,Q1,Education,11.07,1.94,135.4,65685,93731,6358,4.32,116,131,193680,1,2024-25,2024 Q1,Tertiary,Services,Student / Education Provider,-28046,1.58,7.53,Low,Moderate,Very Low,Low,Very High,Import Deficit,High,10,5.93,8.47,0.57
2024,Q1,Transport,70.13,8.27,202.6,25120,91562,14984,3.51,125,133,259738,1,2024-25,2024 Q1,Tertiary,Services,Consumer / Business Owner,-66442,10.03,11.27,High,Low,Very High,High,Extremely High,Import Deficit,Very High,11,0.36,1.31,0.21
2024,Q1,Tourism,73.84,0.76,64,94380,91200,24204,5.38,103,115,213697,1,2024-25,2024 Q1,Tertiary,Services,Consumer / Business Owner,3180,10.56,3.56,Low,Moderate,Very High,Very High,High,Export Surplus,High,12,1.28,1.24,0.33
2024,Q1,Real Estate,64.92,6.66,11.7,24419,139963,25377,3.68,110,85,163837,1,2024-25,2024 Q1,Tertiary,Services,Corporate / Property,-115544,9.28,0.65,High,Low,High,Very High,Low,Import Deficit,Medium,13,0.38,2.16,0.39
2024,Q1,Communication,45.81,4.23,124.1,28674,62810,27258,4.23,131,118,99227,1,2024-25,2024 Q1,Tertiary,Services,Consumer / Corporate,-34136,6.55,6.91,Moderate,Moderate,Medium,Very High,Very High,Import Deficit,Low,14,0.63,1.37,0.6
2024,Q1,Public Administration,20.58,2.88,213.1,121321,16262,14604,7.05,172,132,171243,1,2024-25,2024 Q1,Tertiary,Services,Government,105059,2.94,11.86,Low,High,Very Low,Moderate,Extremely High,Export Surplus,Medium,15,5.9,0.79,0.71
2024,Q2,Agriculture,49.63,8.82,152.6,27351,58807,23408,4.34,122,100,61655,2,2024-25,2024 Q2,Primary,Resource & Agriculture,Farmer,-31456,7.22,6.9,High,Moderate,Medium,Very High,Extremely High,Import Deficit,Very Low,1,0.55,1.18,0.47
2024,Q2,Manufacturing,77.38,2.27,161.2,98204,105883,28211,2.38,151,144,59098,2,2024-25,2024 Q2,Secondary,Production & Infrastructure,Corporate / Industrial,-7679,11.26,7.29,Low,Low,Very High,Very High,Extremely High,Import Deficit,Very Low,3,1.27,1.37,0.36
2024,Q2,Construction,65.57,5.91,205.5,101888,130797,13107,5.87,167,135,136478,2,2024-25,2024 Q2,Secondary,Production & Infrastructure,Corporate / Infrastructure,-28909,9.54,9.29,Moderate,Moderate,High,Moderate,Extremely High,Import Deficit,Medium,4,1.55,1.99,0.2
2024,Q2,Mining,48.37,5.81,210.1,105277,80708,23535,4.9,133,136,282862,2,2024-25,2024 Q2,Secondary,Production & Infrastructure,Corporate / Industrial,24569,7.04,9.5,Moderate,Moderate,Medium,Very High,Extremely High,Export Surplus,Very High,2,2.18,1.67,0.49
2024,Q2,Electricity,19.51,1.7,156.5,118948,12782,28978,3.74,106,109,149709,2,2024-25,2024 Q2,Secondary,Production & Infrastructure,Corporate / Utilities,106166,2.84,7.08,Low,Low,Very Low,Very High,Extremely High,Export Surplus,Medium,5,6.1,0.66,1.49
2024,Q2,IT Services,37.87,1.84,38,80100,55330,1781,5.57,130,109,212810,2,2024-25,2024 Q2,Tertiary,Services,Corporate / Professional,24770,5.51,1.72,Low,Moderate,Low,Low,Moderate,Export Surplus,High,6,2.12,1.46,0.05
2024,Q2,Financial Services,42.17,6.28,216.3,146020,119926,23489,3.47,104,118,250690,2,2024-25,2024 Q2,Tertiary,Services,Corporate / Financial,26094,6.14,9.78,High,Low,Medium,Very High,Extremely High,Export Surplus,Very High,7,3.46,2.84,0.56
2024,Q2,Retail,47.1,5.09,204.4,114178,87720,22563,5.61,140,144,204618,2,2024-25,2024 Q2,Tertiary,Services,Consumer / Business Owner,26458,6.85,9.24,Moderate,Moderate,Medium,Very High,Extremely High,Export Surplus,High,8,2.42,1.86,0.48
2024,Q2,Healthcare,38.03,7.27,155.6,125033,29083,27156,4.12,156,101,75304,2,2024-25,2024 Q2,Tertiary,Services,Patient / Healthcare Provider,95950,5.53,7.04,High,Moderate,Medium,Very High,Extremely High,Export Surplus,Low,9,3.29,0.76,0.71
2024,Q2,Education,54.57,6.29,216.5,129149,51577,13875,3.93,160,112,232405,2,2024-25,2024 Q2,Tertiary,Services,Student / Education Provider,77572,7.94,9.79,High,Low,High,Moderate,Extremely High,Export Surplus,High,10,2.37,0.95,0.25
2024,Q2,Transport,30.5,0.26,74.8,44070,137402,27344,2.5,153,108,266478,2,2024-25,2024 Q2,Tertiary,Services,Consumer / Business Owner,-93332,4.44,3.38,Low,Low,Low,Very High,High,Import Deficit,Very High,11,1.44,4.5,0.9
2024,Q2,Tourism,79.36,4.97,30.9,132848,90239,21475,5.19,179,87,109714,2,2024-25,2024 Q2,Tertiary,Services,Consumer / Business Owner,42609,11.55,1.4,Moderate,Moderate,Very High,High,Moderate,Export Surplus,Low,12,1.67,1.14,0.27
2024,Q2,Real Estate,36.34,-0.2,8.9,63822,70406,23881,5.88,106,87,186190,2,2024-25,2024 Q2,Tertiary,Services,Corporate / Property,-6584,5.29,0.4,Negative,Moderate,Low,Very High,Low,Import Deficit,High,13,1.76,1.94,0.66
2024,Q2,Communication,45.73,6.39,180.1,115127,87087,12489,7.52,132,138,268214,2,2024-25,2024 Q2,Tertiary,Services,Consumer / Corporate,28040,6.65,8.14,High,High,Medium,Moderate,Extremely High,Export Surplus,Very High,14,2.52,1.9,0.27
2024,Q2,Public Administration,15.05,9.13,199.9,51534,129714,7270,6.76,162,126,172767,2,2024-25,2024 Q2,Tertiary,Services,Government,-78180,2.19,9.04,Very High,High,Very Low,Low,Extremely High,Import Deficit,Medium,15,3.42,8.62,0.48
2024,Q3,Agriculture,14.07,4.87,104.6,92298,136235,15952,2.18,114,145,227837,3,2024-25,2024 Q3,Primary,Resource & Agriculture,Farmer,-43937,2.03,7.15,Moderate,Low,Very Low,High,Very High,Import Deficit,High,1,6.56,9.68,1.13
2024,Q3,Manufacturing,16.76,5.64,113.6,76180,59342,20448,2.8,115,118,165881,3,2024-25,2024 Q3,Secondary,Production & Infrastructure,Corporate / Industrial,16838,2.42,7.76,Moderate,Low,Very Low,High,Very High,Export Surplus,Medium,3,4.55,3.54,1.22
2024,Q3,Construction,50.27,0.49,207.8,55709,123796,12496,5.33,119,87,245157,3,2024-25,2024 Q3,Secondary,Production & Infrastructure,Corporate / Infrastructure,-68087,7.27,14.2,Low,Moderate,Medium,Moderate,Extremely High,Import Deficit,Very High,4,1.11,2.46,0.25
2024,Q3,Mining,73.86,0.15,208.1,128647,44384,18844,7.4,130,122,43042,3,2024-25,2024 Q3,Secondary,Production & Infrastructure,Corporate / Industrial,84263,10.68,14.22,Low,High,Very High,High,Extremely High,Export Surplus,Very Low,2,1.74,0.6,0.26
2024,Q3,Electricity,57.81,3.62,172.7,116328,38747,18688,5.83,145,136,196414,3,2024-25,2024 Q3,Secondary,Production & Infrastructure,Corporate / Utilities,77581,8.36,11.8,Moderate,Moderate,High,High,Extremely High,Export Surplus,High,5,2.01,0.67,0.32
2024,Q3,IT Services,79.86,-0.69,5.2,131094,123076,20922,6.27,153,93,22346,3,2024-25,2024 Q3,Tertiary,Services,Corporate / Professional,8018,11.54,0.36,Negative,High,Very High,High,Low,Export Surplus,Very Low,6,1.64,1.54,0.26
2024,Q3,Financial Services,52.96,-0.55,66,21690,111511,22976,2.22,161,95,122899,3,2024-25,2024 Q3,Tertiary,Services,Corporate / Financial,-89821,7.65,4.51,Negative,Low,High,Very High,High,Import Deficit,Low,7,0.41,2.11,0.43
2024,Q3,Retail,70.91,-1.73,11.7,91256,39097,3779,3.94,165,95,257551,3,2024-25,2024 Q3,Tertiary,Services,Consumer / Business Owner,52159,10.25,0.8,Negative,Low,Very High,Low,Low,Export Surplus,Very High,8,1.29,0.55,0.05
2024,Q3,Healthcare,20.9,2.08,141.5,24261,114544,5540,4.24,133,131,12327,3,2024-25,2024 Q3,Tertiary,Services,Patient / Healthcare Provider,-90283,3.02,9.67,Low,Moderate,Very Low,Low,Very High,Import Deficit,Very Low,9,1.16,5.48,0.27
2024,Q3,Education,37.04,5.91,83.3,120201,98584,7662,3.99,140,88,70283,3,2024-25,2024 Q3,Tertiary,Services,Student / Education Provider,21617,5.35,5.69,Moderate,Low,Low,Low,High,Export Surplus,Low,10,3.25,2.66,0.21
2024,Q3,Transport,10.07,-0.4,13,46110,8453,26614,7.32,157,139,23882,3,2024-25,2024 Q3,Tertiary,Services,Consumer / Business Owner,37657,1.46,0.89,Negative,High,Very Low,Very High,Low,Export Surplus,Very Low,11,4.58,0.84,2.64
2024,Q3,Tourism,51.7,1.27,181.9,136637,134944,18598,3.95,107,111,274140,3,2024-25,2024 Q3,Tertiary,Services,Consumer / Business Owner,1693,7.47,12.43,Low,Low,High,High,Extremely High,Export Surplus,Very High,12,2.64,2.61,0.36
2024,Q3,Real Estate,79.06,-0.83,75,23968,56381,10335,3.8,122,107,270541,3,2024-25,2024 Q3,Tertiary,Services,Corporate / Property,-32413,11.43,5.13,Negative,Low,Very High,Moderate,High,Import Deficit,Very High,13,0.3,0.71,0.13
2024,Q3,Communication,23.32,5.05,11.6,22214,96030,969,4.26,179,99,269430,3,2024-25,2024 Q3,Tertiary,Services,Consumer / Corporate,-73816,3.37,0.79,Moderate,Moderate,Very Low,Low,Low,Import Deficit,Very High,14,0.95,4.12,0.04
2024,Q3,Public Administration,53.25,5.49,67.3,68850,102138,20377,6.95,176,120,232521,3,2024-25,2024 Q3,Tertiary,Services,Government,-33288,7.7,4.6,Moderate,High,High,High,High,Import Deficit,High,15,1.29,1.92,0.38
2024,Q4,Agriculture,19.27,6.38,28,38549,13079,8952,7.37,170,138,19396,4,2024-25,2024 Q4,Primary,Resource & Agriculture,Farmer,25470,2.72,2.37,High,High,Very Low,Moderate,Low,Export Surplus,Very Low,1,2,0.68,0.46
2024,Q4,Manufacturing,56.84,9.3,66.9,14677,133309,4235,6.99,165,118,288337,4,2024-25,2024 Q4,Secondary,Production & Infrastructure,Corporate / Industrial,-118632,8.03,5.67,Very High,High,High,Low,High,Import Deficit,Very High,3,0.26,2.35,0.07
2024,Q4,Construction,79.16,-0.44,176.2,21850,70273,1546,4.76,162,133,154342,4,2024-25,2024 Q4,Secondary,Production & Infrastructure,Corporate / Infrastructure,-48423,11.19,14.94,Negative,Moderate,Very High,Low,Extremely High,Import Deficit,Medium,4,0.28,0.89,0.02
2024,Q4,Mining,77.1,4.58,53.5,73812,33783,13531,3.58,129,108,205962,4,2024-25,2024 Q4,Secondary,Production & Infrastructure,Corporate / Industrial,40029,10.9,4.54,Moderate,Low,Very High,Moderate,Moderate,Export Surplus,High,2,0.96,0.44,0.18
2024,Q4,Electricity,19.22,6.31,41.5,49766,33334,19331,7.79,133,100,220713,4,2024-25,2024 Q4,Secondary,Production & Infrastructure,Corporate / Utilities,16432,2.72,3.52,High,High,Very Low,High,Moderate,Export Surplus,High,5,2.59,1.73,1.01
2024,Q4,IT Services,36.31,-1.71,52.2,23600,133265,25062,2.74,100,95,232445,4,2024-25,2024 Q4,Tertiary,Services,Corporate / Professional,-109665,5.13,4.43,Negative,Low,Low,Very High,Moderate,Import Deficit,High,6,0.65,3.67,0.69
2024,Q4,Financial Services,47.92,0.96,181.8,58199,118938,14176,2.15,167,113,251389,4,2024-25,2024 Q4,Tertiary,Services,Corporate / Financial,-60739,6.77,15.42,Low,Low,Medium,Moderate,Extremely High,Import Deficit,Very High,7,1.21,2.48,0.3
2024,Q4,Retail,49.87,0.76,43.4,59482,40169,24557,6.75,104,125,236360,4,2024-25,2024 Q4,Tertiary,Services,Consumer / Business Owner,19313,7.05,3.68,Low,High,Medium,Very High,Moderate,Export Surplus,High,8,1.19,0.81,0.49
2024,Q4,Healthcare,19.82,-0.82,19.2,68258,33712,24012,3.19,111,93,150902,4,2024-25,2024 Q4,Tertiary,Services,Patient / Healthcare Provider,34546,2.8,1.63,Negative,Low,Very Low,Very High,Low,Export Surplus,Medium,9,3.44,1.7,1.21
2024,Q4,Education,32.77,2.14,116.3,100896,35103,3282,5.01,147,117,236940,4,2024-25,2024 Q4,Tertiary,Services,Student / Education Provider,65793,4.63,9.86,Low,Moderate,Low,Low,Very High,Export Surplus,High,10,3.08,1.07,0.1
2024,Q4,Transport,69.51,9.31,88.2,85880,8846,3833,2.45,146,111,213623,4,2024-25,2024 Q4,Tertiary,Services,Consumer / Business Owner,77034,9.82,7.48,Very High,Low,Very High,Low,High,Export Surplus,High,11,1.24,0.13,0.06
2024,Q4,Tourism,52.47,0.62,188.8,125621,137164,11364,6.71,178,118,157777,4,2024-25,2024 Q4,Tertiary,Services,Consumer / Business Owner,-11543,7.42,16.01,Low,High,High,Moderate,Extremely High,Import Deficit,Medium,12,2.39,2.61,0.22
2024,Q4,Real Estate,25.77,7.38,73,47688,27135,12318,5.03,137,90,211763,4,2024-25,2024 Q4,Tertiary,Services,Corporate / Property,20553,3.64,6.19,High,Moderate,Low,Moderate,High,Export Surplus,High,13,1.85,1.05,0.48
2024,Q4,Communication,49.41,9.65,16.2,94622,13505,28953,3.53,165,115,10002,4,2024-25,2024 Q4,Tertiary,Services,Consumer / Corporate,81117,6.98,1.37,Very High,Low,Medium,Very High,Low,Export Surplus,Very Low,14,1.92,0.27,0.59
2024,Q4,Public Administration,72.12,6.93,34,86530,104586,19253,3.02,126,105,214481,4,2024-25,2024 Q4,Tertiary,Services,Government,-18056,10.19,2.88,High,Low,Very High,High,Moderate,Import Deficit,High,15,1.2,1.45,0.27
2025,Q1,Agriculture,77.7,0.02,145.8,116587,71908,2756,4.91,140,102,152000,1,2025-26,2025 Q1,Primary,Resource & Agriculture,Farmer,44679,9.82,9.1,Low,Moderate,Very High,Low,Very High,Export Surplus,Medium,1,1.5,0.93,0.04
2025,Q1,Manufacturing,34.08,0.55,190.3,42439,121427,20860,6.79,115,137,117505,1,2025-26,2025 Q1,Secondary,Production & Infrastructure,Corporate / Industrial,-78988,4.31,11.88,Low,High,Low,High,Extremely High,Import Deficit,Low,3,1.25,3.56,0.61
2025,Q1,Construction,32.97,7.1,43,105615,24210,11076,3.8,137,100,218207,1,2025-26,2025 Q1,Secondary,Production & Infrastructure,Corporate / Infrastructure,81405,4.17,2.68,High,Low,Low,Moderate,Moderate,Export Surplus,High,4,3.2,0.73,0.34
2025,Q1,Mining,28.78,8.75,38.4,110918,66247,28602,4.26,124,107,144421,1,2025-26,2025 Q1,Secondary,Production & Infrastructure,Corporate / Industrial,44671,3.64,2.4,High,Moderate,Low,Very High,Moderate,Export Surplus,Medium,2,3.85,2.3,0.99
2025,Q1,Electricity,55.63,4.75,139.3,73984,71265,13039,6.29,163,131,196975,1,2025-26,2025 Q1,Secondary,Production & Infrastructure,Corporate / Utilities,2719,7.03,8.7,Moderate,High,High,Moderate,Very High,Export Surplus,High,5,1.33,1.28,0.23
2025,Q1,IT Services,71.65,4.73,75.8,49888,127145,3771,4.44,145,133,274223,1,2025-26,2025 Q1,Tertiary,Services,Corporate / Professional,-77257,9.06,4.73,Moderate,Moderate,Very High,Low,High,Import Deficit,Very High,6,0.7,1.77,0.05
2025,Q1,Financial Services,65.02,2,112.1,66813,106832,29018,7.62,138,86,298242,1,2025-26,2025 Q1,Tertiary,Services,Corporate / Financial,-40019,8.22,7,Low,High,High,Very High,Very High,Import Deficit,Very High,7,1.03,1.64,0.45
2025,Q1,Retail,71.52,9.43,217.4,118115,36448,3767,7.52,106,124,290532,1,2025-26,2025 Q1,Tertiary,Services,Consumer / Business Owner,81667,9.04,13.57,Very High,High,Very High,Low,Extremely High,Export Surplus,Very High,8,1.65,0.51,0.05
2025,Q1,Healthcare,62.95,1.47,38.6,97951,45584,27270,5,109,118,267552,1,2025-26,2025 Q1,Tertiary,Services,Patient / Healthcare Provider,52367,7.96,2.41,Low,Moderate,High,Very High,Moderate,Export Surplus,Very High,9,1.56,0.72,0.43
2025,Q1,Education,49.82,1.47,50.5,46191,23567,16816,3.94,179,126,32743,1,2025-26,2025 Q1,Tertiary,Services,Student / Education Provider,22624,6.3,3.15,Low,Low,Medium,High,Moderate,Export Surplus,Very Low,10,0.93,0.47,0.34
2025,Q1,Transport,35,8.65,48.3,28466,27805,8546,6.83,163,99,124242,1,2025-26,2025 Q1,Tertiary,Services,Consumer / Business Owner,661,4.43,3.02,High,High,Low,Moderate,Moderate,Export Surplus,Low,11,0.81,0.79,0.24
2025,Q1,Tourism,18.89,4.64,49.9,145802,61571,27184,7.98,165,93,49123,1,2025-26,2025 Q1,Tertiary,Services,Consumer / Business Owner,84231,2.39,3.12,Moderate,High,Very Low,Very High,Moderate,Export Surplus,Very Low,12,7.72,3.26,1.44
2025,Q1,Real Estate,64.45,-0.43,115.5,32813,92941,11333,3.74,101,140,241541,1,2025-26,2025 Q1,Tertiary,Services,Corporate / Property,-60128,8.15,7.21,Negative,Low,High,Moderate,Very High,Import Deficit,Very High,13,0.51,1.44,0.18
2025,Q1,Communication,77.47,-1.64,209.9,98911,96131,9109,7.54,158,98,72978,1,2025-26,2025 Q1,Tertiary,Services,Consumer / Corporate,2780,9.8,13.11,Negative,High,Very High,Moderate,Extremely High,Export Surplus,Low,14,1.28,1.24,0.12
2025,Q1,Public Administration,44.94,-0.16,126.7,54161,11532,27181,2.38,116,129,41505,1,2025-26,2025 Q1,Tertiary,Services,Government,42629,5.68,7.91,Negative,Low,Medium,Very High,Very High,Export Surplus,Very Low,15,1.21,0.26,0.6
2025,Q2,Agriculture,38.62,2.42,149.7,96811,39697,5762,2.96,169,109,286282,2,2025-26,2025 Q2,Primary,Resource & Agriculture,Farmer,57114,6.09,8.27,Low,Low,Medium,Low,Very High,Export Surplus,Very High,1,2.51,1.03,0.15
2025,Q2,Manufacturing,28.3,4.49,75.9,72323,46604,17298,3.42,151,123,93840,2,2025-26,2025 Q2,Secondary,Production & Infrastructure,Corporate / Industrial,25719,4.46,4.19,Moderate,Low,Low,High,High,Export Surplus,Low,3,2.56,1.65,0.61
2025,Q2,Construction,58.9,2.29,18.5,59391,53198,21732,3.79,109,117,109161,2,2025-26,2025 Q2,Secondary,Production & Infrastructure,Corporate / Infrastructure,6193,9.29,1.02,Low,Low,High,High,Low,Export Surplus,Low,4,1.01,0.9,0.37
2025,Q2,Mining,44.5,6.19,210.5,96896,71736,28697,4.02,166,119,97997,2,2025-26,2025 Q2,Secondary,Production & Infrastructure,Corporate / Industrial,25160,7.02,11.63,High,Moderate,Medium,Very High,Extremely High,Export Surplus,Low,2,2.18,1.61,0.64
2025,Q2,Electricity,38.22,2.47,51.1,51490,62644,26651,2.94,136,108,176385,2,2025-26,2025 Q2,Secondary,Production & Infrastructure,Corporate / Utilities,-11154,6.03,2.82,Low,Low,Medium,Very High,Moderate,Import Deficit,Medium,5,1.35,1.64,0.7
2025,Q2,IT Services,28.79,8.08,136.9,111515,81345,16943,6.68,157,141,10704,2,2025-26,2025 Q2,Tertiary,Services,Corporate / Professional,30170,4.54,7.56,High,High,Low,High,Very High,Export Surplus,Very Low,6,3.87,2.83,0.59
2025,Q2,Financial Services,61.5,0.27,197.8,28424,133853,8659,6.18,100,88,21197,2,2025-26,2025 Q2,Tertiary,Services,Corporate / Financial,-105429,9.7,10.93,Low,High,High,Moderate,Extremely High,Import Deficit,Very Low,7,0.46,2.18,0.14
2025,Q2,Retail,38.5,-0.26,201.9,16052,82902,1549,7.57,101,141,173387,2,2025-26,2025 Q2,Tertiary,Services,Consumer / Business Owner,-66850,6.07,11.15,Negative,High,Medium,Low,Extremely High,Import Deficit,Medium,8,0.42,2.15,0.04
2025,Q2,Healthcare,42.39,2.28,217.6,128655,66541,7482,6.28,121,119,219717,2,2025-26,2025 Q2,Tertiary,Services,Patient / Healthcare Provider,62114,6.68,12.02,Low,High,Medium,Low,Extremely High,Export Surplus,High,9,3.04,1.57,0.18
2025,Q2,Education,75.84,-0.65,192.2,145819,30166,11196,4.36,147,87,203069,2,2025-26,2025 Q2,Tertiary,Services,Student / Education Provider,115653,11.96,10.62,Negative,Moderate,Very High,Moderate,Extremely High,Export Surplus,High,10,1.92,0.4,0.15
2025,Q2,Transport,13.56,0.01,174.4,88364,21618,26881,3.18,149,110,26681,2,2025-26,2025 Q2,Tertiary,Services,Consumer / Business Owner,66746,2.14,9.63,Low,Low,Very Low,Very High,Extremely High,Export Surplus,Very Low,11,6.52,1.59,1.98
2025,Q2,Tourism,41.64,-1.93,46.8,95323,8146,6613,4.95,117,142,54222,2,2025-26,2025 Q2,Tertiary,Services,Consumer / Business Owner,87177,6.57,2.59,Negative,Moderate,Medium,Low,Moderate,Export Surplus,Very Low,12,2.29,0.2,0.16
2025,Q2,Real Estate,31.02,8.7,103.6,35790,35984,23575,7.27,107,127,96760,2,2025-26,2025 Q2,Tertiary,Services,Corporate / Property,-194,4.89,5.72,High,High,Low,Very High,Very High,Import Deficit,Low,13,1.15,1.16,0.76
2025,Q2,Communication,63.44,6.45,5.9,48120,34765,5259,6.25,163,87,97934,2,2025-26,2025 Q2,Tertiary,Services,Consumer / Corporate,13355,10,0.33,High,High,High,Low,Low,Export Surplus,Low,14,0.76,0.55,0.08
2025,Q2,Public Administration,28.98,1.57,27.5,19750,58105,9132,3.56,130,90,77345,2,2025-26,2025 Q2,Tertiary,Services,Government,-38355,4.57,1.52,Low,Low,Low,Moderate,Low,Import Deficit,Low,15,0.68,2.01,0.32
2025,Q3,Agriculture,26.59,8.49,42.6,50692,68531,25952,6.81,159,131,101975,3,2025-26,2025 Q3,Primary,Resource & Agriculture,Farmer,-17839,3.53,2.18,High,High,Low,Very High,Moderate,Import Deficit,Low,1,1.91,2.58,0.98
2025,Q3,Manufacturing,63.18,6.22,46,46395,99337,3106,3.59,159,93,73382,3,2025-26,2025 Q3,Secondary,Production & Infrastructure,Corporate / Industrial,-52942,8.39,2.35,High,Low,High,Low,Moderate,Import Deficit,Low,3,0.73,1.57,0.05
2025,Q3,Construction,23.65,6.63,133.8,125424,98422,7712,7.37,175,138,54468,3,2025-26,2025 Q3,Secondary,Production & Infrastructure,Corporate / Infrastructure,27002,3.14,6.83,High,High,Very Low,Low,Very High,Export Surplus,Very Low,4,5.3,4.16,0.33
2025,Q3,Mining,37.88,6.07,145.7,11135,17321,18772,2.09,153,88,286128,3,2025-26,2025 Q3,Secondary,Production & Infrastructure,Corporate / Industrial,-6186,5.03,7.44,High,Low,Medium,High,Very High,Import Deficit,Very High,2,0.29,0.46,0.5
2025,Q3,Electricity,60.27,9.13,195.1,12799,52886,18246,4.74,164,106,48969,3,2025-26,2025 Q3,Secondary,Production & Infrastructure,Corporate / Utilities,-40087,8,9.96,Very High,Moderate,High,High,Extremely High,Import Deficit,Very Low,5,0.21,0.88,0.3
2025,Q3,IT Services,65.63,3.54,81.3,97525,12029,5437,5.15,137,104,225321,3,2025-26,2025 Q3,Tertiary,Services,Corporate / Professional,85496,8.72,4.15,Moderate,Moderate,High,Low,High,Export Surplus,High,6,1.49,0.18,0.08
2025,Q3,Financial Services,69.33,5.1,140.4,112895,123358,5859,7.26,111,140,23475,3,2025-26,2025 Q3,Tertiary,Services,Corporate / Financial,-10463,9.21,7.17,Moderate,High,Very High,Low,Very High,Import Deficit,Very Low,7,1.63,1.78,0.08
2025,Q3,Retail,58.9,1.45,213.2,147964,22553,16024,4.71,127,138,129056,3,2025-26,2025 Q3,Tertiary,Services,Consumer / Business Owner,125411,7.82,10.89,Low,Moderate,High,High,Extremely High,Export Surplus,Medium,8,2.51,0.38,0.27
2025,Q3,Healthcare,34.69,4.53,104.2,104402,137024,5569,5.96,164,136,76856,3,2025-26,2025 Q3,Tertiary,Services,Patient / Healthcare Provider,-32622,4.61,5.32,Moderate,Moderate,Low,Low,Very High,Import Deficit,Low,9,3.01,3.95,0.16
2025,Q3,Education,22.1,3.23,172.4,122497,128441,26519,2.37,107,101,27819,3,2025-26,2025 Q3,Tertiary,Services,Student / Education Provider,-5944,2.94,8.81,Moderate,Low,Very Low,Very High,Extremely High,Import Deficit,Very Low,10,5.54,5.81,1.2
2025,Q3,Transport,74.71,1.37,140.1,61053,118028,6489,7.55,152,120,220113,3,2025-26,2025 Q3,Tertiary,Services,Consumer / Business Owner,-56975,9.92,7.16,Low,High,Very High,Low,Very High,Import Deficit,High,11,0.82,1.58,0.09
2025,Q3,Tourism,66.96,-0.52,130.3,48817,72408,20954,3.44,122,143,233769,3,2025-26,2025 Q3,Tertiary,Services,Consumer / Business Owner,-23591,8.89,6.66,Negative,Low,Very High,High,Very High,Import Deficit,High,12,0.73,1.08,0.31
2025,Q3,Real Estate,25.98,4.2,72.5,125090,96078,25960,4,131,103,251510,3,2025-26,2025 Q3,Tertiary,Services,Corporate / Property,29012,3.45,3.7,Moderate,Low,Low,Very High,High,Export Surplus,Very High,13,4.81,3.7,1
2025,Q3,Communication,46.9,4.08,188.1,100599,109505,2510,6.05,136,88,109974,3,2025-26,2025 Q3,Tertiary,Services,Consumer / Corporate,-8906,6.23,9.61,Moderate,High,Medium,Low,Extremely High,Import Deficit,Low,14,2.14,2.33,0.05
2025,Q3,Public Administration,76.2,6.4,152.2,15625,134832,25291,7.78,138,129,55860,3,2025-26,2025 Q3,Tertiary,Services,Government,-119207,10.12,7.77,High,High,Very High,Very High,Extremely High,Import Deficit,Very Low,15,0.21,1.77,0.33
2025,Q4,Agriculture,20.06,9.45,199.4,96928,19874,11200,4.23,118,135,169198,4,2025-26,2025 Q4,Primary,Resource & Agriculture,Farmer,77054,2.52,10.38,Very High,Moderate,Very Low,Moderate,Extremely High,Export Surplus,Medium,1,4.83,0.99,0.56
2025,Q4,Manufacturing,76.74,-1.96,134.2,65419,124864,28786,6.7,145,117,181416,4,2025-26,2025 Q4,Secondary,Production & Infrastructure,Corporate / Industrial,-59445,9.63,6.99,Negative,High,Very High,Very High,Very High,Import Deficit,Medium,3,0.85,1.63,0.38
2025,Q4,Construction,22.24,2.81,37.1,22357,39950,9050,7.39,116,106,64990,4,2025-26,2025 Q4,Secondary,Production & Infrastructure,Corporate / Infrastructure,-17593,2.79,1.93,Low,High,Very Low,Moderate,Moderate,Import Deficit,Very Low,4,1.01,1.8,0.41
2025,Q4,Mining,69.28,7.39,96,117507,72199,10170,2.92,136,94,190522,4,2025-26,2025 Q4,Secondary,Production & Infrastructure,Corporate / Industrial,45308,8.7,5,High,Low,Very High,Moderate,High,Export Surplus,High,2,1.7,1.04,0.15
2025,Q4,Electricity,48.81,6.41,90.6,128867,52455,18290,4.52,107,138,261848,4,2025-26,2025 Q4,Secondary,Production & Infrastructure,Corporate / Utilities,76412,6.13,4.72,High,Moderate,Medium,High,High,Export Surplus,Very High,5,2.64,1.07,0.37
2025,Q4,IT Services,11.78,0.66,106,57556,29416,10344,4.47,152,99,118871,4,2025-26,2025 Q4,Tertiary,Services,Corporate / Professional,28140,1.48,5.52,Low,Moderate,Very Low,Moderate,Very High,Export Surplus,Low,6,4.89,2.5,0.88
2025,Q4,Financial Services,65.46,7.29,138.8,66262,64584,26115,3.16,163,134,248277,4,2025-26,2025 Q4,Tertiary,Services,Corporate / Financial,1678,8.22,7.23,High,Low,High,Very High,Very High,Export Surplus,Very High,7,1.01,0.99,0.4
2025,Q4,Retail,77.02,3.45,183.7,11543,26423,18493,3.18,152,129,54153,4,2025-26,2025 Q4,Tertiary,Services,Consumer / Business Owner,-14880,9.67,9.56,Moderate,Low,Very High,High,Extremely High,Import Deficit,Very Low,8,0.15,0.34,0.24
2025,Q4,Healthcare,66.07,8.62,131.5,112948,99162,11075,6.44,107,88,101538,4,2025-26,2025 Q4,Tertiary,Services,Patient / Healthcare Provider,13786,8.29,6.85,High,High,Very High,Moderate,Very High,Export Surplus,Low,9,1.71,1.5,0.17
2025,Q4,Education,48.37,7.26,63.1,139509,82586,17270,4.31,155,124,138503,4,2025-26,2025 Q4,Tertiary,Services,Student / Education Provider,56923,6.07,3.28,High,Moderate,Medium,High,High,Export Surplus,Medium,10,2.88,1.71,0.36
2025,Q4,Transport,72.13,0.41,215.9,65568,84569,7555,4.61,131,130,231228,4,2025-26,2025 Q4,Tertiary,Services,Consumer / Business Owner,-19001,9.05,11.24,Low,Moderate,Very High,Low,Extremely High,Import Deficit,High,11,0.91,1.17,0.1
2025,Q4,Tourism,44.45,-1.48,217.6,24238,20543,23916,2.2,162,115,113273,4,2025-26,2025 Q4,Tertiary,Services,Consumer / Business Owner,3695,5.58,11.33,Negative,Low,Medium,Very High,Extremely High,Export Surplus,Low,12,0.55,0.46,0.54
2025,Q4,Real Estate,41.92,2.8,172.6,143851,49757,10778,7.29,173,102,171306,4,2025-26,2025 Q4,Tertiary,Services,Corporate / Property,94094,5.26,8.98,Low,High,Medium,Moderate,Extremely High,Export Surplus,Medium,13,3.43,1.19,0.26
2025,Q4,Communication,63.2,1.85,81.6,122999,76655,2608,2.86,161,86,131980,4,2025-26,2025 Q4,Tertiary,Services,Consumer / Corporate,46344,7.93,4.25,Low,Low,High,Low,High,Export Surplus,Medium,14,1.95,1.21,0.04
2025,Q4,Public Administration,69.16,2.72,52.9,140520,41414,11579,3.33,162,108,135266,4,2025-26,2025 Q4,Tertiary,Services,Government,99106,8.68,2.75,Low,Low,Very High,Moderate,Moderate,Export Surplus,Medium,15,2.03,0.6,0.17
