Year,Quarter,Sector,GDP,Growth_Rate,Employment,Exports,Imports,FDI,Inflation,CPI,IIP,Tax_Revenue,Quarter_Number,Financial_Year,Period,Sector_Category,Economic_Activity_Category,Stakeholder_Category,Trade_Balance_Crore,GDP_Share_%,Employment_Share_%,Growth_Category,Inflation_Category,GDP_Category,FDI_Category,Employment_Category,Trade_Category,Tax_Revenue_Category,Sector_Sort_Order,Exports_to_GDP_%,Imports_to_GDP_%,FDI_to_GDP_%,Trade_Balance,GDP_per_Employment,Trade_Openness,FDI_to_GDP,Tax_Efficiency,Growth_Momentum,Economic_Cycle,Performance_Score
2015,Q1,Agriculture,29.72,3.94,52.1,107539,126895,27477,4.71,163,95,123957,1.0,2015-16,2015 Q1,Primary,Resource & Agriculture,Farmer,-19356,3.91,4.56,Moderate,Moderate,Low,Very High,Moderate,Import Deficit,Low,1,3.62,4.27,0.92,-19356,0.5704414587332053,7888.088829071333,924.5289367429341,4170.827725437416,,Expansion,0.3348205319529147
2015,Q1,Manufacturing,37.35,9.86,7.7,47744,90509,2292,4.81,121,88,184005,1.0,2015-16,2015 Q1,Secondary,Production & Infrastructure,Corporate / Industrial,-42765,4.91,0.67,High,Moderate,Medium,Low,Low,Import Deficit,High,3,1.28,2.42,0.06,-42765,4.850649350649351,3701.552878179384,61.365461847389554,4926.506024096386,,Expansion,0.49714915109425245
2015,Q1,Construction,64.71,6.01,42.4,58226,121494,26803,6.88,114,115,198671,1.0,2015-16,2015 Q1,Secondary,Production & Infrastructure,Corporate / Infrastructure,-63268,8.51,3.71,High,High,High,Very High,Moderate,Import Deficit,High,4,0.9,1.88,0.41,-63268,1.5261792452830187,2777.3141709163965,414.20182352032145,3070.1746252511207,,Expansion,0.5352535738507302
2015,Q1,Mining,30.02,9.53,21.4,56195,66624,15163,4.69,158,100,91599,1.0,2015-16,2015 Q1,Secondary,Production & Infrastructure,Corporate / Industrial,-10429,3.95,1.87,High,Moderate,Low,High,Low,Import Deficit,Low,2,1.87,2.22,0.51,-10429,1.4028037383177572,4091.2391738840774,505.09660226515655,3051.26582278481,,Expansion,0.47634484658609316
2015,Q1,Electricity,50.47,9.75,219.5,96330,98575,20985,6.71,130,131,266982,1.0,2015-16,2015 Q1,Secondary,Production & Infrastructure,Corporate / Utilities,-2245,6.64,19.21,High,High,Medium,High,Extremely High,Import Deficit,Very High,5,1.91,1.95,0.42,-2245,0.22993166287015945,3861.799088567466,415.79155934218346,5289.914800871805,,Expansion,0.8698397783765511
2015,Q1,IT Services,27.44,-0.19,68.2,109775,54457,10346,7.75,157,118,243589,1.0,2015-16,2015 Q1,Tertiary,Services,Corporate / Professional,55318,3.61,5.97,Negative,Very High,Low,Moderate,High,Export Surplus,Very High,6,4.0,1.98,0.38,55318,0.4023460410557185,5985.131195335277,377.0408163265306,8877.150145772594,,Contraction,0.21167842947514673
2015,Q1,Financial Services,49.67,3.88,74.6,38832,68883,9292,5.42,177,120,12270,1.0,2015-16,2015 Q1,Tertiary,Services,Corporate / Financial,-30051,6.53,6.53,Moderate,High,Medium,Moderate,High,Import Deficit,Very Low,7,0.78,1.39,0.19,-30051,0.6658176943699733,2168.612844775518,187.07469297362593,247.03040064425207,,Contraction,0.4502016997675928
2015,Q1,Retail,79.11,6.57,156.6,52179,77396,29564,3.47,167,99,190445,1.0,2015-16,2015 Q1,Tertiary,Services,Consumer / Business Owner,-25217,10.4,13.7,High,Moderate,High,Very High,Extremely High,Import Deficit,High,8,0.66,0.98,0.37,-25217,0.5051724137931035,1637.9092402983188,373.7074958917962,2407.344204272532,,Expansion,0.7874684345523936
2015,Q1,Healthcare,34.73,6.11,88.4,149852,88444,8727,5.76,131,110,161185,1.0,2015-16,2015 Q1,Tertiary,Services,Patient / Healthcare Provider,61408,4.57,7.73,High,High,Medium,Moderate,High,Export Surplus,Medium,9,4.31,2.55,0.25,61408,0.39287330316742075,6861.387849121797,251.2813129858912,4641.088396199252,,Expansion,0.4833953138078435
2015,Q1,Education,60.8,-1.76,71.9,149585,104694,13149,2.61,112,101,230765,1.0,2015-16,2015 Q1,Tertiary,Services,Student / Education Provider,44891,8.0,6.29,Negative,Low,High,Moderate,High,Export Surplus,High,10,2.46,1.72,0.22,44891,0.8456189151599443,4182.2203947368425,216.26644736842107,3795.476973684211,,Contraction,0.30396300552034994
2015,Q1,Transport,70.83,-0.06,9.6,132161,68591,7874,5.38,171,118,130071,1.0,2015-16,2015 Q1,Tertiary,Services,Consumer / Business Owner,63570,9.31,0.84,Negative,High,High,Low,Low,Export Surplus,Medium,11,1.87,0.97,0.11,63570,7.378125,2834.27926020048,111.16758435691092,1836.3828886065228,,Contraction,0.3080299592084128
2015,Q1,Tourism,57.67,5.72,36.2,30001,102336,1280,6.95,166,133,25094,1.0,2015-16,2015 Q1,Tertiary,Services,Consumer / Business Owner,-72335,7.58,3.17,Moderate,High,High,Low,Moderate,Import Deficit,Very Low,12,0.52,1.77,0.02,-72335,1.5930939226519336,2294.7286284029824,22.195248829547424,435.130917288018,,Expansion,0.4867761115329903
2015,Q1,Real Estate,72.86,-0.45,15.8,147245,36338,10579,4.15,115,139,190988,1.0,2015-16,2015 Q1,Tertiary,Services,Corporate / Property,110907,9.58,1.38,Negative,Moderate,High,Moderate,Low,Export Surplus,High,13,2.02,0.5,0.15,110907,4.611392405063291,2519.6678561625035,145.19626681306616,2621.301125446061,,Contraction,0.31287403942096687
2015,Q1,Communication,45.01,-1.64,93.6,130066,82252,13693,6.04,105,144,167092,1.0,2015-16,2015 Q1,Tertiary,Services,Consumer / Corporate,47814,5.92,8.19,Negative,High,Medium,Moderate,High,Export Surplus,Medium,14,2.89,1.83,0.3,47814,0.4808760683760684,4717.129526771829,304.22128415907576,3712.330593201511,,Contraction,0.2750629585876455
2015,Q1,Public Administration,50.01,4.42,184.9,100828,110238,10882,2.2,145,130,299887,1.0,2015-16,2015 Q1,Tertiary,Services,Government,-9410,6.58,16.18,Moderate,Low,Medium,Moderate,Extremely High,Import Deficit,Very High,15,2.02,2.2,0.22,-9410,0.27047052460789617,4220.475904819036,217.59648070385924,5996.540691861628,,Expansion,0.6371760227203166
2015,Q2,Agriculture,11.62,0.26,180.9,120359,94010,5506,3.05,180,112,30535,2.0,2015-16,2015 Q2,Primary,Resource & Agriculture,Farmer,26349,1.67,13.56,Low,Moderate,Low,Low,Extremely High,Export Surplus,Very Low,1,10.36,8.09,0.47,26349,0.0642343836373687,18448.278829604133,473.8382099827883,2627.7969018932877,3.94,Contraction,0.33187920362339357
2015,Q2,Manufacturing,11.76,-0.7,54.1,71041,30805,4087,4.85,159,139,261267,2.0,2015-16,2015 Q2,Secondary,Production & Infrastructure,Corporate / Industrial,40236,1.69,4.06,Negative,Moderate,Low,Low,Moderate,Export Surplus,Very High,3,6.04,2.62,0.35,40236,0.21737523105360443,8660.374149659865,347.53401360544217,22216.581632653062,9.86,Contraction,0.10780805921743274
2015,Q2,Construction,62.96,5.31,149.1,87417,70126,28008,5.22,139,136,258670,2.0,2015-16,2015 Q2,Secondary,Production & Infrastructure,Corporate / Infrastructure,17291,9.04,11.18,Moderate,High,High,Very High,Very High,Export Surplus,Very High,4,1.39,1.11,0.44,17291,0.4222669349429913,2502.2712833545106,444.853875476493,4108.481575603558,6.01,Expansion,0.6665850787212881
2015,Q2,Mining,12.71,6.6,132.2,36610,117342,5400,6.49,135,110,188147,2.0,2015-16,2015 Q2,Secondary,Production & Infrastructure,Corporate / Industrial,-80732,1.83,9.91,High,High,Low,Low,Very High,Import Deficit,High,2,2.88,9.23,0.42,-80732,0.09614220877458397,12112.66719118804,424.8623131392604,14803.068450039338,9.53,Expansion,0.47443926595975877
2015,Q2,Electricity,64.94,6.51,100.5,107510,76009,7661,6.32,107,120,138821,2.0,2015-16,2015 Q2,Secondary,Production & Infrastructure,Corporate / Utilities,31501,9.33,7.53,High,High,High,Low,Very High,Export Surplus,Medium,5,1.66,1.17,0.12,31501,0.6461691542288557,2825.977825685248,117.97043424699723,2137.6809362488452,9.75,Expansion,0.6411606312799134
2015,Q2,IT Services,50.0,2.51,145.5,116722,138305,21873,7.77,104,106,163687,2.0,2015-16,2015 Q2,Tertiary,Services,Corporate / Professional,-21583,7.18,10.91,Low,Very High,Medium,High,Very High,Import Deficit,Medium,6,2.33,2.77,0.44,-21583,0.3436426116838488,5100.54,437.46,3273.74,-0.19,Contraction,0.513443114052405
2015,Q2,Financial Services,68.62,-1.83,35.3,148729,26812,5175,6.51,166,89,283248,2.0,2015-16,2015 Q2,Tertiary,Services,Corporate / Financial,121917,9.85,2.65,Negative,High,High,Low,Moderate,Export Surplus,Very High,7,2.17,0.39,0.08,121917,1.9439093484419265,2558.1608860390556,75.41533080734479,4127.776158554357,3.88,Contraction,0.27866181638824233
2015,Q2,Retail,60.98,3.45,29.4,33824,72108,2249,2.54,121,124,147785,2.0,2015-16,2015 Q2,Tertiary,Services,Consumer / Business Owner,-38284,8.76,2.2,Moderate,Low,High,Low,Low,Import Deficit,Medium,8,0.55,1.18,0.04,-38284,2.0741496598639455,1737.159724499836,36.88094457199082,2423.4995080354215,6.57,Contraction,0.4143624619632307
2015,Q2,Healthcare,29.45,3.4,7.8,90266,10683,12341,5.93,155,108,72060,2.0,2015-16,2015 Q2,Tertiary,Services,Patient / Healthcare Provider,79583,4.23,0.58,Moderate,High,Low,Moderate,Low,Export Surplus,Low,9,3.07,0.36,0.42,79583,3.7756410256410255,3427.809847198642,419.0492359932088,2446.8590831918505,6.11,Contraction,0.24836599459421574
2015,Q2,Education,73.54,5.73,58.6,70167,138090,1811,5.57,174,94,71184,2.0,2015-16,2015 Q2,Tertiary,Services,Student / Education Provider,-67923,10.56,4.39,Moderate,High,High,Low,Moderate,Import Deficit,Low,10,0.95,1.88,0.02,-67923,1.254948805460751,2831.887408213217,24.62605384824585,967.963013326081,-1.76,Expansion,0.5873266269157993
2015,Q2,Transport,13.64,8.87,119.0,70716,10243,13192,2.02,145,96,287238,2.0,2015-16,2015 Q2,Tertiary,Services,Consumer / Business Owner,60473,1.96,8.92,High,Low,Low,Moderate,Very High,Export Surplus,Very High,11,5.18,0.75,0.97,60473,0.1146218487394958,5935.41055718475,967.1554252199413,21058.50439882698,-0.06,Expansion,0.5341674218738329
2015,Q2,Tourism,53.05,1.47,44.6,136892,63557,20660,4.73,176,130,250421,2.0,2015-16,2015 Q2,Tertiary,Services,Consumer / Business Owner,73335,7.62,3.34,Low,Moderate,Medium,High,Moderate,Export Surplus,Very High,12,2.58,1.2,0.39,73335,1.1894618834080717,3778.491988689915,389.44392082940624,4720.4712535344015,5.72,Contraction,0.33816774962599533
2015,Q2,Real Estate,60.58,-0.4,44.7,57681,71488,6107,7.52,140,138,145739,2.0,2015-16,2015 Q2,Tertiary,Services,Corporate / Property,-13807,8.7,3.35,Negative,Very High,High,Low,Moderate,Import Deficit,Medium,13,0.95,1.18,0.1,-13807,1.3552572706935122,2132.205348299769,100.80884780455597,2405.7279630241005,-0.45,Contraction,0.3072090505218396
2015,Q2,Communication,44.51,3.58,126.8,42723,9477,15935,5.72,170,86,19294,2.0,2015-16,2015 Q2,Tertiary,Services,Consumer / Corporate,33246,6.39,9.51,Moderate,High,Medium,High,Very High,Export Surplus,Very Low,14,0.96,0.21,0.36,33246,0.35102523659305995,1172.7701640080882,358.00943608177937,433.4756234554033,-1.64,Contraction,0.4979184653702302
2015,Q2,Public Administration,78.0,2.6,105.3,90548,40802,7067,7.0,100,111,89128,2.0,2015-16,2015 Q2,Tertiary,Services,Government,49746,11.2,7.89,Low,High,High,Low,Very High,Export Surplus,Low,15,1.16,0.52,0.09,49746,0.7407407407407408,1683.974358974359,90.6025641025641,1142.6666666666667,4.42,Contraction,0.5722023696319773
2015,Q3,Agriculture,76.02,-1.96,93.1,66357,88103,28182,6.36,169,118,218564,3.0,2015-16,2015 Q3,Primary,Resource & Agriculture,Farmer,-21746,9.89,5.34,Negative,High,High,Very High,High,Import Deficit,High,1,0.87,1.16,0.37,-21746,0.8165413533834587,2031.8337279663247,370.71823204419894,2875.0855038147856,0.26,Contraction,0.39295875061124735
2015,Q3,Manufacturing,77.09,8.02,138.2,114546,23289,7301,7.79,143,137,26360,3.0,2015-16,2015 Q3,Secondary,Production & Infrastructure,Corporate / Industrial,91257,10.03,7.93,High,Very High,High,Low,Very High,Export Surplus,Very Low,3,1.49,0.3,0.09,91257,0.5578147612156296,1787.9750940459203,94.70748475807497,341.93799455182256,-0.7,Expansion,0.799578765023289
2015,Q3,Construction,63.97,9.72,183.1,14512,29574,11920,7.48,112,103,101486,3.0,2015-16,2015 Q3,Secondary,Production & Infrastructure,Corporate / Infrastructure,-15062,8.32,10.5,High,Very High,High,Moderate,Extremely High,Import Deficit,Low,4,0.23,0.46,0.19,-15062,0.34937192790824684,689.1667969360637,186.33734563076442,1586.4624042519931,5.31,Expansion,0.8698729768444813
2015,Q3,Mining,47.59,5.42,100.0,125980,88540,16227,6.97,145,119,93820,3.0,2015-16,2015 Q3,Secondary,Production & Infrastructure,Corporate / Industrial,37440,6.19,5.74,Moderate,High,Medium,High,High,Export Surplus,Low,2,2.65,1.86,0.34,37440,0.47590000000000005,4507.669678503887,340.9749947467955,1971.4225677663374,6.6,Expansion,0.5315855821311014
2015,Q3,Electricity,73.62,4.26,91.0,147377,91226,1406,4.6,104,138,246025,3.0,2015-16,2015 Q3,Secondary,Production & Infrastructure,Corporate / Utilities,56151,9.57,5.22,Moderate,Moderate,High,Low,High,Export Surplus,Very High,5,2.0,1.24,0.02,56151,0.8090109890109891,3241.0078782939418,19.098071176310786,3341.822874218962,6.51,Expansion,0.5877156268296955
2015,Q3,IT Services,31.59,2.47,151.8,63834,74703,5228,4.57,165,94,101617,3.0,2015-16,2015 Q3,Tertiary,Services,Corporate / Professional,-10869,4.11,8.71,Low,Moderate,Low,Low,Extremely High,Import Deficit,Low,6,2.02,2.36,0.17,-10869,0.20810276679841896,4385.470085470086,165.4954099398544,3216.7458056346945,2.51,Contraction,0.4448782394589797
2015,Q3,Financial Services,14.77,-0.89,153.5,133400,48137,29074,6.2,143,121,88300,3.0,2015-16,2015 Q3,Tertiary,Services,Corporate / Financial,85263,1.92,8.8,Negative,High,Low,Very High,Extremely High,Export Surplus,Low,7,9.03,3.26,1.97,85263,0.0962214983713355,12290.927555856466,1968.4495599187542,5978.334461746784,-1.83,Contraction,0.2649605874485166
2015,Q3,Retail,52.87,-0.63,146.5,33768,107611,16895,4.99,151,101,269173,3.0,2015-16,2015 Q3,Tertiary,Services,Consumer / Business Owner,-73843,6.88,8.4,Negative,Moderate,Medium,High,Very High,Import Deficit,Very High,8,0.64,2.04,0.32,-73843,0.36088737201365184,2674.0873841498014,319.55740495555136,5091.223756383582,3.45,Contraction,0.421951907046725
2015,Q3,Healthcare,55.64,-1.14,37.2,35082,21364,17004,3.29,108,111,33984,3.0,2015-16,2015 Q3,Tertiary,Services,Patient / Healthcare Provider,13718,7.24,2.13,Negative,Moderate,Medium,High,Moderate,Export Surplus,Very Low,9,0.63,0.38,0.31,13718,1.4956989247311827,1014.4859813084112,305.607476635514,610.78360891445,3.4,Contraction,0.2504721238836231
2015,Q3,Education,55.1,5.27,86.7,22855,19767,10185,5.64,173,122,153588,3.0,2015-16,2015 Q3,Tertiary,Services,Student / Education Provider,3088,7.17,4.97,Moderate,High,Medium,Moderate,High,Export Surplus,Medium,10,0.41,0.36,0.18,3088,0.635524798154556,773.5390199637023,184.8457350272232,2787.441016333938,5.73,Expansion,0.5377000280603867
2015,Q3,Transport,29.64,1.41,56.8,64082,14872,17067,2.17,114,140,93624,3.0,2015-16,2015 Q3,Tertiary,Services,Consumer / Business Owner,49210,3.85,3.26,Low,Low,Low,High,Moderate,Export Surplus,Low,11,2.16,0.5,0.58,49210,0.521830985915493,2663.7651821862346,575.8097165991903,3158.7044534412953,8.87,Contraction,0.2570371621411702
2015,Q3,Tourism,51.36,0.02,93.1,149048,38990,18797,5.48,109,138,73896,3.0,2015-16,2015 Q3,Tertiary,Services,Consumer / Business Owner,110058,6.68,5.34,Low,High,Medium,High,High,Export Surplus,Low,12,2.9,0.76,0.37,110058,0.5516648764769065,3661.176012461059,365.98520249221184,1438.785046728972,1.47,Contraction,0.3562916224591776
2015,Q3,Real Estate,62.62,-1.81,188.3,101167,34476,19678,6.9,163,109,209899,3.0,2015-16,2015 Q3,Tertiary,Services,Corporate / Property,66691,8.14,10.8,Negative,High,High,High,Extremely High,Export Surplus,High,13,1.62,0.55,0.31,66691,0.33255443441317045,2166.1290322580644,314.24465027147875,3351.9482593420635,-0.4,Contraction,0.4866485738545611
2015,Q3,Communication,49.69,4.51,53.3,25260,70919,26237,6.76,117,143,155756,3.0,2015-16,2015 Q3,Tertiary,Services,Consumer / Corporate,-45659,6.46,3.06,Moderate,High,Medium,Very High,Moderate,Import Deficit,Medium,14,0.51,1.43,0.53,-45659,0.9322701688555347,1935.5805997182533,528.0136848460455,3134.554236264842,3.58,Expansion,0.43900207506736094
2015,Q3,Public Administration,27.33,6.51,170.8,59487,110107,8191,4.04,161,128,112766,3.0,2015-16,2015 Q3,Tertiary,Services,Government,-50620,3.55,9.8,High,Moderate,Low,Moderate,Extremely High,Import Deficit,Low,15,2.18,4.03,0.3,-50620,0.16001170960187353,6205.415294548116,299.70728137577754,4126.088547383828,2.6,Expansion,0.5910335853540062
2015,Q4,Agriculture,10.06,4.04,198.1,61077,42928,1369,7.31,170,91,19196,4.0,2015-16,2015 Q4,Primary,Resource & Agriculture,Farmer,18149,1.64,11.73,Moderate,Very High,Low,Low,Extremely High,Export Surplus,Very Low,1,6.07,4.27,0.14,18149,0.0507824331145886,10338.469184890655,136.0834990059642,1908.1510934393636,-1.96,Expansion,0.47787098992774474
2015,Q4,Manufacturing,41.96,9.01,27.4,137513,89656,16764,5.17,157,87,129507,4.0,2015-16,2015 Q4,Secondary,Production & Infrastructure,Corporate / Industrial,47857,6.84,1.62,High,High,Medium,High,Low,Export Surplus,Medium,3,3.28,2.14,0.4,47857,1.5313868613138688,5413.941849380362,399.52335557673973,3086.439466158246,8.02,Expansion,0.5178770058811835
2015,Q4,Construction,42.98,3.3,164.4,91346,102862,2545,3.67,164,139,265323,4.0,2015-16,2015 Q4,Secondary,Production & Infrastructure,Corporate / Infrastructure,-11516,7.01,9.74,Moderate,Moderate,Medium,Low,Extremely High,Import Deficit,Very High,4,2.13,2.39,0.06,-11516,0.2614355231143552,4518.5667752443,59.213587715216384,6173.1735691019085,9.72,Contraction,0.5392743363206822
2015,Q4,Mining,62.25,1.13,151.9,47007,61701,15482,3.76,138,137,55914,4.0,2015-16,2015 Q4,Secondary,Production & Infrastructure,Corporate / Industrial,-14694,10.15,9.0,Low,Moderate,High,High,Extremely High,Import Deficit,Very Low,2,0.76,0.99,0.25,-14694,0.4098090849242923,1746.313253012048,248.70682730923696,898.2168674698795,5.42,Contraction,0.5281229104869113
2015,Q4,Electricity,76.05,8.1,96.7,54531,62980,25252,4.69,122,113,149989,4.0,2015-16,2015 Q4,Secondary,Production & Infrastructure,Corporate / Utilities,-8449,12.4,5.73,High,Moderate,High,Very High,High,Import Deficit,Medium,5,0.72,0.83,0.33,-8449,0.7864529472595656,1545.1808021038792,332.04470742932284,1972.2419460881001,4.26,Expansion,0.7348932221964496
2015,Q4,IT Services,39.15,9.25,137.5,18849,23381,773,7.05,113,113,51925,4.0,2015-16,2015 Q4,Tertiary,Services,Corporate / Professional,-4532,6.38,8.14,High,Very High,Medium,Low,Very High,Import Deficit,Very Low,6,0.48,0.6,0.02,-4532,0.2847272727272727,1078.6717752234995,19.744572158365262,1326.309067688378,2.47,Expansion,0.6813777357309889
2015,Q4,Financial Services,30.9,4.07,188.8,119180,12652,29406,3.67,147,128,230054,4.0,2015-16,2015 Q4,Tertiary,Services,Corporate / Financial,106528,5.04,11.18,Moderate,Moderate,Low,Very High,Extremely High,Export Surplus,High,7,3.86,0.41,0.95,106528,0.16366525423728812,4266.407766990292,951.6504854368933,7445.113268608415,-0.89,Expansion,0.5516821229766588
2015,Q4,Retail,12.72,0.16,78.4,104275,56310,17287,3.88,146,111,162238,4.0,2015-16,2015 Q4,Tertiary,Services,Consumer / Business Owner,47965,2.07,4.64,Low,Moderate,Low,High,High,Export Surplus,Medium,8,8.2,4.43,1.36,47965,0.16224489795918368,12624.606918238993,1359.0408805031445,12754.559748427673,-0.63,Contraction,0.1774675398425253
2015,Q4,Healthcare,22.13,3.48,117.0,29440,101238,21436,4.06,154,139,81819,4.0,2015-16,2015 Q4,Tertiary,Services,Patient / Healthcare Provider,-71798,3.61,6.93,Moderate,Moderate,Low,High,Very High,Import Deficit,Low,9,1.33,4.57,0.97,-71798,0.18914529914529915,5905.015815634885,968.6398553999097,3697.1983732489834,-1.14,Contraction,0.38633776926778757
2015,Q4,Education,13.53,8.09,23.5,90580,48838,27114,7.65,131,140,297971,4.0,2015-16,2015 Q4,Tertiary,Services,Student / Education Provider,41742,2.21,1.39,High,Very High,Low,Very High,Low,Export Surplus,Very High,10,6.69,3.61,2.0,41742,0.5757446808510638,10304.360679970436,2003.9911308203991,22022.9859571323,5.27,Expansion,0.36260376208016226
2015,Q4,Transport,78.23,3.87,98.2,26465,81026,15499,5.54,157,126,22874,4.0,2015-16,2015 Q4,Tertiary,Services,Consumer / Business Owner,-54561,12.75,5.82,Moderate,High,High,High,High,Import Deficit,Very Low,11,0.34,1.04,0.2,-54561,0.7966395112016293,1374.0380928032723,198.12092547616004,292.3942221654097,1.41,Contraction,0.6048404172983871
2015,Q4,Tourism,27.96,7.68,197.8,124881,49927,11873,4.33,136,88,165926,4.0,2015-16,2015 Q4,Tertiary,Services,Consumer / Business Owner,74954,4.56,11.71,High,Moderate,Low,Moderate,Extremely High,Export Surplus,Medium,12,4.47,1.79,0.42,74954,0.14135490394337716,6252.074391988554,424.6423462088698,5934.406294706724,0.02,Expansion,0.6737811717655101
2015,Q4,Real Estate,62.38,6.27,89.7,109707,62320,8290,3.59,109,137,267604,4.0,2015-16,2015 Q4,Tertiary,Services,Corporate / Property,47387,10.17,5.31,High,Moderate,High,Moderate,High,Export Surplus,Very High,13,1.76,1.0,0.13,47387,0.6954292084726867,2757.7268355242063,132.89515870471305,4289.900609169606,-1.81,Expansion,0.6060569677196611
2015,Q4,Communication,23.1,-0.86,108.8,79144,15683,4765,5.3,174,126,42143,4.0,2015-16,2015 Q4,Tertiary,Services,Consumer / Corporate,63461,3.77,6.44,Negative,High,Low,Low,Very High,Export Surplus,Very Low,14,3.43,0.68,0.21,63461,0.21231617647058826,4105.064935064935,206.27705627705626,1824.3722943722942,4.51,Contraction,0.23282947168619686
2015,Q4,Public Administration,70.07,6.53,10.5,78035,91338,29099,4.13,171,145,135045,4.0,2015-16,2015 Q4,Tertiary,Services,Government,-13303,11.42,0.62,High,Moderate,High,Very High,Low,Import Deficit,Medium,15,1.11,1.3,0.42,-13303,6.673333333333333,2417.1970886256604,415.28471528471533,1927.2869987155702,6.51,Expansion,0.5265541182417439
2016,Q1,Agriculture,21.98,0.99,48.6,91104,139716,16915,3.07,113,138,260086,1.0,2016-17,2016 Q1,Primary,Resource & Agriculture,Farmer,-48612,3.47,3.58,Low,Moderate,Low,High,Moderate,Import Deficit,Very High,1,4.14,6.36,0.77,-48612,0.4522633744855967,10501.364877161055,769.5632393084622,11832.84804367607,4.04,Contraction,0.19858987874550685
2016,Q1,Manufacturing,25.53,-1.86,40.5,90886,116474,26805,4.34,162,109,82178,1.0,2016-17,2016 Q1,Secondary,Production & Infrastructure,Corporate / Industrial,-25588,4.02,2.99,Negative,Moderate,Low,Very High,Moderate,Import Deficit,Low,3,3.56,4.56,1.05,-25588,0.6303703703703704,8122.209165687426,1049.9412455934194,3218.8797493145316,9.01,Contraction,0.10581166383494461
2016,Q1,Construction,71.39,2.89,137.4,51540,75414,3095,7.72,177,113,243840,1.0,2016-17,2016 Q1,Secondary,Production & Infrastructure,Corporate / Infrastructure,-23874,11.25,10.13,Low,Very High,High,Low,Very High,Import Deficit,Very High,4,0.72,1.06,0.04,-23874,0.5195778748180495,1778.3162907970304,43.353410841854604,3415.604426390251,3.3,Contraction,0.603072590241672
2016,Q1,Mining,48.03,-0.58,139.2,129121,132292,19250,6.14,170,91,131497,1.0,2016-17,2016 Q1,Secondary,Production & Infrastructure,Corporate / Industrial,-3171,7.57,10.26,Negative,High,Medium,High,Very High,Import Deficit,Medium,2,2.69,2.75,0.4,-3171,0.3450431034482759,5442.702477618155,400.7911721840516,2737.809702269415,1.13,Contraction,0.39234840797665466
2016,Q1,Electricity,14.74,4.71,196.4,35472,40850,24618,7.04,110,128,117053,1.0,2016-17,2016 Q1,Secondary,Production & Infrastructure,Corporate / Utilities,-5378,2.32,14.48,Moderate,Very High,Low,Very High,Extremely High,Import Deficit,Low,5,2.41,2.77,1.67,-5378,0.07505091649694501,5177.883310719131,1670.1492537313432,7941.180461329715,8.1,Expansion,0.5172118621682887
2016,Q1,IT Services,66.71,3.33,140.4,129070,39816,16634,6.34,103,124,257331,1.0,2016-17,2016 Q1,Tertiary,Services,Corporate / Professional,89254,10.52,10.35,Moderate,High,High,High,Very High,Export Surplus,Very High,6,1.93,0.6,0.25,89254,0.4751424501424501,2531.6444311197724,249.34792384949785,3857.4576525258585,9.25,Contraction,0.6028172357540833
2016,Q1,Financial Services,28.64,5.13,35.1,32385,114507,14222,4.09,155,129,93284,1.0,2016-17,2016 Q1,Tertiary,Services,Corporate / Financial,-82122,4.52,2.59,Moderate,Moderate,Low,Moderate,Moderate,Import Deficit,Low,7,1.13,4.0,0.5,-82122,0.815954415954416,5128.91061452514,496.5782122905028,3257.122905027933,4.07,Expansion,0.3442852394412039
2016,Q1,Retail,33.56,-1.0,13.5,118892,94034,28726,7.24,173,105,41013,1.0,2016-17,2016 Q1,Tertiary,Services,Consumer / Business Owner,24858,5.29,1.0,Negative,Very High,Medium,Very High,Low,Export Surplus,Very Low,8,3.54,2.8,0.86,24858,2.485925925925926,6344.636471990464,855.9594755661501,1222.0798569725864,0.16,Contraction,0.12705832772534129
2016,Q1,Healthcare,66.78,3.11,44.3,94118,122446,10834,3.52,170,110,198519,1.0,2016-17,2016 Q1,Tertiary,Services,Patient / Healthcare Provider,-28328,10.53,3.27,Moderate,Moderate,High,Moderate,Moderate,Import Deficit,High,9,1.41,1.83,0.16,-28328,1.50744920993228,3242.9469901168013,162.23420185684336,2972.731356693621,3.48,Contraction,0.44981609410167644
2016,Q1,Education,71.39,9.34,33.3,69039,72451,5978,4.07,127,100,155284,1.0,2016-17,2016 Q1,Tertiary,Services,Student / Education Provider,-3412,11.25,2.45,High,Moderate,High,Low,Moderate,Import Deficit,Medium,10,0.97,1.01,0.08,-3412,2.143843843843844,1981.9302423308586,83.7372180977728,2175.1505813139097,8.09,Expansion,0.6606329706996747
2016,Q1,Transport,33.28,4.25,64.3,141549,83065,1439,5.63,158,111,177602,1.0,2016-17,2016 Q1,Tertiary,Services,Consumer / Business Owner,58484,5.25,4.74,Moderate,High,Medium,Low,High,Export Surplus,Medium,11,4.25,2.5,0.04,58484,0.5175738724727839,6749.21875,43.23918269230769,5336.598557692308,3.87,Expansion,0.3785619533952172
2016,Q1,Tourism,68.89,8.09,40.3,64569,9967,10337,6.38,175,144,18344,1.0,2016-17,2016 Q1,Tertiary,Services,Consumer / Business Owner,54602,10.86,2.97,High,High,High,Moderate,Moderate,Export Surplus,Very Low,12,0.94,0.14,0.15,54602,1.7094292803970226,1081.9567426331832,150.05080563216723,266.27957613586875,7.68,Expansion,0.6190427494869327
2016,Q1,Real Estate,15.8,1.83,207.5,64561,110474,25648,5.14,125,124,193907,1.0,2016-17,2016 Q1,Tertiary,Services,Corporate / Property,-45913,2.49,15.29,Low,High,Low,Very High,Extremely High,Import Deficit,High,13,4.09,6.99,1.62,-45913,0.07614457831325301,11078.164556962025,1623.2911392405063,12272.59493670886,6.27,Contraction,0.4422011286086302
2016,Q1,Communication,47.93,4.91,68.0,137463,40754,19406,4.7,136,89,75148,1.0,2016-17,2016 Q1,Tertiary,Services,Consumer / Corporate,96709,7.56,5.01,Moderate,Moderate,Medium,High,High,Export Surplus,Low,14,2.87,0.85,0.4,96709,0.7048529411764706,3718.2766534529524,404.8821197579804,1567.8698101397872,-0.86,Expansion,0.46735739855131975
2016,Q1,Public Administration,19.66,-0.8,147.9,61095,105259,9024,3.27,132,132,201528,1.0,2016-17,2016 Q1,Tertiary,Services,Government,-44164,3.1,10.9,Negative,Moderate,Low,Moderate,Very High,Import Deficit,High,15,3.11,5.35,0.46,-44164,0.13292765382014873,8461.546286876908,459.0030518819939,10250.661241098678,6.53,Contraction,0.27986338606297817
2016,Q2,Agriculture,43.45,3.43,8.7,130624,48425,4838,5.81,121,112,60642,2.0,2016-17,2016 Q2,Primary,Resource & Agriculture,Farmer,82199,5.61,0.69,Moderate,High,Medium,Low,Low,Export Surplus,Very Low,1,3.01,1.11,0.11,82199,4.9942528735632195,4120.805523590333,111.34637514384349,1395.6731875719217,0.99,Contraction,0.3091347784627165
2016,Q2,Manufacturing,55.54,4.08,118.0,149781,45165,4616,7.68,138,111,224660,2.0,2016-17,2016 Q2,Secondary,Production & Infrastructure,Corporate / Industrial,104616,7.17,9.35,Moderate,Very High,Medium,Low,Very High,Export Surplus,High,3,2.7,0.81,0.08,104616,0.47067796610169493,3510.010803024847,83.11127115592366,4045.012603528988,-1.86,Expansion,0.5472816717870702
2016,Q2,Construction,22.55,2.39,51.0,142584,72952,27447,4.34,149,96,165625,2.0,2016-17,2016 Q2,Secondary,Production & Infrastructure,Corporate / Infrastructure,69632,2.91,4.04,Low,Moderate,Low,Very High,Moderate,Export Surplus,Medium,4,6.32,3.24,1.22,69632,0.4421568627450981,9558.137472283814,1217.161862527716,7344.789356984479,2.89,Contraction,0.25141928848503886
2016,Q2,Mining,72.93,4.8,167.3,124458,45975,7008,5.51,131,97,258046,2.0,2016-17,2016 Q2,Secondary,Production & Infrastructure,Corporate / Industrial,78483,9.42,13.26,Moderate,High,High,Low,Extremely High,Export Surplus,Very High,2,1.71,0.63,0.1,78483,0.43592349073520625,2336.939531057178,96.09214315096668,3538.2695735636908,-0.58,Expansion,0.7187609514512481
2016,Q2,Electricity,74.68,7.93,27.6,115811,134722,7602,6.14,130,92,93109,2.0,2016-17,2016 Q2,Secondary,Production & Infrastructure,Corporate / Utilities,-18911,9.64,2.19,High,High,High,Low,Low,Import Deficit,Low,5,1.55,1.8,0.1,-18911,2.7057971014492757,3354.7536154258164,101.79432244242099,1246.7728976968397,4.71,Expansion,0.6185592825578702
2016,Q2,IT Services,45.19,5.62,112.4,134076,100909,25956,7.9,121,127,17815,2.0,2016-17,2016 Q2,Tertiary,Services,Corporate / Professional,33167,5.83,8.91,Moderate,Very High,Medium,Very High,Very High,Export Surplus,Very Low,6,2.97,2.23,0.57,33167,0.40204626334519566,5199.933613631335,574.3748616950653,394.22438592608984,3.33,Expansion,0.5470917220860894
2016,Q2,Financial Services,18.89,5.39,85.6,113365,52367,4598,4.64,135,144,253088,2.0,2016-17,2016 Q2,Tertiary,Services,Corporate / Financial,60998,2.44,6.78,Moderate,Moderate,Low,Low,High,Export Surplus,Very High,7,6.0,2.77,0.24,60998,0.22067757009345795,8773.530968766543,243.40921122286923,13397.988353626257,5.13,Expansion,0.3889966754535978
2016,Q2,Retail,39.7,1.82,134.7,95384,8307,12427,4.2,168,87,284680,2.0,2016-17,2016 Q2,Tertiary,Services,Consumer / Business Owner,87077,5.13,10.68,Low,Moderate,Medium,Moderate,Very High,Export Surplus,Very High,8,2.4,0.21,0.31,87077,0.2947290274684484,2611.863979848866,313.0226700251889,7170.780856423174,-1.0,Contraction,0.43100799297355746
2016,Q2,Healthcare,63.69,4.95,24.0,81067,76010,17179,4.14,139,96,42711,2.0,2016-17,2016 Q2,Tertiary,Services,Patient / Healthcare Provider,5057,8.22,1.9,Moderate,Moderate,High,High,Low,Export Surplus,Very Low,9,1.27,1.19,0.27,5057,2.65375,2466.274140367405,269.7283718009107,670.6076307112577,3.11,Expansion,0.46761684183520513
2016,Q2,Education,77.08,8.71,142.4,144624,13175,16808,6.48,152,110,170478,2.0,2016-17,2016 Q2,Tertiary,Services,Student / Education Provider,131449,9.95,11.29,High,High,High,High,Very High,Export Surplus,Medium,10,1.88,0.17,0.22,131449,0.5412921348314607,2047.2106901920083,218.0591593149974,2211.7021276595747,9.34,Expansion,0.8289843911701481
2016,Q2,Transport,28.69,3.33,54.3,120362,10078,6306,6.27,114,136,136549,2.0,2016-17,2016 Q2,Tertiary,Services,Consumer / Business Owner,110284,3.7,4.3,Moderate,High,Low,Low,Moderate,Export Surplus,Medium,11,4.2,0.35,0.22,110284,0.5283609576427256,4546.531892645521,219.7978389682816,4759.463227605437,4.25,Contraction,0.31347044118726475
2016,Q2,Tourism,57.21,1.22,80.7,91928,115539,27009,4.06,170,137,146667,2.0,2016-17,2016 Q2,Tertiary,Services,Consumer / Business Owner,-23611,7.39,6.4,Low,Moderate,Medium,Very High,High,Import Deficit,Medium,12,1.61,2.02,0.47,-23611,0.7089219330855019,3626.4114665268307,472.1027792343996,2563.6601992658625,8.09,Contraction,0.40198376052349766
2016,Q2,Real Estate,57.43,7.06,44.0,122111,80127,22526,3.4,149,105,272615,2.0,2016-17,2016 Q2,Tertiary,Services,Corporate / Property,41984,7.41,3.49,High,Moderate,High,Very High,Moderate,Export Surplus,Very High,13,2.13,1.4,0.39,41984,1.3052272727272727,3521.469615183702,392.234024029253,4746.909280863661,1.83,Expansion,0.5424211576479301
2016,Q2,Communication,73.73,8.97,16.0,30929,78257,21808,6.59,125,104,110348,2.0,2016-17,2016 Q2,Tertiary,Services,Consumer / Corporate,-47328,9.52,1.27,High,High,High,High,Low,Import Deficit,Low,14,0.42,1.06,0.3,-47328,4.608125,1480.8897328088972,295.78190695781905,1496.6499389664993,4.91,Expansion,0.6317516772196043
2016,Q2,Public Administration,43.79,5.91,195.0,113677,23035,26051,6.97,158,129,39981,2.0,2016-17,2016 Q2,Tertiary,Services,Government,90642,5.65,15.46,Moderate,High,Medium,Very High,Extremely High,Export Surplus,Very Low,15,2.6,0.53,0.59,90642,0.22456410256410256,3121.991322219685,594.9075131308518,913.0166704727106,-0.8,Expansion,0.6763841711196174
2016,Q3,Agriculture,20.21,1.71,200.4,88439,33184,21214,4.88,133,94,238253,3.0,2016-17,2016 Q3,Primary,Resource & Agriculture,Farmer,55255,3.71,10.73,Low,Moderate,Low,High,Extremely High,Export Surplus,High,1,4.38,1.64,1.05,55255,0.10084830339321357,6017.961405244928,1049.6783770410686,11788.866897575457,3.43,Contraction,0.44580270717140397
2016,Q3,Manufacturing,47.46,3.27,127.8,106123,90589,4822,3.04,144,126,178338,3.0,2016-17,2016 Q3,Secondary,Production & Infrastructure,Corporate / Industrial,15534,8.7,6.84,Moderate,Moderate,Medium,Low,Very High,Export Surplus,Medium,3,2.24,1.91,0.1,15534,0.3713615023474179,4144.795617361989,101.60134850400337,3757.648546144121,4.08,Contraction,0.5013781520082311
2016,Q3,Construction,41.87,7.9,202.4,87397,62231,8181,3.2,150,142,190503,3.0,2016-17,2016 Q3,Secondary,Production & Infrastructure,Corporate / Infrastructure,25166,7.68,10.84,High,Moderate,Medium,Moderate,Extremely High,Export Surplus,High,4,2.09,1.49,0.2,25166,0.2068675889328063,3573.6326725579174,195.39049438738954,4549.868641031765,2.39,Expansion,0.7461457544644929
2016,Q3,Mining,18.35,5.1,158.2,120399,54720,19889,5.98,146,114,64129,3.0,2016-17,2016 Q3,Secondary,Production & Infrastructure,Corporate / Industrial,65679,3.36,8.47,Moderate,High,Low,High,Extremely High,Export Surplus,Very Low,2,6.56,2.98,1.08,65679,0.11599241466498106,9543.269754768391,1083.8692098092642,3494.7683923705717,4.8,Expansion,0.4872989569003643
2016,Q3,Electricity,22.8,-0.81,23.5,66440,99100,9219,6.46,152,101,10550,3.0,2016-17,2016 Q3,Secondary,Production & Infrastructure,Corporate / Utilities,-32660,4.18,1.26,Negative,High,Low,Moderate,Low,Import Deficit,Very Low,5,2.91,4.35,0.4,-32660,0.9702127659574469,7260.526315789473,404.34210526315786,462.719298245614,7.93,Contraction,0.10371291944421628
2016,Q3,IT Services,53.42,8.73,129.5,55015,96191,22836,3.11,127,99,224066,3.0,2016-17,2016 Q3,Tertiary,Services,Corporate / Professional,-41176,9.79,6.93,High,Moderate,Medium,Very High,Very High,Import Deficit,High,6,1.03,1.8,0.43,-41176,0.41250965250965255,2830.51291651067,427.4803444402845,4194.421564956945,5.62,Expansion,0.7113687221405237
2016,Q3,Financial Services,19.69,6.3,28.9,92913,18335,15264,3.23,141,143,285734,3.0,2016-17,2016 Q3,Tertiary,Services,Corporate / Financial,74578,3.61,1.55,High,Moderate,Low,High,Low,Export Surplus,Very High,7,4.72,0.93,0.78,74578,0.6813148788927337,5649.974606399187,775.215845606907,14511.630269172168,5.39,Expansion,0.33665358656614147
2016,Q3,Retail,16.47,5.15,27.5,42105,68797,28365,5.32,153,116,38381,3.0,2016-17,2016 Q3,Tertiary,Services,Consumer / Business Owner,-26692,3.02,1.47,Moderate,High,Low,Very High,Low,Import Deficit,Very Low,8,2.56,4.18,1.72,-26692,0.5989090909090908,6733.57619914997,1722.2222222222224,2330.3582270795387,1.82,Expansion,0.28264708573895014
2016,Q3,Healthcare,59.32,6.48,51.3,101694,110920,28790,6.73,122,116,242001,3.0,2016-17,2016 Q3,Tertiary,Services,Patient / Healthcare Provider,-9226,10.88,2.75,High,High,High,Very High,Moderate,Import Deficit,Very High,9,1.71,1.87,0.49,-9226,1.1563352826510722,3584.187457855698,485.3337828725556,4079.585300067431,4.95,Expansion,0.5419993202070702
2016,Q3,Education,70.19,2.68,209.6,39095,114571,10124,3.58,177,141,245092,3.0,2016-17,2016 Q3,Tertiary,Services,Student / Education Provider,-75476,12.87,11.22,Low,Moderate,High,Moderate,Extremely High,Import Deficit,Very High,10,0.56,1.63,0.14,-75476,0.33487595419847327,2189.286223108705,144.23707080780738,3491.836443937883,8.71,Contraction,0.7006890240387951
2016,Q3,Transport,17.38,2.01,94.2,36104,69351,2577,2.18,138,145,150204,3.0,2016-17,2016 Q3,Tertiary,Services,Consumer / Business Owner,-33247,3.19,5.04,Low,Low,Low,Low,High,Import Deficit,Medium,11,2.08,3.99,0.15,-33247,0.18450106157112525,6067.606444188723,148.27387802071348,8642.34752589183,3.33,Contraction,0.28275222378622317
2016,Q3,Tourism,38.8,5.44,78.7,24679,126924,29014,7.8,130,127,137148,3.0,2016-17,2016 Q3,Tertiary,Services,Consumer / Business Owner,-102245,7.11,4.21,Moderate,Very High,Medium,Very High,High,Import Deficit,Medium,12,0.64,3.27,0.75,-102245,0.4930114358322744,3907.29381443299,747.7835051546392,3534.7422680412374,1.22,Expansion,0.46324176382724147
2016,Q3,Real Estate,32.31,2.27,179.4,66381,37056,5505,5.4,166,108,135390,3.0,2016-17,2016 Q3,Tertiary,Services,Corporate / Property,29325,5.92,9.61,Low,High,Low,Low,Extremely High,Export Surplus,Medium,13,2.05,1.15,0.17,29325,0.18010033444816054,3201.392757660167,170.38068709377902,4190.343546889508,7.06,Contraction,0.483108331048458
2016,Q3,Communication,11.94,9.5,190.7,34989,57172,10214,7.91,105,115,178171,3.0,2016-17,2016 Q3,Tertiary,Services,Consumer / Corporate,-22183,2.19,10.21,High,Very High,Low,Moderate,Extremely High,Import Deficit,Medium,14,2.93,4.79,0.86,-22183,0.06261143156790772,7718.676716917923,855.4438860971525,14922.194304857621,8.97,Expansion,0.6570231272635363
2016,Q3,Public Administration,75.22,4.35,165.3,139673,94706,18942,2.14,153,140,107753,3.0,2016-17,2016 Q3,Tertiary,Services,Government,44967,13.79,8.85,Moderate,Low,High,High,Extremely High,Export Surplus,Low,15,1.86,1.26,0.25,44967,0.4550514216575922,3115.913320925286,251.82132411592661,1432.5046530178145,5.91,Expansion,0.710231023405778
2016,Q4,Agriculture,44.04,4.85,103.7,144072,97358,24834,7.17,102,145,100616,4.0,2016-17,2016 Q4,Primary,Resource & Agriculture,Farmer,46714,6.87,7.73,Moderate,Very High,Medium,Very High,Very High,Export Surplus,Low,1,3.27,2.21,0.56,46714,0.4246865959498553,5482.061762034514,563.8964577656676,2284.6503178928247,1.71,Expansion,0.5033389152588817
2016,Q4,Manufacturing,18.17,-0.13,126.6,113257,72543,20649,3.67,141,91,249839,4.0,2016-17,2016 Q4,Secondary,Production & Infrastructure,Corporate / Industrial,40714,2.84,9.44,Negative,Moderate,Low,High,Very High,Export Surplus,Very High,3,6.23,3.99,1.14,40714,0.143522906793049,10225.646670335716,1136.4336818932304,13750.082553659877,3.27,Contraction,0.26370235396866243
2016,Q4,Construction,35.43,8.33,113.6,141859,56005,24056,5.99,120,93,127825,4.0,2016-17,2016 Q4,Secondary,Production & Infrastructure,Corporate / Infrastructure,85854,5.53,8.47,High,High,Medium,Very High,Very High,Export Surplus,Low,4,4.0,1.58,0.68,85854,0.3118838028169014,5584.64578041208,678.9726220716907,3607.8182331357607,7.9,Expansion,0.598806726134792
2016,Q4,Mining,68.64,1.65,17.5,12614,101546,14099,6.61,137,117,181485,4.0,2016-17,2016 Q4,Secondary,Production & Infrastructure,Corporate / Industrial,-88932,10.71,1.3,Low,High,High,Moderate,Low,Import Deficit,Medium,2,0.18,1.48,0.21,-88932,3.922285714285714,1663.170163170163,205.40501165501166,2644.012237762238,5.1,Contraction,0.36806315935943784
2016,Q4,Electricity,48.93,1.76,67.6,91452,68706,12342,5.0,166,98,71127,4.0,2016-17,2016 Q4,Secondary,Production & Infrastructure,Corporate / Utilities,22746,7.63,5.04,Low,Moderate,Medium,Moderate,High,Export Surplus,Low,5,1.87,1.4,0.25,22746,0.7238165680473373,3273.2066217044758,252.23789086450032,1453.648068669528,-0.81,Contraction,0.3656053689996943
2016,Q4,IT Services,59.6,1.75,124.4,25603,88335,17812,3.17,122,123,246264,4.0,2016-17,2016 Q4,Tertiary,Services,Corporate / Professional,-62732,9.3,9.27,Low,Moderate,High,High,Very High,Import Deficit,Very High,6,0.43,1.48,0.3,-62732,0.4790996784565916,1911.711409395973,298.8590604026846,4131.946308724832,8.73,Contraction,0.49603608183424114
2016,Q4,Financial Services,27.69,3.8,31.4,88512,97874,29627,2.16,155,144,143559,4.0,2016-17,2016 Q4,Tertiary,Services,Corporate / Financial,-9362,4.32,2.34,Moderate,Low,Low,Very High,Moderate,Import Deficit,Medium,7,3.2,3.53,1.07,-9362,0.8818471337579619,6731.166486096064,1069.9530516431923,5184.507042253521,6.3,Contraction,0.29023688375774925
2016,Q4,Retail,68.56,8.2,63.0,145901,13280,6694,4.17,177,90,122940,4.0,2016-17,2016 Q4,Tertiary,Services,Consumer / Business Owner,132621,10.7,4.7,High,Moderate,High,Low,High,Export Surplus,Low,8,2.13,0.19,0.1,132621,1.0882539682539683,2321.776546091015,97.63710618436406,1793.173862310385,5.15,Expansion,0.6558161861330453
2016,Q4,Healthcare,77.61,6.56,136.9,148501,36678,16099,4.45,135,89,268285,4.0,2016-17,2016 Q4,Tertiary,Services,Patient / Healthcare Provider,111823,12.11,10.21,High,Moderate,High,High,Very High,Export Surplus,Very High,9,1.91,0.47,0.21,111823,0.5669101533966399,2386.0198428037625,207.43460894214664,3456.835459348022,6.48,Expansion,0.7509605821996619
2016,Q4,Education,45.91,6.43,116.9,91671,139566,11389,6.81,173,114,136358,4.0,2016-17,2016 Q4,Tertiary,Services,Student / Education Provider,-47895,7.16,8.72,High,High,Medium,Moderate,Very High,Import Deficit,Medium,10,2.0,3.04,0.25,-47895,0.39272882805816933,5036.745807013723,248.07231539969507,2970.1154432585495,2.68,Expansion,0.584010057602489
2016,Q4,Transport,13.11,6.39,216.2,129961,41924,26819,6.17,135,100,54261,4.0,2016-17,2016 Q4,Tertiary,Services,Consumer / Business Owner,88037,2.05,16.12,High,High,Low,Very High,Extremely High,Export Surplus,Very Low,11,9.91,3.2,2.05,88037,0.06063829787234042,13110.983981693364,2045.6903127383678,4138.901601830664,2.01,Expansion,0.596649388917628
2016,Q4,Tourism,20.69,8.55,30.6,93663,116957,5387,5.19,126,143,264909,4.0,2016-17,2016 Q4,Tertiary,Services,Consumer / Business Owner,-23294,3.23,2.28,High,High,Low,Low,Moderate,Import Deficit,Very High,12,4.53,5.65,0.26,-23294,0.6761437908496732,10179.797003383277,260.36732721121314,12803.721604639923,5.44,Expansion,0.41863224794836557
2016,Q4,Real Estate,26.64,4.27,62.0,145604,28218,8490,2.92,102,94,114255,4.0,2016-17,2016 Q4,Tertiary,Services,Corporate / Property,117386,4.16,4.62,Moderate,Low,Low,Moderate,High,Export Surplus,Low,13,5.47,1.06,0.32,117386,0.4296774193548387,6524.849849849849,318.69369369369366,4288.851351351352,2.27,Expansion,0.3480400127219148
2016,Q4,Communication,36.65,6.39,23.5,128312,58393,16105,7.07,151,90,272750,4.0,2016-17,2016 Q4,Tertiary,Services,Consumer / Corporate,69919,5.72,1.75,High,Very High,Medium,High,Low,Export Surplus,Very High,14,3.5,1.59,0.44,69919,1.5595744680851062,5094.270122783083,439.4270122783083,7442.019099590723,9.5,Expansion,0.4022084142714168
2016,Q4,Public Administration,49.21,6.66,107.4,108863,9384,13056,2.47,164,104,229431,4.0,2016-17,2016 Q4,Tertiary,Services,Government,99479,7.68,8.01,High,Low,Medium,Moderate,Very High,Export Surplus,High,15,2.21,0.19,0.27,99479,0.45819366852886406,2402.905913432229,265.3119284698232,4662.284088599878,4.35,Expansion,0.5910385522379399
2017,Q1,Agriculture,47.09,4.77,200.4,129306,130044,9062,3.37,134,86,35950,1.0,2017-18,2017 Q1,Primary,Resource & Agriculture,Farmer,-738,7.78,13.41,Moderate,Moderate,Medium,Moderate,Extremely High,Import Deficit,Very Low,1,2.75,2.76,0.19,-738,0.2349800399201597,5507.538755574432,192.44000849437248,763.4317264812062,4.85,Expansion,0.6602357698433392
2017,Q1,Manufacturing,39.26,8.66,214.9,85197,128654,10660,7.1,105,129,89151,1.0,2017-18,2017 Q1,Secondary,Production & Infrastructure,Corporate / Industrial,-43457,6.49,14.38,High,Very High,Medium,Moderate,Extremely High,Import Deficit,Low,3,2.17,3.28,0.27,-43457,0.18268962308050254,5447.045338767193,271.52317880794703,2270.7845134997456,-0.13,Expansion,0.7796506043965296
2017,Q1,Construction,39.95,5.4,27.7,143361,8311,22880,2.04,152,131,210510,1.0,2017-18,2017 Q1,Secondary,Production & Infrastructure,Corporate / Infrastructure,135050,6.6,1.85,Moderate,Low,Medium,Very High,Low,Export Surplus,High,4,3.59,0.21,0.57,135050,1.4422382671480145,3796.5456821026282,572.7158948685857,5269.336670838547,8.33,Expansion,0.38925273466813026
2017,Q1,Mining,56.43,8.3,12.4,136462,123056,19119,3.04,139,129,207530,1.0,2017-18,2017 Q1,Secondary,Production & Infrastructure,Corporate / Industrial,13406,9.33,0.83,High,Moderate,Medium,High,Low,Export Surplus,High,2,2.42,2.18,0.34,13406,4.550806451612903,4598.9367357788415,338.809144072302,3677.6537302853094,1.65,Expansion,0.5317196534776608
2017,Q1,Electricity,59.62,4.37,35.6,27780,90718,2069,5.13,104,108,113198,1.0,2017-18,2017 Q1,Secondary,Production & Infrastructure,Corporate / Utilities,-62938,9.86,2.38,Moderate,High,High,Low,Moderate,Import Deficit,Low,5,0.47,1.52,0.03,-62938,1.6747191011235953,1987.5545119087556,34.703119758470315,1898.6581683998659,1.76,Expansion,0.4488636945029117
2017,Q1,IT Services,69.7,4.86,152.8,127316,62632,23558,6.98,154,137,234189,1.0,2017-18,2017 Q1,Tertiary,Services,Corporate / Professional,64684,11.52,10.22,Moderate,High,High,Very High,Extremely High,Export Surplus,High,6,1.83,0.9,0.34,64684,0.456151832460733,2725.222381635581,337.9913916786227,3359.9569583931134,1.75,Expansion,0.6852737366571807
2017,Q1,Financial Services,58.23,5.73,10.6,124576,131032,16365,5.3,130,126,183231,1.0,2017-18,2017 Q1,Tertiary,Services,Corporate / Financial,-6456,9.63,0.71,Moderate,High,High,High,Low,Import Deficit,High,7,2.14,2.25,0.28,-6456,5.493396226415094,4389.627339859179,281.0407006697579,3146.676970633694,3.8,Expansion,0.45057017530029064
2017,Q1,Retail,45.52,3.87,126.7,111591,136505,16701,2.15,126,87,96397,1.0,2017-18,2017 Q1,Tertiary,Services,Consumer / Business Owner,-24914,7.52,8.48,Moderate,Low,Medium,High,Very High,Import Deficit,Low,8,2.45,3.0,0.37,-24914,0.35927387529597477,5450.263620386643,366.89367311072056,2117.68453427065,8.2,Contraction,0.5116754320506516
2017,Q1,Healthcare,19.12,6.94,194.0,70970,76584,19633,6.78,139,133,231983,1.0,2017-18,2017 Q1,Tertiary,Services,Patient / Healthcare Provider,-5614,3.16,12.98,High,High,Low,High,Extremely High,Import Deficit,High,9,3.71,4.01,1.03,-5614,0.09855670103092784,7717.259414225941,1026.8305439330543,12133.002092050208,6.56,Expansion,0.6063947739635024
2017,Q1,Education,15.37,7.07,204.4,72125,117136,17407,4.0,173,121,144323,1.0,2017-18,2017 Q1,Tertiary,Services,Student / Education Provider,-45011,2.54,13.68,High,Moderate,Low,High,Extremely High,Import Deficit,Medium,10,4.69,7.62,1.13,-45011,0.07519569471624266,12313.66297983084,1132.5309043591412,9389.915419648667,6.43,Expansion,0.6108920184991177
2017,Q1,Transport,42.67,-0.19,67.8,139122,21134,3295,3.68,103,117,56207,1.0,2017-18,2017 Q1,Tertiary,Services,Consumer / Business Owner,117988,7.05,4.54,Negative,Moderate,Medium,Low,High,Export Surplus,Very Low,11,3.26,0.5,0.08,117988,0.6293510324483776,3755.7065854230136,77.22052964612139,1317.2486524490273,6.39,Contraction,0.27460079268425047
2017,Q1,Tourism,20.03,5.4,13.8,38592,69413,25463,4.09,174,134,251392,1.0,2017-18,2017 Q1,Tertiary,Services,Consumer / Business Owner,-30821,3.31,0.92,Moderate,Moderate,Low,Very High,Low,Import Deficit,Very High,12,1.93,3.47,1.27,-30821,1.451449275362319,5392.161757363954,1271.2431352970543,12550.773839241137,8.55,Expansion,0.28505067439664217
2017,Q1,Real Estate,23.39,8.33,42.5,124287,115190,18654,6.2,124,144,276272,1.0,2017-18,2017 Q1,Tertiary,Services,Corporate / Property,9097,3.87,2.84,High,High,Low,High,Moderate,Export Surplus,Very High,13,5.31,4.92,0.8,9097,0.5503529411764706,10238.435228730226,797.5203078238563,11811.543394613082,4.27,Expansion,0.440610893256365
2017,Q1,Communication,55.39,4.48,71.0,146323,28026,10703,6.58,145,129,152019,1.0,2017-18,2017 Q1,Tertiary,Services,Consumer / Corporate,118297,9.16,4.75,Moderate,High,Medium,Moderate,High,Export Surplus,Medium,14,2.64,0.51,0.19,118297,0.7801408450704226,3147.6620328579165,193.22982487813684,2744.520671601372,6.39,Expansion,0.48865508595334256
2017,Q1,Public Administration,13.19,5.12,120.0,144604,14594,28963,2.21,150,106,105892,1.0,2017-18,2017 Q1,Tertiary,Services,Government,130010,2.18,8.03,Moderate,Low,Low,Very High,Very High,Export Surplus,Low,15,10.96,1.11,2.2,130010,0.10991666666666666,12069.598180439727,2195.8301743745265,8028.203184230478,6.66,Expansion,0.4084327846233034
2017,Q2,Agriculture,67.14,1.38,216.3,100248,105612,9935,2.15,107,116,52371,2.0,2017-18,2017 Q2,Primary,Resource & Agriculture,Farmer,-5364,8.8,12.27,Low,Low,High,Moderate,Extremely High,Import Deficit,Very Low,1,1.49,1.57,0.15,-5364,0.3104022191400832,3066.1304736371762,147.974381888591,780.0268096514745,4.77,Contraction,0.6546772925533233
2017,Q2,Manufacturing,79.55,8.74,216.8,13985,106861,9741,2.93,165,105,121234,2.0,2017-18,2017 Q2,Secondary,Production & Infrastructure,Corporate / Industrial,-92876,10.42,12.3,High,Low,High,Moderate,Extremely High,Import Deficit,Low,3,0.18,1.34,0.12,-92876,0.3669280442804428,1519.120050282841,122.45128849780014,1523.997485857951,8.66,Expansion,0.9532747126986606
2017,Q2,Construction,50.1,9.8,139.7,97383,23642,20363,3.71,113,112,79019,2.0,2017-18,2017 Q2,Secondary,Production & Infrastructure,Corporate / Infrastructure,73741,6.56,7.92,High,Moderate,Medium,High,Very High,Export Surplus,Low,4,1.94,0.47,0.41,73741,0.35862562634216183,2415.6686626746505,406.44710578842313,1577.2255489021957,5.4,Expansion,0.7487835468427478
2017,Q2,Mining,43.96,9.71,86.6,56853,82658,29241,7.21,116,136,249530,2.0,2017-18,2017 Q2,Secondary,Production & Infrastructure,Corporate / Industrial,-25805,5.76,4.91,High,Very High,Medium,Very High,High,Import Deficit,Very High,2,1.29,1.88,0.67,-25805,0.507621247113164,3173.589626933576,665.1728844404004,5676.296633303003,8.3,Expansion,0.6395245595509521
2017,Q2,Electricity,54.26,-1.31,15.1,57186,63464,28117,7.48,149,112,219126,2.0,2017-18,2017 Q2,Secondary,Production & Infrastructure,Corporate / Utilities,-6278,7.11,0.86,Negative,Very High,Medium,Very High,Low,Import Deficit,High,5,1.05,1.17,0.52,-6278,3.5933774834437084,2223.5532620715076,518.1901953556949,4038.444526354589,4.37,Contraction,0.2054708062618209
2017,Q2,IT Services,31.78,1.38,196.8,82907,97389,21817,2.3,132,101,284082,2.0,2017-18,2017 Q2,Tertiary,Services,Corporate / Professional,-14482,4.16,11.16,Low,Low,Low,High,Extremely High,Import Deficit,Very High,6,2.61,3.06,0.69,-14482,0.16148373983739836,5673.253618628068,686.5009439899308,8939.018250471994,4.86,Contraction,0.4775652662769894
2017,Q2,Financial Services,30.78,4.43,197.5,114757,54577,7876,4.87,145,107,204802,2.0,2017-18,2017 Q2,Tertiary,Services,Corporate / Financial,60180,4.03,11.2,Moderate,Moderate,Low,Low,Extremely High,Export Surplus,High,7,3.73,1.77,0.26,60180,0.1558481012658228,5501.429499675113,255.8804418453541,6653.7361923326835,5.73,Expansion,0.5764295132706142
2017,Q2,Retail,66.17,9.96,125.7,141237,66097,17856,7.11,180,122,43360,2.0,2017-18,2017 Q2,Tertiary,Services,Consumer / Business Owner,75140,8.67,7.13,High,Very High,High,High,Very High,Export Surplus,Very Low,8,2.13,1.0,0.27,75140,0.526412092283214,3133.3534834517154,269.85038537101406,655.2818497808674,3.87,Expansion,0.7999062342235962
2017,Q2,Healthcare,26.5,2.37,45.6,144821,10618,21612,6.34,115,135,298329,2.0,2017-18,2017 Q2,Tertiary,Services,Patient / Healthcare Provider,134203,3.47,2.59,Low,High,Low,High,Moderate,Export Surplus,Very High,9,5.46,0.4,0.82,134203,0.581140350877193,5865.622641509434,815.5471698113207,11257.698113207547,6.94,Contraction,0.25902703003132405
2017,Q2,Education,73.64,-0.54,24.1,122418,113232,4944,5.09,139,98,162276,2.0,2017-18,2017 Q2,Tertiary,Services,Student / Education Provider,9186,9.65,1.37,Negative,High,High,Low,Low,Export Surplus,Medium,10,1.66,1.54,0.07,9186,3.055601659751037,3200.0271591526343,67.13742531233025,2203.6393264530147,7.07,Contraction,0.3257230766560046
2017,Q2,Transport,37.12,3.98,68.4,53766,60368,17624,2.64,130,95,79720,2.0,2017-18,2017 Q2,Tertiary,Services,Consumer / Business Owner,-6602,4.86,3.88,Moderate,Low,Medium,High,High,Import Deficit,Low,11,1.45,1.63,0.47,-6602,0.5426900584795321,3074.7306034482763,474.7844827586207,2147.629310344828,-0.19,Expansion,0.39177916425420944
2017,Q2,Tourism,45.06,-1.9,31.3,104730,103399,13837,3.19,121,120,218928,2.0,2017-18,2017 Q2,Tertiary,Services,Consumer / Business Owner,1331,5.9,1.78,Negative,Moderate,Medium,Moderate,Moderate,Export Surplus,High,12,2.32,2.29,0.31,1331,1.4396166134185304,4618.930315135375,307.07944962272524,4858.588548601864,5.4,Contraction,0.17196982190155344
2017,Q2,Real Estate,49.09,9.92,55.8,133370,95586,16490,4.29,154,140,162935,2.0,2017-18,2017 Q2,Tertiary,Services,Corporate / Property,37784,6.43,3.16,High,Moderate,Medium,High,Moderate,Export Surplus,Medium,13,2.72,1.95,0.34,37784,0.8797491039426525,4664.004888979425,335.9136280301487,3319.107761254838,8.33,Expansion,0.6211717278300829
2017,Q2,Communication,34.82,3.94,176.9,103749,81062,5342,2.04,108,85,104093,2.0,2017-18,2017 Q2,Tertiary,Services,Consumer / Corporate,22687,4.56,10.03,Moderate,Low,Medium,Low,Extremely High,Export Surplus,Low,14,2.98,2.33,0.15,22687,0.1968343697003957,5307.610568638714,153.41757610568638,2989.4600804135553,4.48,Expansion,0.5456161052188526
2017,Q2,Public Administration,73.34,7.25,166.7,99662,71529,4798,7.35,150,133,163541,2.0,2017-18,2017 Q2,Tertiary,Services,Government,28133,9.61,9.45,High,Very High,High,Low,Extremely High,Export Surplus,Medium,15,1.36,0.98,0.07,28133,0.43995200959808045,2334.210526315789,65.42132533406054,2229.9018271066266,5.12,Expansion,0.8014724509712202
2017,Q3,Agriculture,72.4,0.82,38.4,60437,122088,7935,5.73,170,106,45481,3.0,2017-18,2017 Q3,Primary,Resource & Agriculture,Farmer,-61651,9.6,2.58,Low,High,High,Moderate,Moderate,Import Deficit,Very Low,1,0.83,1.69,0.11,-61651,1.885416666666667,2521.0635359116022,109.59944751381215,628.1906077348066,1.38,Contraction,0.38773635476436735
2017,Q3,Manufacturing,61.54,7.38,119.3,30734,104320,3817,6.0,167,104,34499,3.0,2017-18,2017 Q3,Secondary,Production & Infrastructure,Corporate / Industrial,-73586,8.16,8.03,High,High,High,Low,Very High,Import Deficit,Very Low,3,0.5,1.7,0.06,-73586,0.5158424140821458,2194.572635684108,62.024699382515436,560.5947351316217,8.74,Expansion,0.6846150051932168
2017,Q3,Construction,23.45,1.04,142.9,130376,68878,10580,7.73,136,99,197420,3.0,2017-18,2017 Q3,Secondary,Production & Infrastructure,Corporate / Infrastructure,61498,3.11,9.62,Low,Very High,Low,Moderate,Very High,Export Surplus,High,4,5.56,2.94,0.45,61498,0.16410076976906926,8496.972281449893,451.17270788912583,8418.763326226013,9.8,Contraction,0.3495977109310718
2017,Q3,Mining,20.98,9.43,183.0,72498,41761,14093,2.02,149,123,115785,3.0,2017-18,2017 Q3,Secondary,Production & Infrastructure,Corporate / Industrial,30737,2.78,12.32,High,Low,Low,Moderate,Extremely High,Export Surplus,Low,2,3.46,1.99,0.67,30737,0.1146448087431694,5446.091515729266,671.7349857006673,5518.827454718779,9.71,Expansion,0.680698620042086
2017,Q3,Electricity,69.15,2.46,163.4,45299,78220,8518,7.11,134,115,21466,3.0,2017-18,2017 Q3,Secondary,Production & Infrastructure,Corporate / Utilities,-32921,9.17,11.0,Low,Very High,High,Moderate,Extremely High,Import Deficit,Very Low,5,0.66,1.13,0.12,-32921,0.4231946144430845,1786.2472885032537,123.1814895155459,310.42660882140274,-1.31,Contraction,0.6188359573800195
2017,Q3,IT Services,67.41,9.02,13.4,132882,124162,27071,3.42,169,137,280302,3.0,2017-18,2017 Q3,Tertiary,Services,Corporate / Professional,8720,8.94,0.9,High,Moderate,High,Very High,Low,Export Surplus,Very High,6,1.97,1.84,0.4,8720,5.030597014925373,3813.1434505266284,401.5873015873016,4158.166444147752,1.38,Expansion,0.6031119997305133
2017,Q3,Financial Services,48.59,0.83,115.3,80182,92066,10023,5.37,158,144,298110,3.0,2017-18,2017 Q3,Tertiary,Services,Corporate / Financial,-11884,6.44,7.76,Low,High,Medium,Moderate,Very High,Import Deficit,Very High,7,1.65,1.89,0.21,-11884,0.4214223764093669,3544.9269396995264,206.2770117308088,6135.2130067915205,4.43,Contraction,0.4055311845795005
2017,Q3,Retail,17.32,5.93,127.6,78741,110242,4949,4.64,156,135,112134,3.0,2017-18,2017 Q3,Tertiary,Services,Consumer / Business Owner,-31501,2.3,8.59,Moderate,Moderate,Low,Low,Very High,Import Deficit,Low,8,4.55,6.37,0.29,-31501,0.13573667711598747,10911.258660508083,285.7390300230947,6474.249422632794,9.96,Expansion,0.4642831247952821
2017,Q3,Healthcare,72.22,9.48,39.4,61883,105388,13824,4.01,112,125,297503,3.0,2017-18,2017 Q3,Tertiary,Services,Patient / Healthcare Provider,-43505,9.57,2.65,High,Moderate,High,Moderate,Moderate,Import Deficit,Very High,9,0.86,1.46,0.19,-43505,1.832994923857868,2316.1312655774022,191.41512046524508,4119.3990584325675,2.37,Expansion,0.6780393854335441
2017,Q3,Education,50.61,-1.82,122.0,55392,36802,8544,3.43,150,138,66663,3.0,2017-18,2017 Q3,Tertiary,Services,Student / Education Provider,18590,6.71,8.21,Negative,Moderate,Medium,Moderate,Very High,Export Surplus,Very Low,10,1.09,0.73,0.17,18590,0.4148360655737705,1821.6557992491603,168.82039122703023,1317.190278601067,-0.54,Contraction,0.33553283926681315
2017,Q3,Transport,66.93,8.94,28.1,35939,100236,13872,7.27,106,144,220241,3.0,2017-18,2017 Q3,Tertiary,Services,Consumer / Business Owner,-64297,8.87,1.89,High,Very High,High,Moderate,Low,Import Deficit,High,11,0.54,1.5,0.21,-64297,2.3818505338078295,2034.588375915135,207.26131779471086,3290.6170626027188,3.98,Expansion,0.6207585188721078
2017,Q3,Tourism,72.22,-1.58,142.6,117665,114353,25398,3.66,132,125,271649,3.0,2017-18,2017 Q3,Tertiary,Services,Consumer / Business Owner,3312,9.57,9.6,Negative,Moderate,High,Very High,Very High,Export Surplus,Very High,12,1.63,1.58,0.35,3312,0.5064516129032258,3212.6557740238163,351.6754361672667,3761.409581833287,-1.9,Contraction,0.46498320855057934
2017,Q3,Real Estate,23.89,1.91,144.7,78126,122691,7884,3.26,146,121,143752,3.0,2017-18,2017 Q3,Tertiary,Services,Corporate / Property,-44565,3.17,9.74,Low,Moderate,Low,Low,Very High,Import Deficit,Medium,13,3.27,5.14,0.33,-44565,0.16510020732550104,8405.902051067393,330.01255755546254,6017.2457095018835,9.92,Contraction,0.3832538560663088
2017,Q3,Communication,62.95,2.09,30.2,26321,135221,18232,4.97,144,91,219462,3.0,2017-18,2017 Q3,Tertiary,Services,Consumer / Corporate,-108900,8.34,2.03,Low,Moderate,High,High,Moderate,Import Deficit,High,14,0.42,2.15,0.29,-108900,2.0844370860927155,2566.195393169182,289.626687847498,3486.290706910246,3.94,Contraction,0.3783251798191964
2017,Q3,Public Administration,24.77,0.5,75.6,37276,122975,549,4.12,131,85,245164,3.0,2017-18,2017 Q3,Tertiary,Services,Government,-85699,3.28,5.09,Low,Moderate,Low,Low,High,Import Deficit,Very High,15,1.5,4.96,0.02,-85699,0.3276455026455027,6469.5599515543,22.163907953169158,9897.618086394832,7.25,Contraction,0.2348477687286358
2017,Q4,Agriculture,28.26,5.39,69.8,108954,133743,18796,7.16,123,102,72816,4.0,2017-18,2017 Q4,Primary,Resource & Agriculture,Farmer,-24789,4.38,4.66,Moderate,Very High,Low,High,High,Import Deficit,Low,1,3.86,4.73,0.67,-24789,0.4048710601719198,8588.004246284501,665.1096956829441,2576.645435244161,0.82,Expansion,0.4040883878745664
2017,Q4,Manufacturing,65.62,6.66,139.0,121569,74397,20560,2.12,138,102,53684,4.0,2017-18,2017 Q4,Secondary,Production & Infrastructure,Corporate / Industrial,47172,10.18,9.28,High,Low,High,High,Very High,Export Surplus,Very Low,3,1.85,1.13,0.31,47172,0.4720863309352518,2986.3761048460833,313.31911002743067,818.1042365132581,7.38,Expansion,0.7074784119244303
2017,Q4,Construction,23.79,1.64,49.1,104769,55767,25220,4.31,102,112,107727,4.0,2017-18,2017 Q4,Secondary,Production & Infrastructure,Corporate / Infrastructure,49002,3.69,3.28,Low,Moderate,Low,Very High,Moderate,Export Surplus,Low,4,4.4,2.34,1.06,49002,0.4845213849287169,6748.0453972257255,1060.1092896174864,4528.247162673392,1.04,Contraction,0.2286312030389452
2017,Q4,Mining,78.09,3.83,67.8,105099,107054,8869,3.21,129,135,90779,4.0,2017-18,2017 Q4,Secondary,Production & Infrastructure,Corporate / Industrial,-1955,12.11,4.53,Moderate,Moderate,High,Moderate,High,Import Deficit,Low,2,1.35,1.37,0.11,-1955,1.1517699115044249,2716.775515430913,113.57408118837239,1162.4919964143935,9.43,Contraction,0.5567535538919968
2017,Q4,Electricity,39.66,8.02,39.2,111491,42090,25474,5.64,152,125,250344,4.0,2017-18,2017 Q4,Secondary,Production & Infrastructure,Corporate / Utilities,69401,6.15,2.62,High,High,Medium,Very High,Moderate,Export Surplus,Very High,5,2.81,1.06,0.64,69401,1.0117346938775509,3872.440746343924,642.3096318709028,6312.254160363087,2.46,Expansion,0.4931030953086792
2017,Q4,IT Services,37.03,4.28,26.1,14248,21386,14144,3.72,168,137,221663,4.0,2017-18,2017 Q4,Tertiary,Services,Corporate / Professional,-7138,5.74,1.74,Moderate,Moderate,Medium,Moderate,Low,Import Deficit,High,6,0.38,0.58,0.38,-7138,1.4187739463601532,962.3008371590602,381.96057250877664,5986.038347285984,9.02,Expansion,0.3371969301247641
2017,Q4,Financial Services,13.61,0.45,37.4,122283,63697,21283,3.54,152,128,15386,4.0,2017-18,2017 Q4,Tertiary,Services,Corporate / Financial,58586,2.11,2.5,Low,Moderate,Low,High,Moderate,Export Surplus,Very Low,7,8.98,4.68,1.56,58586,0.363903743315508,13664.952240999266,1563.7766348273328,1130.4922850844966,0.83,Contraction,0.12861308537879126
2017,Q4,Retail,28.96,-0.94,9.4,137064,25914,10645,2.87,107,94,94679,4.0,2017-18,2017 Q4,Tertiary,Services,Consumer / Business Owner,111150,4.49,0.63,Negative,Low,Low,Moderate,Low,Export Surplus,Low,8,4.73,0.89,0.37,111150,3.0808510638297872,5627.693370165745,367.5759668508287,3269.3024861878453,5.93,Contraction,0.10364982049778733
2017,Q4,Healthcare,54.97,2.13,164.0,84626,83495,2803,4.9,127,116,203116,4.0,2017-18,2017 Q4,Tertiary,Services,Patient / Healthcare Provider,1131,8.53,10.95,Low,Moderate,Medium,Low,Extremely High,Export Surplus,High,9,1.54,1.52,0.05,1131,0.3351829268292683,3058.413680189194,50.99144988175369,3695.0336547207567,9.48,Contraction,0.5495641428684367
2017,Q4,Education,64.6,-1.23,157.5,140897,71127,15662,7.75,174,142,110927,4.0,2017-18,2017 Q4,Tertiary,Services,Student / Education Provider,69770,10.02,10.52,Negative,Very High,High,High,Extremely High,Export Surplus,Low,10,2.18,1.1,0.24,69770,0.4101587301587301,3282.105263157895,242.44582043343655,1717.136222910217,-1.82,Contraction,0.4675264045459903
2017,Q4,Transport,78.84,1.2,214.6,144858,137000,28788,5.38,101,85,66603,4.0,2017-18,2017 Q4,Tertiary,Services,Consumer / Business Owner,7858,12.23,14.33,Low,High,High,Very High,Extremely High,Export Surplus,Very Low,11,1.84,1.74,0.37,7858,0.36738117427772604,3575.0634195839675,365.14459665144597,844.786910197869,8.94,Contraction,0.6948825190044571
2017,Q4,Tourism,13.15,6.9,62.5,99974,97069,22260,4.07,160,138,135960,4.0,2017-18,2017 Q4,Tertiary,Services,Consumer / Business Owner,2905,2.04,4.17,High,Moderate,Low,High,High,Export Surplus,Medium,12,7.6,7.38,1.69,2905,0.2104,14984.25855513308,1692.7756653992394,10339.163498098858,-1.58,Expansion,0.38045813327825023
2017,Q4,Real Estate,31.93,-0.72,187.3,68382,73164,18866,4.14,144,108,160793,4.0,2017-18,2017 Q4,Tertiary,Services,Corporate / Property,-4782,4.95,12.51,Negative,Moderate,Low,High,Extremely High,Import Deficit,Medium,13,2.14,2.29,0.59,-4782,0.17047517351841965,4433.0097087378645,590.8549953022236,5035.797056060132,1.91,Contraction,0.39355361088742685
2017,Q4,Communication,18.94,7.7,171.4,86911,114934,11548,2.1,171,116,151954,4.0,2017-18,2017 Q4,Tertiary,Services,Consumer / Corporate,-28023,2.94,11.45,High,Low,Low,Moderate,Extremely High,Import Deficit,Medium,14,4.59,6.07,0.61,-28023,0.11050175029171529,10657.074973600844,609.714889123548,8022.914466737064,2.09,Expansion,0.5967330660737981
2017,Q4,Public Administration,67.24,8.77,102.3,83420,20209,20292,4.67,100,113,30658,4.0,2017-18,2017 Q4,Tertiary,Services,Government,63211,10.43,6.83,High,Moderate,High,High,Very High,Export Surplus,Very Low,15,1.24,0.3,0.3,63211,0.6572825024437927,1541.1808447352767,301.7846519928614,455.9488399762047,0.5,Expansion,0.729048256572889
2018,Q1,Agriculture,73.5,6.8,189.2,130837,67306,28835,6.6,144,124,28598,1.0,2018-19,2018 Q1,Primary,Resource & Agriculture,Farmer,63531,9.05,10.96,High,High,High,Very High,Extremely High,Export Surplus,Very Low,1,1.78,0.92,0.39,63531,0.38847780126849896,2695.8231292517007,392.312925170068,389.08843537414964,5.39,Expansion,0.8212632979966418
2018,Q1,Manufacturing,22.94,-1.07,155.2,118445,87859,19763,3.36,118,88,294639,1.0,2018-19,2018 Q1,Secondary,Production & Infrastructure,Corporate / Industrial,30586,2.83,8.99,Negative,Moderate,Low,High,Extremely High,Export Surplus,Very High,3,5.16,3.83,0.86,30586,0.1478092783505155,8993.199651264167,861.5082824760244,12843.89712292938,6.66,Contraction,0.29560416486529156
2018,Q1,Construction,79.04,5.71,153.3,70141,45170,1093,4.2,158,111,263900,1.0,2018-19,2018 Q1,Secondary,Production & Infrastructure,Corporate / Infrastructure,24971,9.73,8.88,Moderate,Moderate,High,Low,Extremely High,Export Surplus,Very High,4,0.89,0.57,0.01,24971,0.515590345727332,1458.8942307692307,13.828441295546558,3338.815789473684,1.64,Expansion,0.7534121244265347
2018,Q1,Mining,76.83,9.82,149.4,100011,87448,18568,3.54,109,116,229148,1.0,2018-19,2018 Q1,Secondary,Production & Infrastructure,Corporate / Industrial,12563,9.46,8.65,High,Moderate,High,High,Very High,Export Surplus,High,2,1.3,1.14,0.24,12563,0.5142570281124498,2439.9193023558505,241.67642847845894,2982.5328647663673,3.83,Expansion,0.8756831055080617
2018,Q1,Electricity,32.08,5.55,15.0,91993,75494,17088,6.07,173,99,258073,1.0,2018-19,2018 Q1,Secondary,Production & Infrastructure,Corporate / Utilities,16499,3.95,0.87,Moderate,High,Low,High,Low,Export Surplus,Very High,5,2.87,2.35,0.53,16499,2.1386666666666665,5220.916458852868,532.6683291770573,8044.66957605985,8.02,Expansion,0.3421529243192867
2018,Q1,IT Services,77.29,0.7,210.8,43912,78439,14235,2.72,164,108,283909,1.0,2018-19,2018 Q1,Tertiary,Services,Corporate / Professional,-34527,9.52,12.21,Low,Low,High,Moderate,Extremely High,Import Deficit,Very High,6,0.57,1.01,0.18,-34527,0.36665085388994306,1583.0120326044764,184.1764781989908,3673.295381032475,4.28,Contraction,0.6659294037807562
2018,Q1,Financial Services,54.93,2.0,128.5,85087,44108,19027,7.11,132,92,84474,1.0,2018-19,2018 Q1,Tertiary,Services,Corporate / Financial,40979,6.77,7.44,Low,Very High,Medium,High,Very High,Export Surplus,Low,7,1.55,0.8,0.35,40979,0.42747081712062257,2351.99344620426,346.3863098488986,1537.8481703986893,0.45,Contraction,0.49114051361014494
2018,Q1,Retail,77.91,4.54,22.2,84937,94000,11008,4.7,148,93,115569,1.0,2018-19,2018 Q1,Tertiary,Services,Consumer / Business Owner,-9063,9.6,1.29,Moderate,Moderate,High,Moderate,Low,Import Deficit,Low,8,1.09,1.21,0.14,-9063,3.5094594594594595,2296.714157361058,141.2912334745219,1483.3654216403543,-0.94,Expansion,0.5104922979275442
2018,Q1,Healthcare,48.85,9.69,191.0,107479,107393,11292,2.88,149,106,107531,1.0,2018-19,2018 Q1,Tertiary,Services,Patient / Healthcare Provider,86,6.02,11.06,High,Low,Medium,Moderate,Extremely High,Export Surplus,Low,9,2.2,2.2,0.23,86,0.2557591623036649,4398.607983623337,231.1566018423746,2201.248720573183,2.13,Expansion,0.817795975787452
2018,Q1,Education,24.16,9.48,81.5,26752,94711,1796,5.94,160,126,132399,1.0,2018-19,2018 Q1,Tertiary,Services,Student / Education Provider,-67959,2.98,4.72,High,High,Low,Low,High,Import Deficit,Medium,10,1.11,3.92,0.07,-67959,0.29644171779141104,5027.442052980133,74.33774834437087,5480.091059602649,-1.23,Expansion,0.54149703192974
2018,Q1,Transport,56.71,1.79,135.4,121657,13056,21065,2.11,177,119,86446,1.0,2018-19,2018 Q1,Tertiary,Services,Consumer / Business Owner,108601,6.98,7.84,Low,Low,Medium,High,Very High,Export Surplus,Low,11,2.15,0.23,0.37,108601,0.4188330871491876,2375.4716981132074,371.45124316698997,1524.3519661435373,1.2,Contraction,0.5020228301434174
2018,Q1,Tourism,67.2,5.09,28.1,85965,66474,11801,2.76,155,135,58939,1.0,2018-19,2018 Q1,Tertiary,Services,Consumer / Business Owner,19491,8.28,1.63,Moderate,Low,High,Moderate,Low,Export Surplus,Very Low,12,1.28,0.99,0.18,19491,2.391459074733096,2268.4375,175.61011904761904,877.0684523809523,6.9,Expansion,0.49316529411378
2018,Q1,Real Estate,17.33,-0.78,31.8,148365,137399,25456,3.1,167,108,89031,1.0,2018-19,2018 Q1,Tertiary,Services,Corporate / Property,10966,2.13,1.84,Negative,Moderate,Low,Very High,Moderate,Export Surplus,Low,13,8.56,7.93,1.47,10966,0.5449685534591194,16489.555683785344,1468.8978649740336,5137.391806116561,-0.72,Contraction,0.09450299624980725
2018,Q1,Communication,67.32,7.68,195.7,113304,29177,13939,4.56,161,96,226274,1.0,2018-19,2018 Q1,Tertiary,Services,Consumer / Corporate,84127,8.29,11.34,High,Moderate,High,Moderate,Extremely High,Export Surplus,High,14,1.68,0.43,0.21,84127,0.343995912110373,2116.473559120618,207.05585264408796,3361.170528817588,7.7,Expansion,0.8347768135025553
2018,Q1,Public Administration,35.85,5.7,39.3,93225,82771,14788,4.95,102,105,191824,1.0,2018-19,2018 Q1,Tertiary,Services,Government,10454,4.42,2.28,Moderate,Moderate,Medium,Moderate,Moderate,Export Surplus,High,15,2.6,2.31,0.41,10454,0.9122137404580154,4909.232914923291,412.4965132496513,5350.739191073919,8.77,Expansion,0.399796044680172
2018,Q2,Agriculture,77.63,-0.45,50.4,140971,74640,6874,6.16,173,133,10018,2.0,2018-19,2018 Q2,Primary,Resource & Agriculture,Farmer,66331,11.99,3.26,Negative,High,High,Low,Moderate,Export Surplus,Very Low,1,1.82,0.96,0.09,66331,1.5402777777777776,2777.418523766585,88.5482416591524,129.04804843488344,6.8,Contraction,0.38531508381154783
2018,Q2,Manufacturing,29.82,1.42,172.8,34586,84327,29317,2.74,152,121,72273,2.0,2018-19,2018 Q2,Secondary,Production & Infrastructure,Corporate / Industrial,-49741,4.61,11.19,Low,Low,Low,Very High,Extremely High,Import Deficit,Low,3,1.16,2.83,0.98,-49741,0.17256944444444444,3987.6928236083163,983.1321260898726,2423.64185110664,-1.07,Contraction,0.43428027788389434
2018,Q2,Construction,22.82,0.44,18.5,137611,120098,12102,5.49,130,125,207692,2.0,2018-19,2018 Q2,Secondary,Production & Infrastructure,Corporate / Infrastructure,17513,3.52,1.2,Low,High,Low,Moderate,Low,Export Surplus,High,4,6.03,5.26,0.53,17513,1.2335135135135136,11293.120070113935,530.3242769500438,9101.314636283962,5.71,Contraction,0.13799537500146156
2018,Q2,Mining,25.85,3.66,179.9,37964,12381,1539,5.22,164,113,60089,2.0,2018-19,2018 Q2,Secondary,Production & Infrastructure,Corporate / Industrial,25583,3.99,11.65,Moderate,High,Low,Low,Extremely High,Export Surplus,Very Low,2,1.47,0.48,0.06,25583,0.14369093941078379,1947.5822050290135,59.535783365570595,2324.5261121856865,9.82,Contraction,0.5033934020577876
2018,Q2,Electricity,49.97,2.67,189.2,44221,12200,15162,2.16,134,128,277516,2.0,2018-19,2018 Q2,Secondary,Production & Infrastructure,Corporate / Utilities,32021,7.72,12.25,Low,Low,Medium,High,Extremely High,Export Surplus,Very High,5,0.88,0.24,0.3,32021,0.26411205073995775,1129.097458475085,303.4220532319392,5553.652191314789,5.55,Contraction,0.5850303008363879
2018,Q2,IT Services,20.38,0.96,12.0,23822,138846,5419,4.46,169,100,107335,2.0,2018-19,2018 Q2,Tertiary,Services,Corporate / Professional,-115024,3.15,0.78,Low,Moderate,Low,Low,Low,Import Deficit,Low,6,1.17,6.81,0.27,-115024,1.6983333333333333,7981.746810598626,265.89793915603536,5266.683022571148,0.7,Contraction,0.13533182900111143
2018,Q2,Financial Services,64.86,7.61,35.6,38441,112994,10873,2.59,175,138,181221,2.0,2018-19,2018 Q2,Tertiary,Services,Corporate / Financial,-74553,10.02,2.3,High,Low,High,Moderate,Moderate,Import Deficit,Medium,7,0.59,1.74,0.17,-74553,1.8219101123595505,2334.7980265186557,167.63798951588035,2794.033302497687,2.0,Expansion,0.5790465929249539
2018,Q2,Retail,23.9,-1.51,160.8,90479,93684,15106,3.17,144,137,298471,2.0,2018-19,2018 Q2,Tertiary,Services,Consumer / Business Owner,-3205,3.69,10.41,Negative,Moderate,Low,High,Extremely High,Import Deficit,Very High,8,3.79,3.92,0.63,-3205,0.14863184079601988,7705.564853556486,632.0502092050209,12488.326359832638,4.54,Contraction,0.2934020470275698
2018,Q2,Healthcare,59.36,9.19,79.5,62333,137649,23506,4.91,110,128,271960,2.0,2018-19,2018 Q2,Tertiary,Services,Patient / Healthcare Provider,-75316,9.17,5.15,High,Moderate,High,Very High,High,Import Deficit,Very High,9,1.05,2.32,0.4,-75316,0.7466666666666667,3368.9690026954177,395.99056603773585,4581.536388140162,9.69,Expansion,0.675595924731327
2018,Q2,Education,23.71,7.51,7.8,48830,96136,11107,3.16,145,113,44370,2.0,2018-19,2018 Q2,Tertiary,Services,Student / Education Provider,-47306,3.66,0.5,High,Moderate,Low,Moderate,Low,Import Deficit,Very Low,10,2.06,4.05,0.47,-47306,3.03974358974359,6114.129059468579,468.4521299029945,1871.3622943905525,9.48,Expansion,0.3618346280840567
2018,Q2,Transport,67.32,4.54,123.7,82974,119565,916,2.89,141,143,14773,2.0,2018-19,2018 Q2,Tertiary,Services,Consumer / Business Owner,-36591,10.4,8.01,Moderate,Low,High,Low,Very High,Import Deficit,Very Low,11,1.23,1.78,0.01,-36591,0.5442198868229587,3008.600713012478,13.606654783125373,219.44444444444446,1.79,Expansion,0.6204557942565104
2018,Q2,Tourism,72.59,0.72,142.8,39455,52898,16377,7.9,120,110,89413,2.0,2018-19,2018 Q2,Tertiary,Services,Consumer / Business Owner,-13443,11.21,9.24,Low,Very High,High,High,Very High,Import Deficit,Low,12,0.54,0.73,0.23,-13443,0.5083333333333333,1272.255131560821,225.60958809753407,1231.7536850805895,5.09,Contraction,0.5437276908655799
2018,Q2,Real Estate,64.35,1.22,80.4,99807,73949,27430,5.34,149,127,208828,2.0,2018-19,2018 Q2,Tertiary,Services,Corporate / Property,25858,9.94,5.2,Low,High,High,Very High,High,Export Surplus,High,13,1.55,1.15,0.43,25858,0.8003731343283581,2700.1709401709404,426.2626262626263,3245.1903651903654,-0.78,Contraction,0.4313116861026443
2018,Q2,Communication,26.17,0.28,121.4,133058,39663,23266,6.29,155,125,13600,2.0,2018-19,2018 Q2,Tertiary,Services,Consumer / Corporate,93395,4.04,7.86,Low,High,Low,Very High,Very High,Export Surplus,Very Low,14,5.08,1.52,0.89,93395,0.2155683690280066,6599.9617883072215,889.0332441727168,519.6790217806648,7.68,Contraction,0.30288428456999067
2018,Q2,Public Administration,18.82,-1.76,170.0,120598,15418,17583,6.41,102,93,194819,2.0,2018-19,2018 Q2,Tertiary,Services,Government,105180,2.91,11.0,Negative,High,Low,High,Extremely High,Export Surplus,High,15,6.41,0.82,0.93,105180,0.11070588235294118,7227.205100956429,934.2720510095643,10351.700318809777,5.7,Contraction,0.2778242790278371
2018,Q3,Agriculture,69.77,-0.76,116.5,60536,20830,6861,6.38,103,126,154221,3.0,2018-19,2018 Q3,Primary,Resource & Agriculture,Farmer,39706,10.89,6.77,Negative,High,High,Low,Very High,Export Surplus,Medium,1,0.87,0.3,0.1,39706,0.5988841201716738,1166.2032392145622,98.33739429554251,2210.4199512684536,-0.45,Contraction,0.4425434226738097
2018,Q3,Manufacturing,75.82,8.01,98.1,101668,61079,24694,2.96,176,112,128986,3.0,2018-19,2018 Q3,Secondary,Production & Infrastructure,Corporate / Industrial,40589,11.83,5.7,High,Low,High,Very High,High,Export Surplus,Low,3,1.34,0.81,0.33,40589,0.7728848114169214,2146.4916908467426,325.692429438143,1701.2134001582697,1.42,Expansion,0.7330508264820995
2018,Q3,Construction,45.03,9.48,5.7,81679,15816,5042,5.86,145,145,112709,3.0,2018-19,2018 Q3,Secondary,Production & Infrastructure,Corporate / Infrastructure,65863,7.03,0.33,High,High,Medium,Low,Low,Export Surplus,Low,4,1.81,0.35,0.11,65863,7.9,2165.1121474572506,111.96979791250277,2502.9757939151677,0.44,Expansion,0.5134432048594795
2018,Q3,Mining,22.79,9.92,24.8,118983,32933,5793,7.15,171,96,224056,3.0,2018-19,2018 Q3,Secondary,Production & Infrastructure,Corporate / Industrial,86050,3.56,1.44,High,Very High,Low,Low,Low,Export Surplus,High,2,5.22,1.45,0.25,86050,0.9189516129032258,6665.906099166301,254.1904344010531,9831.329530495832,3.66,Expansion,0.46438828495342976
2018,Q3,Electricity,62.14,3.15,203.3,66279,113165,14964,2.6,152,108,187306,3.0,2018-19,2018 Q3,Secondary,Production & Infrastructure,Corporate / Utilities,-46886,9.69,11.81,Moderate,Low,High,High,Extremely High,Import Deficit,High,5,1.07,1.82,0.24,-46886,0.3056566650270536,2887.737367235275,240.81107177341488,3014.258126810428,2.67,Contraction,0.6732561904114082
2018,Q3,IT Services,42.74,3.22,86.7,79147,47993,13870,6.78,141,117,55317,3.0,2018-19,2018 Q3,Tertiary,Services,Corporate / Professional,31154,6.67,5.04,Moderate,High,Medium,Moderate,High,Export Surplus,Very Low,6,1.85,1.12,0.32,31154,0.49296424452133797,2974.730931211979,324.5203556387459,1294.2676649508655,0.96,Contraction,0.41760307512340455
2018,Q3,Financial Services,30.05,8.02,80.1,97306,115321,19746,6.19,159,108,178005,3.0,2018-19,2018 Q3,Tertiary,Services,Corporate / Financial,-18015,4.69,4.65,High,High,Low,High,High,Import Deficit,Medium,7,3.24,3.84,0.66,-18015,0.37515605493133586,7075.773710482529,657.1048252911813,5923.627287853577,7.61,Expansion,0.5151271890428316
2018,Q3,Retail,46.55,5.92,108.2,43993,15198,2711,5.12,170,97,11493,3.0,2018-19,2018 Q3,Tertiary,Services,Consumer / Business Owner,28795,7.26,6.29,Moderate,High,Medium,Low,Very High,Export Surplus,Very Low,8,0.95,0.33,0.06,28795,0.43022181146025873,1271.5574650912997,58.23845327604727,246.89581095596134,-1.51,Expansion,0.55641672908507
2018,Q3,Healthcare,27.78,1.17,101.4,106069,72137,11291,7.62,118,108,276107,3.0,2018-19,2018 Q3,Tertiary,Services,Patient / Healthcare Provider,33932,4.33,5.89,Low,Very High,Low,Moderate,Very High,Export Surplus,Very High,9,3.82,2.6,0.41,33932,0.2739644970414201,6414.902807775377,406.4434845212383,9939.056875449964,9.19,Contraction,0.30898405004128787
2018,Q3,Education,73.77,-0.33,83.3,95335,47726,13572,2.67,141,137,151021,3.0,2018-19,2018 Q3,Tertiary,Services,Student / Education Provider,47609,11.51,4.84,Negative,Low,High,Moderate,High,Export Surplus,Medium,10,1.29,0.65,0.18,47609,0.8855942376950781,1939.2842618950795,183.97722651484344,2047.1872034702455,7.51,Contraction,0.42318770738601147
2018,Q3,Transport,11.89,5.5,146.9,103634,133516,16848,3.33,126,109,169457,3.0,2018-19,2018 Q3,Tertiary,Services,Consumer / Business Owner,-29882,1.86,8.54,Moderate,Moderate,Low,High,Very High,Import Deficit,Medium,11,8.72,11.23,1.42,-29882,0.08093941456773315,19945.33221194281,1416.9890664423885,14252.060555088308,4.54,Expansion,0.4565652159689361
2018,Q3,Tourism,22.89,1.66,112.3,13591,24563,29472,7.78,125,96,273930,3.0,2018-19,2018 Q3,Tertiary,Services,Consumer / Business Owner,-10972,3.57,6.53,Low,Very High,Low,Very High,Very High,Import Deficit,Very High,12,0.59,1.07,1.29,-10972,0.20382902938557437,1666.8414154652687,1287.5491480996068,11967.234600262123,0.72,Contraction,0.3215213545760614
2018,Q3,Real Estate,54.97,2.45,130.3,87223,44682,22351,5.19,163,120,89608,3.0,2018-19,2018 Q3,Tertiary,Services,Corporate / Property,42541,8.58,7.57,Low,High,Medium,Very High,Very High,Export Surplus,Low,13,1.59,0.81,0.41,42541,0.4218726016884113,2399.581589958159,406.60360196470805,1630.1255230125523,1.22,Contraction,0.5090859885878273
2018,Q3,Communication,37.21,5.79,217.2,84905,24075,2923,5.74,150,129,71393,3.0,2018-19,2018 Q3,Tertiary,Services,Consumer / Corporate,60830,5.81,12.62,Moderate,High,Medium,Low,Extremely High,Export Surplus,Low,14,2.28,0.65,0.08,60830,0.171316758747698,2928.782585326525,78.55415210964794,1918.6509002956195,0.28,Expansion,0.6786375739109961
2018,Q3,Public Administration,17.56,3.83,206.2,29316,76263,18336,2.27,100,110,277800,3.0,2018-19,2018 Q3,Tertiary,Services,Government,-46947,2.74,11.98,Moderate,Low,Low,High,Extremely High,Import Deficit,Very High,15,1.67,4.34,1.04,-46947,0.08516003879728419,6012.4715261959,1044.1913439635537,15820.045558086562,-1.76,Contraction,0.5144358059548004
2018,Q4,Agriculture,26.77,-0.82,41.7,80361,124559,27932,3.77,113,132,200405,4.0,2018-19,2018 Q4,Primary,Resource & Agriculture,Farmer,-44198,3.89,2.75,Negative,Moderate,Low,Very High,Moderate,Import Deficit,High,1,3.0,4.65,1.04,-44198,0.6419664268585131,7654.837504669406,1043.406798655211,7486.178558087411,-0.76,Contraction,0.14757745261593622
2018,Q4,Manufacturing,58.66,6.26,145.0,38035,59117,10377,4.18,136,133,184846,4.0,2018-19,2018 Q4,Secondary,Production & Infrastructure,Corporate / Industrial,-21082,8.52,9.56,High,Moderate,High,Moderate,Very High,Import Deficit,High,3,0.65,1.01,0.18,-21082,0.404551724137931,1656.1882032049098,176.90078418002048,3151.1421752471874,8.01,Expansion,0.6741839137976241
2018,Q4,Construction,74.37,-0.2,102.0,95418,15823,10866,5.89,156,141,297423,4.0,2018-19,2018 Q4,Secondary,Production & Infrastructure,Corporate / Infrastructure,79595,10.8,6.73,Negative,High,High,Moderate,Very High,Export Surplus,Very High,4,1.28,0.21,0.15,79595,0.7291176470588235,1495.7778674196584,146.10730133118193,3999.233561920129,9.48,Contraction,0.4584347694602835
2018,Q4,Mining,33.79,3.62,182.0,42736,124997,12918,3.53,177,106,255011,4.0,2018-19,2018 Q4,Secondary,Production & Infrastructure,Corporate / Industrial,-82261,4.91,12.0,Moderate,Moderate,Medium,Moderate,Extremely High,Import Deficit,Very High,2,1.26,3.7,0.38,-82261,0.18565934065934064,4963.983427049423,382.30245634803197,7546.936963598698,9.92,Contraction,0.5383657167491566
2018,Q4,Electricity,54.7,7.13,127.4,91221,9313,8464,5.48,167,90,287263,4.0,2018-19,2018 Q4,Secondary,Production & Infrastructure,Corporate / Utilities,81908,7.94,8.4,High,High,Medium,Moderate,Very High,Export Surplus,Very High,5,1.67,0.17,0.15,81908,0.4293563579277865,1837.9159049360146,154.73491773308956,5251.6087751371115,3.15,Expansion,0.6600251813945676
2018,Q4,IT Services,27.34,-0.16,75.7,45815,40360,18553,7.33,124,96,82180,4.0,2018-19,2018 Q4,Tertiary,Services,Corporate / Professional,5455,3.97,4.99,Negative,Very High,Low,High,High,Export Surplus,Low,6,1.68,1.48,0.68,5455,0.36116248348745045,3151.975128017557,678.6027798098025,3005.852231163131,3.22,Contraction,0.22365382419771473
2018,Q4,Financial Services,72.11,0.66,134.5,60220,116843,13534,5.43,113,95,234975,4.0,2018-19,2018 Q4,Tertiary,Services,Corporate / Financial,-56623,10.47,8.87,Low,High,High,Moderate,Very High,Import Deficit,High,7,0.84,1.62,0.19,-56623,0.5361338289962825,2455.456940784912,187.6854805158785,3258.563306060186,8.02,Contraction,0.5271150163289491
2018,Q4,Retail,64.33,0.31,66.5,85776,74860,28763,5.24,167,145,45199,4.0,2018-19,2018 Q4,Tertiary,Services,Consumer / Business Owner,10916,9.34,4.39,Low,High,High,Very High,High,Export Surplus,Very Low,8,1.33,1.16,0.45,10916,0.9673684210526315,2497.062023939064,447.1164309031556,702.6115342763874,5.92,Contraction,0.37969507165262356
2018,Q4,Healthcare,47.06,-1.97,32.8,72348,89814,20837,6.27,126,122,270827,4.0,2018-19,2018 Q4,Tertiary,Services,Patient / Healthcare Provider,-17466,6.83,2.16,Negative,High,Medium,High,Moderate,Import Deficit,Very High,9,1.54,1.91,0.44,-17466,1.4347560975609759,3445.85635359116,442.7751806204845,5754.929876753081,1.17,Contraction,0.18025009072513565
2018,Q4,Education,47.14,4.77,21.2,38078,113987,27173,3.48,141,126,243959,4.0,2018-19,2018 Q4,Tertiary,Services,Student / Education Provider,-75909,6.84,1.4,Moderate,Moderate,Medium,Very High,Low,Import Deficit,Very High,10,0.81,2.42,0.58,-75909,2.2235849056603776,3225.816716164616,576.4319049639372,5175.201527365295,-0.33,Expansion,0.38831070076173096
2018,Q4,Transport,35.75,-1.19,35.5,31430,81558,20174,5.72,174,114,299092,4.0,2018-19,2018 Q4,Tertiary,Services,Consumer / Business Owner,-50128,5.19,2.34,Negative,High,Medium,High,Moderate,Import Deficit,Very High,11,0.88,2.28,0.56,-50128,1.0070422535211268,3160.5034965034965,564.3076923076923,8366.20979020979,5.5,Contraction,0.1632504778849292
2018,Q4,Tourism,48.09,2.03,85.2,25482,124512,11431,3.17,134,114,165656,4.0,2018-19,2018 Q4,Tertiary,Services,Consumer / Business Owner,-99030,6.98,5.62,Low,Moderate,Medium,Moderate,High,Import Deficit,Medium,12,0.53,2.59,0.24,-99030,0.5644366197183098,3119.02682470368,237.70014556040755,3444.7078394676646,1.66,Contraction,0.3978559190908295
2018,Q4,Real Estate,48.55,2.79,208.8,95253,41553,9219,3.75,167,135,168261,4.0,2018-19,2018 Q4,Tertiary,Services,Corporate / Property,53700,7.05,13.77,Low,Moderate,Medium,Moderate,Extremely High,Export Surplus,Medium,13,1.96,0.86,0.19,53700,0.23251915708812257,2817.83728115345,189.8867147270855,3465.7260556127703,2.45,Contraction,0.6128836230841026
2018,Q4,Communication,15.56,8.9,43.6,103893,23021,10611,2.58,134,98,252987,4.0,2018-19,2018 Q4,Tertiary,Services,Consumer / Corporate,80872,2.26,2.88,High,Low,Low,Moderate,Moderate,Export Surplus,Very High,14,6.68,1.48,0.68,80872,0.3568807339449541,8156.426735218509,681.9408740359897,16258.804627249358,5.79,Expansion,0.4286767834822683
2018,Q4,Public Administration,34.49,4.22,214.3,68072,51868,7244,7.86,112,113,71858,4.0,2018-19,2018 Q4,Tertiary,Services,Government,16204,5.01,14.13,Moderate,Very High,Medium,Low,Extremely High,Export Surplus,Low,15,1.97,1.5,0.21,16204,0.16094260382641157,3477.5297187590604,210.03189330240647,2083.4444766599013,3.83,Expansion,0.6103967220996709
2019,Q1,Agriculture,55.53,9.59,137.2,29246,60233,3721,2.66,177,98,178224,1.0,2019-20,2019 Q1,Primary,Resource & Agriculture,Farmer,-30987,8.09,7.94,High,Low,Medium,Low,Very High,Import Deficit,Medium,1,0.53,1.08,0.07,-30987,0.4047376093294461,1611.363227084459,67.00882405906717,3209.508373851972,-0.82,Expansion,0.7606164582318314
2019,Q1,Manufacturing,44.45,5.41,199.1,34936,138686,3083,4.25,111,131,30255,1.0,2019-20,2019 Q1,Secondary,Production & Infrastructure,Corporate / Industrial,-103750,6.48,11.53,Moderate,Moderate,Medium,Low,Extremely High,Import Deficit,Very Low,3,0.79,3.12,0.07,-103750,0.22325464590657962,3906.006749156355,69.35883014623171,680.652418447694,6.26,Expansion,0.6686467230659018
2019,Q1,Construction,68.37,6.67,36.2,31861,122710,3845,6.79,170,139,129815,1.0,2019-20,2019 Q1,Secondary,Production & Infrastructure,Corporate / Infrastructure,-90849,9.96,2.1,High,High,High,Low,Moderate,Import Deficit,Medium,4,0.47,1.79,0.06,-90849,1.8886740331491711,2260.8015211350007,56.23811613280678,1898.7128857686118,-0.2,Expansion,0.5631716101298947
2019,Q1,Mining,32.2,-0.74,86.9,97058,138777,24399,2.3,141,124,177956,1.0,2019-20,2019 Q1,Secondary,Production & Infrastructure,Corporate / Industrial,-41719,4.69,5.03,Negative,Low,Low,Very High,High,Import Deficit,Medium,2,3.01,4.31,0.76,-41719,0.3705408515535098,7324.068322981366,757.7329192546583,5526.583850931676,3.62,Contraction,0.24154347556445135
2019,Q1,Electricity,64.85,-1.74,146.5,35811,41762,13186,2.98,157,141,138117,1.0,2019-20,2019 Q1,Secondary,Production & Infrastructure,Corporate / Utilities,-5951,9.45,8.48,Negative,Low,High,Moderate,Very High,Import Deficit,Medium,5,0.55,0.64,0.2,-5951,0.44266211604095557,1196.1912104857365,203.33076329992292,2129.791827293755,7.13,Contraction,0.4348134592083197
2019,Q1,IT Services,23.8,2.23,55.1,25611,118374,19137,6.83,174,104,231455,1.0,2019-20,2019 Q1,Tertiary,Services,Corporate / Professional,-92763,3.47,3.19,Low,High,Low,High,Moderate,Import Deficit,High,6,1.08,4.97,0.8,-92763,0.4319419237749546,6049.789915966387,804.0756302521008,9725.0,-0.16,Contraction,0.257510378144743
2019,Q1,Financial Services,66.73,-0.13,58.1,42061,86391,23496,7.51,133,111,110336,1.0,2019-20,2019 Q1,Tertiary,Services,Corporate / Financial,-44330,9.72,3.36,Negative,Very High,High,Very High,Moderate,Import Deficit,Low,7,0.63,1.29,0.35,-44330,1.1485370051635113,1924.9512962685449,352.1054997752135,1653.4692042559568,0.66,Contraction,0.3622392710223676
2019,Q1,Retail,70.5,0.61,114.4,37766,36322,4795,7.11,155,126,262962,1.0,2019-20,2019 Q1,Tertiary,Services,Consumer / Business Owner,1444,10.27,6.62,Low,Very High,High,Low,Very High,Export Surplus,Very High,8,0.54,0.52,0.07,1444,0.6162587412587412,1050.8936170212767,68.01418439716312,3729.9574468085107,0.31,Contraction,0.4882035279135728
2019,Q1,Healthcare,13.84,5.47,186.5,55890,96077,1624,4.76,136,122,168642,1.0,2019-20,2019 Q1,Tertiary,Services,Patient / Healthcare Provider,-40187,2.02,10.8,Moderate,Moderate,Low,Low,Extremely High,Import Deficit,Medium,9,4.04,6.94,0.12,-40187,0.07420911528150134,10980.274566473989,117.34104046242774,12185.115606936417,-1.97,Expansion,0.5238330321213208
2019,Q1,Education,65.23,-0.38,84.7,92425,11611,27169,2.38,159,103,26854,1.0,2019-20,2019 Q1,Tertiary,Services,Student / Education Provider,80814,9.51,4.9,Negative,Low,High,Very High,High,Export Surplus,Very Low,10,1.42,0.18,0.42,80814,0.7701298701298701,1594.9103173386477,416.5108079104706,411.68174152997085,4.77,Contraction,0.3880186600444819
2019,Q1,Transport,48.04,7.94,159.5,86849,52644,1781,7.49,139,87,31431,1.0,2019-20,2019 Q1,Tertiary,Services,Consumer / Business Owner,34205,7.0,9.23,High,Very High,Medium,Low,Extremely High,Export Surplus,Very Low,11,1.81,1.1,0.04,34205,0.30119122257053293,2903.684429641965,37.073272273105744,654.2672772689425,-1.19,Expansion,0.7080723238347018
2019,Q1,Tourism,34.69,8.99,181.2,69602,103887,10542,6.97,130,138,240142,1.0,2019-20,2019 Q1,Tertiary,Services,Consumer / Business Owner,-34285,5.06,10.49,High,High,Medium,Moderate,Extremely High,Import Deficit,High,12,2.01,2.99,0.3,-34285,0.19144591611479028,5001.124243297781,303.8916114153935,6922.513692706832,2.03,Expansion,0.720443673789862
2019,Q1,Real Estate,67.32,3.27,80.9,111424,10725,20943,3.83,138,126,263832,1.0,2019-20,2019 Q1,Tertiary,Services,Corporate / Property,100699,9.81,4.68,Moderate,Moderate,High,High,High,Export Surplus,Very High,13,1.66,0.16,0.31,100699,0.8321384425216315,1814.453357100416,311.096256684492,3919.0730837789665,2.79,Contraction,0.5129988752839512
2019,Q1,Communication,10.17,6.59,132.5,82737,51809,11859,2.83,161,96,128841,1.0,2019-20,2019 Q1,Tertiary,Services,Consumer / Corporate,30928,1.48,7.67,High,Low,Low,Moderate,Very High,Export Surplus,Low,14,8.14,5.09,1.17,30928,0.07675471698113208,13229.695181907571,1166.0766961651918,12668.731563421828,8.9,Expansion,0.46396525749005163
2019,Q1,Public Administration,20.52,2.49,68.7,146474,124412,4248,3.63,124,145,227307,1.0,2019-20,2019 Q1,Tertiary,Services,Government,22062,2.99,3.98,Low,Moderate,Low,Low,High,Export Surplus,High,15,7.14,6.06,0.21,22062,0.2986899563318777,13201.072124756336,207.01754385964912,11077.33918128655,4.22,Contraction,0.2731740633037898
2019,Q2,Agriculture,27.76,1.46,181.9,136568,55258,26923,5.34,163,114,186942,2.0,2019-20,2019 Q2,Primary,Resource & Agriculture,Farmer,81310,5.11,10.0,Low,High,Low,Very High,Extremely High,Export Surplus,High,1,4.92,1.99,0.97,81310,0.1526113249037933,6910.158501440922,969.8487031700288,6734.221902017291,9.59,Contraction,0.4408439090511303
2019,Q2,Manufacturing,12.47,4.58,194.8,144370,77249,26141,7.22,140,118,154449,2.0,2019-20,2019 Q2,Secondary,Production & Infrastructure,Corporate / Industrial,67121,2.3,10.71,Moderate,Very High,Low,Very High,Extremely High,Export Surplus,Medium,3,11.58,6.19,2.1,67121,0.06401437371663245,17772.17321571772,2096.3111467522053,12385.645549318364,5.41,Expansion,0.5009667391585318
2019,Q2,Construction,64.66,4.03,37.9,131391,65946,16869,6.71,158,101,277292,2.0,2019-20,2019 Q2,Secondary,Production & Infrastructure,Corporate / Infrastructure,65445,11.91,2.08,Moderate,High,High,High,Moderate,Export Surplus,Very High,4,2.03,1.02,0.26,65445,1.7060686015831135,3051.917723476647,260.8877203835447,4288.462728116301,6.67,Expansion,0.4620126971070113
2019,Q2,Mining,70.14,-1.75,208.1,107732,38482,18178,3.72,178,141,151358,2.0,2019-20,2019 Q2,Secondary,Production & Infrastructure,Corporate / Industrial,69250,12.92,11.45,Negative,Moderate,High,High,Extremely High,Export Surplus,Medium,2,1.54,0.55,0.26,69250,0.3370494954348871,2084.602224123182,259.16737952666097,2157.94126033647,-0.74,Contraction,0.550091552072811
2019,Q2,Electricity,12.95,-1.68,210.8,23042,67931,12665,3.47,146,118,108665,2.0,2019-20,2019 Q2,Secondary,Production & Infrastructure,Corporate / Utilities,-44889,2.39,11.59,Negative,Moderate,Low,Moderate,Extremely High,Import Deficit,Low,5,1.78,5.25,0.98,-44889,0.06143263757115749,7024.942084942085,977.992277992278,8391.119691119691,-1.74,Contraction,0.3179720875405409
2019,Q2,IT Services,10.95,4.92,210.8,132469,17143,2887,6.77,123,101,100587,2.0,2019-20,2019 Q2,Tertiary,Services,Corporate / Professional,115326,2.02,11.59,Moderate,High,Low,Low,Extremely High,Export Surplus,Low,6,12.1,1.57,0.26,115326,0.051944971537001894,13663.196347031964,263.65296803652967,9186.027397260275,2.23,Expansion,0.5302913546063276
2019,Q2,Financial Services,53.71,5.48,20.9,96692,61813,25499,4.37,172,132,112361,2.0,2019-20,2019 Q2,Tertiary,Services,Corporate / Financial,34879,9.89,1.15,Moderate,Moderate,Medium,Very High,Low,Export Surplus,Low,7,1.8,1.15,0.47,34879,2.569856459330144,2951.1264196611432,474.75330478495624,2091.9940420778253,-0.13,Expansion,0.43899883176422233
2019,Q2,Retail,60.25,4.45,117.2,138975,63990,14940,6.15,132,141,68694,2.0,2019-20,2019 Q2,Tertiary,Services,Consumer / Business Owner,74985,11.1,6.45,Moderate,High,High,High,Very High,Export Surplus,Very Low,8,2.31,1.06,0.25,74985,0.5140784982935154,3368.713692946058,247.9668049792531,1140.149377593361,0.61,Expansion,0.5780843371369938
2019,Q2,Healthcare,27.68,1.42,80.5,41200,117066,26889,4.3,153,92,64228,2.0,2019-20,2019 Q2,Tertiary,Services,Patient / Healthcare Provider,-75866,5.1,4.43,Low,Moderate,Low,Very High,High,Import Deficit,Very Low,9,1.49,4.23,0.97,-75866,0.34385093167701863,5717.702312138728,971.4234104046243,2320.375722543353,5.47,Contraction,0.28518652235197334
2019,Q2,Education,10.21,7.22,24.2,126588,51484,17583,4.26,126,139,49214,2.0,2019-20,2019 Q2,Tertiary,Services,Student / Education Provider,75104,1.88,1.33,High,Moderate,Low,High,Low,Export Surplus,Very Low,10,12.4,5.04,1.72,75104,0.421900826446281,17440.9402546523,1722.1351616062682,4820.176297747306,-0.38,Expansion,0.32073060895368377
2019,Q2,Transport,54.51,4.52,65.0,142282,77225,1296,4.41,122,101,222665,2.0,2019-20,2019 Q2,Tertiary,Services,Consumer / Business Owner,65057,10.04,3.58,Moderate,Moderate,Medium,Low,High,Export Surplus,High,11,2.61,1.42,0.02,65057,0.8386153846153845,4026.9124931205283,23.775454045129337,4084.8468170977803,7.94,Expansion,0.477210017698193
2019,Q2,Tourism,74.26,6.01,88.8,75256,56324,25057,6.37,101,133,275437,2.0,2019-20,2019 Q2,Tertiary,Services,Consumer / Business Owner,18932,13.68,4.88,High,High,High,Very High,High,Export Surplus,Very High,12,1.01,0.76,0.34,18932,0.8362612612612613,1771.882574737409,337.42256935092917,3709.0896848909233,8.99,Expansion,0.6455532304404757
2019,Q2,Real Estate,15.39,5.06,112.4,132557,16342,7211,6.49,106,94,222656,2.0,2019-20,2019 Q2,Tertiary,Services,Corporate / Property,116215,2.83,6.18,Moderate,High,Low,Low,Very High,Export Surplus,High,13,8.61,1.06,0.47,116215,0.1369217081850534,9675.048732943469,468.55100714749835,14467.576348278102,3.27,Expansion,0.40406237542181084
2019,Q2,Communication,23.74,3.5,209.9,87283,9592,21886,6.13,115,118,14612,2.0,2019-20,2019 Q2,Tertiary,Services,Consumer / Corporate,77691,4.37,11.55,Moderate,High,Low,High,Extremely High,Export Surplus,Very Low,14,3.68,0.4,0.92,77691,0.11310147689375892,4080.6655433866895,921.9039595619208,615.5012636899747,6.59,Contraction,0.5348005387092337
2019,Q2,Public Administration,24.28,3.21,54.9,78420,83918,3634,2.15,117,124,250002,2.0,2019-20,2019 Q2,Tertiary,Services,Government,-5498,4.47,3.02,Moderate,Low,Low,Low,Moderate,Import Deficit,Very High,15,3.23,3.46,0.15,-5498,0.4422586520947177,6686.079077429983,149.67051070840196,10296.62273476112,2.49,Contraction,0.2919738716530954
2019,Q3,Agriculture,14.5,7.05,70.6,130907,57743,15610,5.37,121,93,173245,3.0,2019-20,2019 Q3,Primary,Resource & Agriculture,Farmer,73164,2.14,3.52,High,High,Low,High,High,Export Surplus,Medium,1,9.03,3.98,1.08,73164,0.20538243626062325,13010.344827586207,1076.551724137931,11947.931034482759,1.46,Expansion,0.4034051970371135
2019,Q3,Manufacturing,45.51,9.66,217.3,133092,107500,7466,5.31,176,122,41588,3.0,2019-20,2019 Q3,Secondary,Production & Infrastructure,Corporate / Industrial,25592,6.73,10.82,High,High,Medium,Low,Extremely High,Export Surplus,Very Low,3,2.92,2.36,0.16,25592,0.20943396226415092,5286.574379257307,164.05185673478357,913.8211382113822,4.58,Expansion,0.842799882095172
2019,Q3,Construction,22.0,0.37,109.2,14379,14194,10066,7.41,143,93,155183,3.0,2019-20,2019 Q3,Secondary,Production & Infrastructure,Corporate / Infrastructure,185,3.25,5.44,Low,Very High,Low,Moderate,Very High,Export Surplus,Medium,4,0.65,0.65,0.46,185,0.20146520146520147,1298.7727272727273,457.54545454545456,7053.772727272727,4.03,Contraction,0.2699717875600182
2019,Q3,Mining,72.78,3.01,100.9,69616,124710,19612,5.93,176,116,30452,3.0,2019-20,2019 Q3,Secondary,Production & Infrastructure,Corporate / Industrial,-55094,10.76,5.03,Moderate,High,High,High,Very High,Import Deficit,Very Low,2,0.96,1.71,0.27,-55094,0.7213082259663033,2670.046716130805,269.46963451497663,418.41165155262433,-1.75,Contraction,0.5574538106648874
2019,Q3,Electricity,25.57,1.48,186.2,84394,123015,15300,2.73,113,89,116459,3.0,2019-20,2019 Q3,Secondary,Production & Infrastructure,Corporate / Utilities,-38621,3.78,9.28,Low,Low,Low,High,Extremely High,Import Deficit,Low,5,3.3,4.81,0.6,-38621,0.13732545649838884,8111.419632381697,598.3574501368792,4554.517012123582,-1.68,Contraction,0.4389072969560015
2019,Q3,IT Services,44.36,8.01,150.5,56267,81362,27034,2.9,118,99,206223,3.0,2019-20,2019 Q3,Tertiary,Services,Corporate / Professional,-25095,6.56,7.5,High,Low,Medium,Very High,Extremely High,Import Deficit,High,6,1.27,1.83,0.61,-25095,0.29475083056478407,3102.5473399458974,609.4229035166817,4648.8503155996395,4.92,Expansion,0.6813946495016753
2019,Q3,Financial Services,31.19,2.03,113.7,89807,89116,5883,5.79,161,138,114292,3.0,2019-20,2019 Q3,Tertiary,Services,Corporate / Financial,691,4.61,5.66,Low,High,Low,Low,Very High,Export Surplus,Low,7,2.88,2.86,0.19,691,0.2743183817062445,5736.55017633857,188.61814684193652,3664.37960884899,5.48,Contraction,0.37064012668504115
2019,Q3,Retail,48.38,3.47,158.4,144412,129696,13657,5.29,135,114,47032,3.0,2019-20,2019 Q3,Tertiary,Services,Consumer / Business Owner,14716,7.16,7.89,Moderate,High,Medium,Moderate,Extremely High,Export Surplus,Very Low,8,2.98,2.68,0.28,14716,0.30542929292929294,5665.729640347251,282.2860686233981,972.1372467961967,4.45,Contraction,0.5583717778373711
2019,Q3,Healthcare,74.68,7.06,119.0,19917,43622,2582,3.93,163,101,240104,3.0,2019-20,2019 Q3,Tertiary,Services,Patient / Healthcare Provider,-23705,11.05,5.93,High,Moderate,High,Low,Very High,Import Deficit,High,9,0.27,0.58,0.03,-23705,0.6275630252100841,850.8168184252811,34.57418318157472,3215.1044456347076,1.42,Expansion,0.7282723244930911
2019,Q3,Education,35.9,7.16,47.2,83912,114594,8039,7.27,137,106,57147,3.0,2019-20,2019 Q3,Tertiary,Services,Student / Education Provider,-30682,5.31,2.35,High,Very High,Medium,Moderate,Moderate,Import Deficit,Very Low,10,2.34,3.19,0.22,-30682,0.760593220338983,5529.41504178273,223.92757660167132,1591.8384401114206,7.22,Expansion,0.4608146814313239
2019,Q3,Transport,31.51,1.61,86.2,110891,125944,28902,7.14,127,104,233803,3.0,2019-20,2019 Q3,Tertiary,Services,Consumer / Business Owner,-15053,4.66,4.29,Low,Very High,Low,Very High,High,Import Deficit,High,11,3.52,4.0,0.92,-15053,0.3655452436194896,7516.18533798794,917.2326245636306,7419.961916851793,4.52,Contraction,0.3161712559816369
2019,Q3,Tourism,60.28,3.12,213.5,34216,118230,9781,2.04,155,94,161148,3.0,2019-20,2019 Q3,Tertiary,Services,Consumer / Business Owner,-84014,8.92,10.64,Moderate,Low,High,Moderate,Extremely High,Import Deficit,Medium,12,0.57,1.96,0.16,-84014,0.2823419203747073,2528.964830789648,162.25945587259454,2673.3244857332447,6.01,Contraction,0.67998420224521
2019,Q3,Real Estate,63.01,8.72,103.9,66957,60818,10312,7.58,129,132,28386,3.0,2019-20,2019 Q3,Tertiary,Services,Corporate / Property,6139,9.32,5.18,High,Very High,High,Moderate,Very High,Export Surplus,Very Low,13,1.06,0.97,0.16,6139,0.6064485081809432,2027.8527217901922,163.6565624504047,450.49992064751626,5.06,Expansion,0.7121614890208758
2019,Q3,Communication,42.95,1.6,216.9,114064,108724,27120,5.41,114,132,138581,3.0,2019-20,2019 Q3,Tertiary,Services,Consumer / Corporate,5340,6.35,10.81,Low,High,Medium,Very High,Extremely High,Export Surplus,Medium,14,2.66,2.53,0.63,5340,0.1980175195942831,5187.147846332945,631.4318975552968,3226.5657741559953,3.5,Contraction,0.5620386688166683
2019,Q3,Public Administration,63.5,3.5,113.9,124867,111791,23496,4.78,171,108,198875,3.0,2019-20,2019 Q3,Tertiary,Services,Government,13076,9.39,5.67,Moderate,Moderate,High,Very High,Very High,Export Surplus,High,15,1.97,1.76,0.37,13076,0.5575065847234416,3726.8976377952754,370.01574803149606,3131.8897637795276,3.21,Contraction,0.5548679132907556
2019,Q4,Agriculture,77.17,9.96,28.5,144098,67408,17039,5.16,153,127,213654,4.0,2019-20,2019 Q4,Primary,Resource & Agriculture,Farmer,76690,12.41,2.13,High,High,High,High,Low,Export Surplus,High,1,1.87,0.87,0.22,76690,2.707719298245614,2740.780095892186,220.79823765712064,2768.614746663211,7.05,Expansion,0.6981829876744935
2019,Q4,Manufacturing,18.46,-1.85,177.9,64368,41376,5237,7.77,129,85,253605,4.0,2019-20,2019 Q4,Secondary,Production & Infrastructure,Corporate / Industrial,22992,2.97,13.29,Negative,Very High,Low,Low,Extremely High,Export Surplus,Very High,3,3.49,2.24,0.28,22992,0.10376616076447442,5728.2773564463705,283.69447453954496,13738.082340195017,9.66,Contraction,0.285310525340247
2019,Q4,Construction,70.91,4.86,13.1,109466,119557,24674,2.73,125,99,245584,4.0,2019-20,2019 Q4,Secondary,Production & Infrastructure,Corporate / Infrastructure,-10091,11.41,0.98,Moderate,Low,High,Very High,Low,Import Deficit,Very High,4,1.54,1.69,0.35,-10091,5.412977099236641,3229.770131152165,347.96220561274856,3463.3197010294743,0.37,Expansion,0.4781722585041294
2019,Q4,Mining,39.31,8.0,92.1,135522,12526,28113,6.11,148,118,99416,4.0,2019-20,2019 Q4,Secondary,Production & Infrastructure,Corporate / Industrial,122996,6.32,6.88,High,High,Medium,Very High,High,Export Surplus,Low,2,3.45,0.32,0.72,122996,0.4268186753528774,3766.1663698804373,715.1615365047062,2529.025693207835,3.01,Expansion,0.5713085394526192
2019,Q4,Electricity,44.18,6.95,197.4,22015,27522,25294,7.94,135,93,185480,4.0,2019-20,2019 Q4,Secondary,Production & Infrastructure,Corporate / Utilities,-5507,7.11,14.75,High,Very High,Medium,Very High,Extremely High,Import Deficit,High,5,0.5,0.62,0.57,-5507,0.2238095238095238,1121.2539610683568,572.5215029425079,4198.279764599366,1.48,Expansion,0.7164266278338866
2019,Q4,IT Services,26.25,7.24,175.9,74918,116271,22765,2.44,175,120,226297,4.0,2019-20,2019 Q4,Tertiary,Services,Corporate / Professional,-41353,4.22,13.15,High,Low,Low,Very High,Extremely High,Import Deficit,High,6,2.85,4.43,0.87,-41353,0.14923251847640703,7283.390476190476,867.2380952380952,8620.838095238096,8.01,Expansion,0.6186799448598514
2019,Q4,Financial Services,12.47,2.55,39.9,79768,82570,7933,6.83,125,118,201145,4.0,2019-20,2019 Q4,Tertiary,Services,Corporate / Financial,-2802,2.01,2.98,Low,High,Low,Moderate,Moderate,Import Deficit,High,7,6.4,6.62,0.64,-2802,0.31253132832080205,13018.283881315156,636.1668003207698,16130.312750601443,2.03,Contraction,0.19786487471935246
2019,Q4,Retail,14.74,2.82,9.4,136966,127099,19740,5.31,163,101,286387,4.0,2019-20,2019 Q4,Tertiary,Services,Consumer / Business Owner,9867,2.37,0.7,Low,High,Low,High,Low,Export Surplus,Very High,8,9.29,8.62,1.34,9867,1.5680851063829786,17914.85753052917,1339.21302578019,19429.24016282225,3.47,Contraction,0.17004355390256512
2019,Q4,Healthcare,13.04,-1.05,160.4,78772,95019,21355,3.79,112,90,142479,4.0,2019-20,2019 Q4,Tertiary,Services,Patient / Healthcare Provider,-16247,2.1,11.99,Negative,Moderate,Low,High,Extremely High,Import Deficit,Medium,9,6.04,7.29,1.64,-16247,0.08129675810473815,13327.530674846626,1637.653374233129,10926.303680981597,7.06,Contraction,0.2628731140379786
2019,Q4,Education,39.65,1.93,81.6,11720,107181,26587,2.43,170,124,247524,4.0,2019-20,2019 Q4,Tertiary,Services,Student / Education Provider,-95461,6.38,6.1,Low,Low,Medium,Very High,High,Import Deficit,Very High,10,0.3,2.7,0.67,-95461,0.48590686274509803,2998.764186633039,670.5422446406053,6242.723833543506,7.16,Contraction,0.3538393115553748
2019,Q4,Transport,51.77,3.93,28.7,72535,47366,23622,2.67,170,113,33327,4.0,2019-20,2019 Q4,Tertiary,Services,Consumer / Business Owner,25169,8.33,2.14,Moderate,Low,Medium,Very High,Low,Export Surplus,Very Low,11,1.4,0.91,0.46,25169,1.8038327526132405,2316.032451226579,456.2874251497006,643.7512072628936,1.61,Expansion,0.3909293638787285
2019,Q4,Tourism,47.08,4.11,27.1,25877,79511,22937,3.86,127,130,239444,4.0,2019-20,2019 Q4,Tertiary,Services,Consumer / Business Owner,-53634,7.57,2.03,Moderate,Moderate,Medium,Very High,Low,Import Deficit,High,12,0.55,1.69,0.49,-53634,1.7372693726937267,2238.4876805437552,487.1920135938828,5085.89634664401,3.12,Expansion,0.3749539776227193
2019,Q4,Real Estate,38.22,-0.25,68.3,149819,53160,19432,2.18,132,122,162750,4.0,2019-20,2019 Q4,Tertiary,Services,Corporate / Property,96659,6.15,5.1,Negative,Low,Medium,High,High,Export Surplus,Medium,13,3.92,1.39,0.51,96659,0.5595900439238654,5310.805860805861,508.42490842490844,4258.241758241758,8.72,Contraction,0.25479152653786735
2019,Q4,Communication,76.06,2.28,169.6,28312,97352,6102,4.28,135,134,198205,4.0,2019-20,2019 Q4,Tertiary,Services,Consumer / Corporate,-69040,12.23,12.67,Low,Moderate,High,Low,Extremely High,Import Deficit,High,14,0.37,1.28,0.08,-69040,0.4484669811320755,1652.169339994741,80.22613726005784,2605.9032342887194,1.6,Contraction,0.6510573348788342
2019,Q4,Public Administration,52.41,1.84,68.2,21193,91675,3187,3.3,102,126,217965,4.0,2019-20,2019 Q4,Tertiary,Services,Government,-70482,8.43,5.1,Low,Moderate,Medium,Low,High,Import Deficit,High,15,0.4,1.75,0.06,-70482,0.768475073313783,2153.558481205877,60.80900591490174,4158.843732112193,3.5,Contraction,0.3837075523420162
2020,Q1,Agriculture,12.69,7.71,68.4,122244,70001,6460,6.18,167,108,181125,1.0,2020-21,2020 Q1,Primary,Resource & Agriculture,Farmer,52243,2.09,3.64,High,High,Low,Low,High,Export Surplus,Medium,1,9.63,5.52,0.51,52243,0.18552631578947365,15149.330181245075,509.0622537431048,14273.049645390072,9.96,Expansion,0.41458030868780216
2020,Q1,Manufacturing,30.55,4.82,139.3,100558,64147,18446,5.02,155,115,236435,1.0,2020-21,2020 Q1,Secondary,Production & Infrastructure,Corporate / Industrial,36411,5.02,7.41,Moderate,High,Low,High,Very High,Export Surplus,High,3,3.29,2.1,0.6,36411,0.21931083991385497,5391.325695581015,603.7970540098199,7739.2798690671025,-1.85,Expansion,0.5001265300229734
2020,Q1,Construction,27.37,6.35,207.9,113579,80698,22456,5.05,161,142,192239,1.0,2020-21,2020 Q1,Secondary,Production & Infrastructure,Corporate / Infrastructure,32881,4.5,11.06,High,High,Low,Very High,Extremely High,Export Surplus,High,4,4.15,2.95,0.82,32881,0.13164983164983166,7098.173182316405,820.4603580562659,7023.712093533065,4.86,Expansion,0.6421912253003986
2020,Q1,Mining,34.54,0.14,101.7,92311,23755,16958,5.99,158,135,284412,1.0,2020-21,2020 Q1,Secondary,Production & Infrastructure,Corporate / Industrial,68556,5.68,5.41,Low,High,Medium,High,Very High,Export Surplus,Very High,2,2.67,0.69,0.49,68556,0.33962635201573255,3360.3358425014476,490.9669947886509,8234.27909669948,8.0,Contraction,0.30320137749902265
2020,Q1,Electricity,57.42,-0.78,155.4,132308,108369,27947,3.43,159,143,187787,1.0,2020-21,2020 Q1,Secondary,Production & Infrastructure,Corporate / Utilities,23939,9.44,8.26,Negative,Moderate,High,Very High,Extremely High,Export Surplus,High,5,2.3,1.89,0.49,23939,0.3694980694980695,4191.518634622083,486.71194705677465,3270.4110066179032,6.95,Contraction,0.4494321130703914
2020,Q1,IT Services,40.46,0.81,41.0,21928,84255,24522,5.78,108,103,171763,1.0,2020-21,2020 Q1,Tertiary,Services,Corporate / Professional,-62327,6.65,2.18,Low,High,Medium,Very High,Moderate,Import Deficit,Medium,6,0.54,2.08,0.61,-62327,0.9868292682926829,2624.39446366782,606.0800790904597,4245.254572417202,7.24,Contraction,0.25811716521727696
2020,Q1,Financial Services,49.59,-1.12,219.4,91122,47755,23391,2.16,113,123,289119,1.0,2020-21,2020 Q1,Tertiary,Services,Corporate / Financial,43367,8.15,11.67,Negative,Low,Medium,Very High,Extremely High,Export Surplus,Very High,7,1.84,0.96,0.47,43367,0.22602552415679125,2800.504133897963,471.6878402903811,5830.187537810042,2.55,Contraction,0.5025935176297278
2020,Q1,Retail,61.87,-1.73,65.8,46913,78227,19845,6.98,103,93,63830,1.0,2020-21,2020 Q1,Tertiary,Services,Consumer / Business Owner,-31314,10.17,3.5,Negative,High,High,High,High,Import Deficit,Very Low,8,0.76,1.26,0.32,-31314,0.9402735562310031,2022.6280911588817,320.75319217714565,1031.6793276224341,2.82,Contraction,0.30016589155409024
2020,Q1,Healthcare,33.83,0.77,94.9,86309,95418,10781,5.09,135,123,115264,1.0,2020-21,2020 Q1,Tertiary,Services,Patient / Healthcare Provider,-9109,5.56,5.05,Low,High,Medium,Moderate,High,Import Deficit,Low,9,2.55,2.82,0.32,-9109,0.3564805057955743,5371.770617794857,318.68164351167604,3407.153414129471,-1.05,Contraction,0.3109764022406886
2020,Q1,Education,24.76,3.91,141.1,30907,117275,22220,2.32,122,142,120686,1.0,2020-21,2020 Q1,Tertiary,Services,Student / Education Provider,-86368,4.07,7.5,Moderate,Low,Low,High,Very High,Import Deficit,Low,10,1.25,4.74,0.9,-86368,0.17547838412473424,5984.733441033925,897.4151857835218,4874.232633279483,1.93,Expansion,0.44828323686920585
2020,Q1,Transport,54.75,4.92,219.2,123591,45019,8077,2.89,172,99,139585,1.0,2020-21,2020 Q1,Tertiary,Services,Consumer / Business Owner,78572,9.0,11.66,Moderate,Low,Medium,Moderate,Extremely High,Export Surplus,Medium,11,2.26,0.82,0.15,78572,0.249771897810219,3079.634703196347,147.52511415525115,2549.497716894977,3.93,Expansion,0.7257531625799333
2020,Q1,Tourism,66.38,0.35,116.2,145107,137292,10374,4.48,129,104,229729,1.0,2020-21,2020 Q1,Tertiary,Services,Consumer / Business Owner,7815,10.91,6.18,Low,Moderate,High,Moderate,Very High,Export Surplus,High,12,2.19,2.07,0.16,7815,0.5712564543889844,4254.278397107563,156.282012654414,3460.816510997289,4.11,Contraction,0.46505826728812477
2020,Q1,Real Estate,27.78,9.84,47.4,112535,82105,23310,6.54,163,128,224707,1.0,2020-21,2020 Q1,Tertiary,Services,Corporate / Property,30430,4.57,2.52,High,High,Low,Very High,Moderate,Export Surplus,High,13,4.05,2.96,0.84,30430,0.5860759493670886,7006.479481641469,839.0928725701943,8088.804895608351,-0.25,Expansion,0.5168491030591112
2020,Q1,Communication,63.79,2.61,138.8,125714,136854,2447,2.93,127,143,151719,1.0,2020-21,2020 Q1,Tertiary,Services,Consumer / Corporate,-11140,10.49,7.38,Low,Low,High,Low,Very High,Import Deficit,Medium,14,1.97,2.15,0.04,-11140,0.45958213256484143,4116.131055024299,38.360244552437685,2378.4135444427025,2.28,Contraction,0.5641348849051337
2020,Q1,Public Administration,22.53,7.4,123.8,140145,52107,10107,4.53,180,145,109468,1.0,2020-21,2020 Q1,Tertiary,Services,Government,88038,3.7,6.58,High,Moderate,Low,Moderate,Very High,Export Surplus,Low,15,6.22,2.31,0.45,88038,0.18198707592891764,8533.155792276964,448.60186418109186,4858.766089658233,1.84,Expansion,0.5293926588718368
2020,Q2,Agriculture,38.88,-0.42,85.6,118937,103654,15771,5.6,110,122,85647,2.0,2020-21,2020 Q2,Primary,Resource & Agriculture,Farmer,15283,5.97,5.36,Negative,High,Medium,High,High,Export Surplus,Low,1,3.06,2.67,0.41,15283,0.4542056074766356,5725.077160493826,405.6327160493827,2202.8549382716046,7.71,Contraction,0.2781327358686058
2020,Q2,Manufacturing,38.5,1.79,100.9,50831,137535,5240,5.81,150,98,134208,2.0,2020-21,2020 Q2,Secondary,Production & Infrastructure,Corporate / Industrial,-86704,5.91,6.31,Low,High,Medium,Low,Very High,Import Deficit,Medium,3,1.32,3.57,0.14,-86704,0.38156590683845387,4892.623376623376,136.1038961038961,3485.9220779220777,4.82,Contraction,0.37367057508654683
2020,Q2,Construction,60.82,7.84,214.9,79847,27645,27164,4.63,133,143,144837,2.0,2020-21,2020 Q2,Secondary,Production & Infrastructure,Corporate / Infrastructure,52202,9.33,13.45,High,Moderate,High,Very High,Extremely High,Export Surplus,Medium,4,1.31,0.45,0.45,52202,0.2830153559795254,1767.37915159487,446.62939822426836,2381.4041433738903,6.35,Expansion,0.8421695339796728
2020,Q2,Mining,14.51,7.27,11.9,69942,54647,8466,7.35,114,100,248621,2.0,2020-21,2020 Q2,Secondary,Production & Infrastructure,Corporate / Industrial,15295,2.23,0.74,High,Very High,Low,Moderate,Low,Export Surplus,Very High,2,4.82,3.77,0.58,15295,1.2193277310924369,8586.423156443832,583.4596829772571,17134.45899379738,0.14,Expansion,0.32166032079372325
2020,Q2,Electricity,26.45,5.03,129.2,118003,116245,18870,2.11,179,145,24064,2.0,2020-21,2020 Q2,Secondary,Production & Infrastructure,Corporate / Utilities,1758,4.06,8.08,Moderate,Low,Low,High,Very High,Export Surplus,Very Low,5,4.46,4.39,0.71,1758,0.20472136222910217,8856.257088846882,713.421550094518,909.7920604914934,-0.78,Expansion,0.4747071303417745
2020,Q2,IT Services,61.4,7.05,93.9,82149,91458,24344,2.74,133,96,45605,2.0,2020-21,2020 Q2,Tertiary,Services,Corporate / Professional,-9309,9.42,5.88,High,Low,High,Very High,High,Import Deficit,Very Low,6,1.34,1.49,0.4,-9309,0.6538871139510116,2827.475570032573,396.48208469055373,742.7524429967427,0.81,Expansion,0.6344254022851018
2020,Q2,Financial Services,37.11,6.07,156.0,65757,81323,26627,2.74,113,115,245781,2.0,2020-21,2020 Q2,Tertiary,Services,Corporate / Financial,-15566,5.69,9.76,High,Low,Medium,Very High,Extremely High,Import Deficit,Very High,7,1.77,2.19,0.72,-15566,0.2378846153846154,3963.3521961735382,717.5154944758825,6623.03961196443,-1.12,Expansion,0.5946433589693398
2020,Q2,Retail,37.35,8.95,172.0,128587,30465,16237,6.45,142,104,27353,2.0,2020-21,2020 Q2,Tertiary,Services,Consumer / Business Owner,98122,5.73,10.76,High,High,Medium,High,Extremely High,Export Surplus,Very Low,8,3.44,0.82,0.43,98122,0.21715116279069768,4258.420348058902,434.7255689424364,732.3427041499331,-1.73,Expansion,0.7162309980017173
2020,Q2,Healthcare,44.07,2.1,180.6,24993,50893,5342,6.87,155,104,137771,2.0,2020-21,2020 Q2,Tertiary,Services,Patient / Healthcare Provider,-25900,6.76,11.3,Low,High,Medium,Low,Extremely High,Import Deficit,Medium,9,0.57,1.15,0.12,-25900,0.2440199335548173,1721.9423644202404,121.21624687996369,3126.185613796233,0.77,Contraction,0.5283021237762168
2020,Q2,Education,53.02,6.71,103.3,79945,80039,19679,3.02,173,115,128563,2.0,2020-21,2020 Q2,Tertiary,Services,Student / Education Provider,-94,8.14,6.46,High,Moderate,Medium,High,Very High,Import Deficit,Low,10,1.51,1.51,0.37,-94,0.5132623426911908,3017.427385892116,371.16182572614105,2424.801961523953,3.91,Expansion,0.6023768416092511
2020,Q2,Transport,26.21,7.37,88.5,41123,67021,10516,7.12,144,87,44034,2.0,2020-21,2020 Q2,Tertiary,Services,Consumer / Business Owner,-25898,4.02,5.54,High,Very High,Low,Moderate,High,Import Deficit,Very Low,11,1.57,2.56,0.4,-25898,0.2961581920903955,4126.058756199924,401.2209080503624,1680.0457840518886,4.92,Expansion,0.49013357075349995
2020,Q2,Tourism,68.14,4.47,66.1,54955,71945,15304,6.47,120,104,103262,2.0,2020-21,2020 Q2,Tertiary,Services,Consumer / Business Owner,-16990,10.46,4.14,Moderate,High,High,High,High,Import Deficit,Low,12,0.81,1.06,0.22,-16990,1.0308623298033284,1862.342236571764,224.59641913707074,1515.4388024655123,0.35,Expansion,0.5340644284098434
2020,Q2,Real Estate,60.23,0.83,120.4,101392,39703,7479,3.25,103,100,204454,2.0,2020-21,2020 Q2,Tertiary,Services,Corporate / Property,61689,9.24,7.53,Low,Moderate,High,Low,Very High,Export Surplus,High,13,1.68,0.66,0.12,61689,0.5002491694352159,2342.6033538103934,124.17399966793957,3394.5542088660136,9.84,Contraction,0.46183068324670834
2020,Q2,Communication,20.62,4.91,19.4,31438,33222,12659,4.81,173,105,127046,2.0,2020-21,2020 Q2,Tertiary,Services,Consumer / Corporate,-1784,3.16,1.21,Moderate,Moderate,Low,Moderate,Low,Import Deficit,Low,14,1.52,1.61,0.61,-1784,1.0628865979381446,3135.7904946653734,613.9185257032008,6161.299709020368,2.61,Expansion,0.27963347185208215
2020,Q2,Public Administration,64.39,-1.68,55.4,36877,139994,3541,3.09,162,125,49750,2.0,2020-21,2020 Q2,Tertiary,Services,Government,-103117,9.88,3.47,Negative,Moderate,High,Low,Moderate,Import Deficit,Very Low,15,0.57,2.17,0.05,-103117,1.162274368231047,2746.8706320857277,54.993011337164155,772.6355024072061,7.4,Contraction,0.2965559290623288
2020,Q3,Agriculture,60.19,4.82,108.9,102601,16934,22524,5.79,156,135,263308,3.0,2020-21,2020 Q3,Primary,Resource & Agriculture,Farmer,85667,9.97,7.97,Moderate,High,High,Very High,Very High,Export Surplus,Very High,1,1.7,0.28,0.37,85667,0.5527089072543617,1985.9611231101512,374.21498587805286,4374.613723209835,-0.42,Expansion,0.5776000962891991
2020,Q3,Manufacturing,16.82,7.2,83.5,109512,41513,14248,3.84,114,124,138065,3.0,2020-21,2020 Q3,Secondary,Production & Infrastructure,Corporate / Industrial,67999,2.79,6.11,High,Moderate,Low,Moderate,High,Export Surplus,Medium,3,6.51,2.47,0.85,67999,0.201437125748503,8978.894173602854,847.0868014268727,8208.382877526754,1.79,Expansion,0.43768777330829733
2020,Q3,Construction,41.91,-0.49,143.2,57470,87870,11867,7.39,151,145,190344,3.0,2020-21,2020 Q3,Secondary,Production & Infrastructure,Corporate / Infrastructure,-30400,6.95,10.49,Negative,Very High,Medium,Moderate,Very High,Import Deficit,High,4,1.37,2.1,0.28,-30400,0.2926675977653631,3467.9074206633263,283.15437842996903,4541.732283464567,7.84,Contraction,0.37590312678949434
2020,Q3,Mining,26.24,5.82,128.6,88072,108646,5477,2.44,127,130,286250,3.0,2020-21,2020 Q3,Secondary,Production & Infrastructure,Corporate / Industrial,-20574,4.35,9.42,Moderate,Low,Low,Low,Very High,Import Deficit,Very High,2,3.36,4.14,0.21,-20574,0.2040435458786936,7496.875,208.72713414634148,10908.91768292683,7.27,Expansion,0.4993325541733708
2020,Q3,Electricity,61.31,6.52,111.9,50100,121891,5313,4.54,110,144,291540,3.0,2020-21,2020 Q3,Secondary,Production & Infrastructure,Corporate / Utilities,-71791,10.16,8.19,High,Moderate,High,Low,Very High,Import Deficit,Very High,5,0.82,1.99,0.09,-71791,0.5478999106344951,2805.2683085956614,86.6579677051052,4755.178600554558,5.03,Expansion,0.6436650057260745
2020,Q3,IT Services,38.72,8.35,81.9,27527,37369,4178,4.78,135,85,150961,3.0,2020-21,2020 Q3,Tertiary,Services,Corporate / Professional,-9842,6.42,6.0,High,Moderate,Medium,Low,High,Import Deficit,Medium,6,0.71,0.97,0.11,-9842,0.4727716727716727,1676.0330578512396,107.90289256198348,3898.7861570247933,7.05,Expansion,0.565059459931544
2020,Q3,Financial Services,49.91,0.48,71.4,70535,116106,20359,2.98,119,119,202053,3.0,2020-21,2020 Q3,Tertiary,Services,Corporate / Financial,-45571,8.27,5.23,Low,Low,Medium,High,High,Import Deficit,High,7,1.41,2.33,0.41,-45571,0.6990196078431371,3739.551192145863,407.9142456421559,4048.3470246443603,6.07,Contraction,0.3326689403989967
2020,Q3,Retail,14.24,7.7,83.4,66572,14747,6375,2.65,121,113,230346,3.0,2020-21,2020 Q3,Tertiary,Services,Consumer / Business Owner,51825,2.36,6.11,High,Low,Low,Low,High,Export Surplus,High,8,4.68,1.04,0.45,51825,0.17074340527577936,5710.603932584269,447.6825842696629,16175.983146067416,8.95,Expansion,0.4434906227669914
2020,Q3,Healthcare,31.46,9.64,12.1,38155,34283,17327,5.66,126,87,29300,3.0,2020-21,2020 Q3,Tertiary,Services,Patient / Healthcare Provider,3872,5.21,0.89,High,High,Low,High,Low,Export Surplus,Very Low,9,1.21,1.09,0.55,3872,2.6,2302.5429116338205,550.7628734901461,931.3413858868404,2.1,Expansion,0.4719062971206474
2020,Q3,Education,45.43,3.8,32.2,76617,34135,16049,4.41,111,116,208424,3.0,2020-21,2020 Q3,Tertiary,Services,Student / Education Provider,42482,7.53,2.36,Moderate,Moderate,Medium,High,Moderate,Export Surplus,High,10,1.69,0.75,0.35,42482,1.4108695652173913,2437.8604446401055,353.26876513317194,4587.805414924059,6.71,Contraction,0.3654516826388367
2020,Q3,Transport,32.65,5.82,117.2,137519,28949,2761,6.02,152,126,225210,3.0,2020-21,2020 Q3,Tertiary,Services,Consumer / Business Owner,108570,5.41,8.58,Moderate,High,Low,Low,Very High,Export Surplus,High,11,4.21,0.89,0.08,108570,0.2785836177474402,5098.560490045942,84.5635528330781,6897.70290964778,7.37,Expansion,0.508758895329571
2020,Q3,Tourism,20.48,-1.46,23.1,48179,89123,22913,5.89,119,96,117092,3.0,2020-21,2020 Q3,Tertiary,Services,Consumer / Business Owner,-40944,3.39,1.69,Negative,High,Low,Very High,Low,Import Deficit,Low,12,2.35,4.35,1.12,-40944,0.8865800865800866,6704.19921875,1118.798828125,5717.3828125,4.47,Contraction,0.07169606212183031
2020,Q3,Real Estate,49.14,2.61,186.4,92242,30722,25850,4.06,105,109,252154,3.0,2020-21,2020 Q3,Tertiary,Services,Corporate / Property,61520,8.14,13.65,Low,Moderate,Medium,Very High,Extremely High,Export Surplus,Very High,13,1.88,0.63,0.53,61520,0.26362660944206007,2502.319902319902,526.048026048026,5131.339031339031,0.83,Contraction,0.575309966363042
2020,Q3,Communication,70.69,-0.63,163.6,139146,114189,26176,2.92,177,106,114504,3.0,2020-21,2020 Q3,Tertiary,Services,Consumer / Corporate,24957,11.71,11.98,Negative,Low,High,Very High,Extremely High,Export Surplus,Low,14,1.97,1.62,0.37,24957,0.43209046454767724,3583.7459329466687,370.29282783986423,1619.8047814400907,4.91,Contraction,0.5222536417146273
2020,Q3,Public Administration,44.25,6.65,18.2,148801,43033,15047,3.76,127,91,133957,3.0,2020-21,2020 Q3,Tertiary,Services,Government,105768,7.33,1.33,High,Moderate,Medium,High,Low,Export Surplus,Medium,15,3.36,0.97,0.34,105768,2.4313186813186816,4335.2316384180795,340.045197740113,3027.276836158192,-1.68,Expansion,0.43455489567038685
2020,Q4,Agriculture,61.72,7.37,73.8,117528,37885,12466,3.45,131,120,133715,4.0,2020-21,2020 Q4,Primary,Resource & Agriculture,Farmer,79643,8.99,5.17,High,Moderate,High,Moderate,High,Export Surplus,Medium,1,1.9,0.61,0.2,79643,0.8363143631436315,2518.0330524951396,201.97666882696046,2166.4776409591705,4.82,Expansion,0.6159350822679248
2020,Q4,Manufacturing,25.25,-0.86,107.5,66165,20536,13076,6.95,167,145,201102,4.0,2020-21,2020 Q4,Secondary,Production & Infrastructure,Corporate / Industrial,45629,3.68,7.54,Negative,High,Low,Moderate,Very High,Export Surplus,High,3,2.62,0.81,0.52,45629,0.23488372093023255,3433.70297029703,517.8613861386139,7964.435643564357,7.2,Contraction,0.23982371074424122
2020,Q4,Construction,32.53,4.34,41.2,124883,11978,18264,4.49,124,85,36725,4.0,2020-21,2020 Q4,Secondary,Production & Infrastructure,Corporate / Infrastructure,112905,4.74,2.89,Moderate,Moderate,Low,High,Moderate,Export Surplus,Very Low,4,3.84,0.37,0.56,112905,0.7895631067961165,4207.2241008300025,561.4509683369198,1128.9578850292037,-0.49,Expansion,0.3433627342404477
2020,Q4,Mining,63.42,0.38,68.5,31936,110972,25041,2.02,164,94,259711,4.0,2020-21,2020 Q4,Secondary,Production & Infrastructure,Corporate / Industrial,-79036,9.24,4.8,Low,Low,High,Very High,High,Import Deficit,Very High,2,0.5,1.75,0.39,-79036,0.9258394160583941,2253.3585619678333,394.84389782403025,4095.096184169032,5.82,Contraction,0.3812766947239379
2020,Q4,Electricity,64.93,6.88,79.9,87848,92550,28877,5.49,130,105,151207,4.0,2020-21,2020 Q4,Secondary,Production & Infrastructure,Corporate / Utilities,-4702,9.46,5.6,High,High,High,Very High,High,Import Deficit,Medium,5,1.35,1.43,0.44,-4702,0.8126408010012516,2778.345910981056,444.7404897582011,2328.769444016633,6.52,Expansion,0.6222061429146715
2020,Q4,IT Services,35.96,6.37,99.7,77149,85168,28337,3.06,135,144,95116,4.0,2020-21,2020 Q4,Tertiary,Services,Corporate / Professional,-8019,5.24,6.99,High,Moderate,Medium,Very High,High,Import Deficit,Low,6,2.15,2.37,0.79,-8019,0.36068204613841526,4513.820912124583,788.0144605116797,2645.0500556173524,8.35,Expansion,0.5143790434322517
2020,Q4,Financial Services,24.15,6.0,122.7,147021,54861,906,7.37,175,105,153658,4.0,2020-21,2020 Q4,Tertiary,Services,Corporate / Financial,92160,3.52,8.6,Moderate,Very High,Low,Low,Very High,Export Surplus,Medium,7,6.09,2.27,0.04,92160,0.19682151589242053,8359.503105590062,37.51552795031056,6362.650103519669,0.48,Expansion,0.4876727100700891
2020,Q4,Retail,31.08,3.26,154.6,42262,74234,25612,6.47,151,110,250886,4.0,2020-21,2020 Q4,Tertiary,Services,Consumer / Business Owner,-31972,4.53,10.84,Moderate,High,Low,Very High,Extremely High,Import Deficit,Very High,8,1.36,2.39,0.82,-31972,0.20103492884864166,3748.2625482625485,824.0669240669241,8072.265122265123,7.7,Contraction,0.4734155052669376
2020,Q4,Healthcare,37.06,2.25,87.2,129900,84796,14670,6.09,147,123,63635,4.0,2020-21,2020 Q4,Tertiary,Services,Patient / Healthcare Provider,45104,5.4,6.11,Low,High,Medium,Moderate,High,Export Surplus,Very Low,9,3.51,2.29,0.4,45104,0.425,5793.200215866163,395.8445763626551,1717.0804101457095,9.64,Contraction,0.36223842970359016
2020,Q4,Education,36.64,0.96,37.9,73937,45916,11479,2.75,127,122,265461,4.0,2020-21,2020 Q4,Tertiary,Services,Student / Education Provider,28021,5.34,2.66,Low,Low,Medium,Moderate,Moderate,Export Surplus,Very High,10,2.02,1.25,0.31,28021,0.9667546174142481,3271.0971615720523,313.2914847161572,7245.11462882096,3.8,Contraction,0.24248994832422613
2020,Q4,Transport,74.6,9.81,84.9,87466,63743,24981,2.64,144,109,156171,4.0,2020-21,2020 Q4,Tertiary,Services,Consumer / Business Owner,23723,10.86,5.95,High,Low,High,Very High,High,Export Surplus,Medium,11,1.17,0.85,0.33,23723,0.878680800942285,2026.9302949061664,334.8659517426274,2093.4450402144776,5.82,Expansion,0.7680967514962407
2020,Q4,Tourism,46.61,6.24,91.8,111135,8479,9275,6.63,151,100,82679,4.0,2020-21,2020 Q4,Tertiary,Services,Consumer / Business Owner,102656,6.79,6.44,High,High,Medium,Moderate,High,Export Surplus,Low,12,2.38,0.18,0.2,102656,0.5077342047930283,2566.2733319030253,198.99163269684618,1773.8468139884146,-1.46,Expansion,0.5424606862876998
2020,Q4,Real Estate,57.57,3.6,129.3,24145,90994,10969,4.82,142,114,287956,4.0,2020-21,2020 Q4,Tertiary,Services,Corporate / Property,-66849,8.38,9.07,Moderate,Moderate,High,Moderate,Very High,Import Deficit,Very High,13,0.42,1.58,0.19,-66849,0.44524361948955915,1999.9826298419316,190.53326385270105,5001.841236755255,2.61,Contraction,0.5568615996336425
2020,Q4,Communication,17.57,-1.61,97.5,57134,98645,14793,4.84,142,89,154992,4.0,2020-21,2020 Q4,Tertiary,Services,Consumer / Corporate,-41511,2.56,6.84,Negative,Moderate,Low,Moderate,High,Import Deficit,Medium,14,3.25,5.61,0.84,-41511,0.1802051282051282,8866.192373363689,841.946499715424,8821.400113830392,-0.63,Contraction,0.16752641566814144
2020,Q4,Public Administration,77.63,1.06,149.6,76149,83207,11978,4.74,104,109,116606,4.0,2020-21,2020 Q4,Tertiary,Services,Government,-7058,11.3,10.49,Low,Moderate,High,Moderate,Very High,Import Deficit,Low,15,0.98,1.07,0.15,-7058,0.5189171122994652,2052.7631070462453,154.29601958005927,1502.0739404869253,6.65,Contraction,0.5864452777342423
2021,Q1,Agriculture,43.64,7.67,200.2,81327,34011,22355,2.64,167,136,11743,1.0,2021-22,2021 Q1,Primary,Resource & Agriculture,Farmer,47316,6.64,14.43,High,Low,Medium,Very High,Extremely High,Export Surplus,Very Low,1,1.86,0.78,0.51,47316,0.217982017982018,2642.942254812099,512.2593950504124,269.0879926672777,7.37,Expansion,0.7424983984619403
2021,Q1,Manufacturing,19.35,5.22,25.7,90272,109633,2968,4.38,138,123,69058,1.0,2021-22,2021 Q1,Secondary,Production & Infrastructure,Corporate / Industrial,-19361,2.94,1.85,Moderate,Moderate,Low,Low,Low,Import Deficit,Very Low,3,4.67,5.67,0.15,-19361,0.7529182879377433,10331.007751937983,153.38501291989664,3568.8888888888887,-0.86,Expansion,0.2942674701464563
2021,Q1,Construction,79.5,1.29,51.7,43715,116868,20955,6.95,153,113,81203,1.0,2021-22,2021 Q1,Secondary,Production & Infrastructure,Corporate / Infrastructure,-73153,12.1,3.73,Low,High,High,High,Moderate,Import Deficit,Low,4,0.55,1.47,0.26,-73153,1.5377176015473888,2019.9119496855346,263.58490566037733,1021.4213836477987,4.34,Contraction,0.4532642332973104
2021,Q1,Mining,74.29,-0.21,50.5,110195,101823,16913,5.83,174,106,47678,1.0,2021-22,2021 Q1,Secondary,Production & Infrastructure,Corporate / Industrial,8372,11.3,3.64,Negative,High,High,High,Moderate,Export Surplus,Very Low,2,1.48,1.37,0.23,8372,1.4710891089108913,2853.923812087764,227.66186566159644,641.7822048727958,0.38,Contraction,0.3795586757669473
2021,Q1,Electricity,33.11,3.43,38.0,61012,112695,16422,3.47,101,93,57718,1.0,2021-22,2021 Q1,Secondary,Production & Infrastructure,Corporate / Utilities,-51683,5.04,2.74,Moderate,Moderate,Medium,High,Moderate,Import Deficit,Very Low,5,1.84,3.4,0.5,-51683,0.8713157894736842,5246.360616128058,495.9830866807611,1743.2195711265479,6.88,Contraction,0.31049798633124964
2021,Q1,IT Services,68.65,5.72,56.0,14811,75276,9651,7.26,117,145,243845,1.0,2021-22,2021 Q1,Tertiary,Services,Corporate / Professional,-60465,10.45,4.04,Moderate,Very High,High,Moderate,Moderate,Import Deficit,Very High,6,0.22,1.1,0.14,-60465,1.2258928571428573,1312.2651128914783,140.58266569555715,3552.0029133284775,6.37,Expansion,0.5626459753803881
2021,Q1,Financial Services,34.1,2.62,29.1,44990,76596,22486,2.22,122,114,134804,1.0,2021-22,2021 Q1,Tertiary,Services,Corporate / Financial,-31606,5.19,2.1,Low,Low,Medium,Very High,Low,Import Deficit,Medium,7,1.32,2.25,0.66,-31606,1.1718213058419245,3565.5718475073313,659.4134897360703,3953.1964809384162,6.0,Contraction,0.27403082277206436
2021,Q1,Retail,41.42,6.57,53.5,19274,113347,21514,4.2,149,131,13449,1.0,2021-22,2021 Q1,Tertiary,Services,Consumer / Business Owner,-94073,6.3,3.86,High,Moderate,Medium,High,Moderate,Import Deficit,Very Low,8,0.47,2.74,0.52,-94073,0.7742056074766356,3201.8590053114435,519.4109126026074,324.69821342346694,3.26,Expansion,0.4736819395518961
2021,Q1,Healthcare,30.07,-1.93,144.2,38525,31374,24648,4.07,134,130,258627,1.0,2021-22,2021 Q1,Tertiary,Services,Patient / Healthcare Provider,7151,4.58,10.39,Negative,Moderate,Low,Very High,Very High,Export Surplus,Very High,9,1.28,1.04,0.82,7151,0.20852981969486825,2324.54273362155,819.687396075823,8600.831393415365,2.25,Contraction,0.2798884005337855
2021,Q1,Education,15.54,8.09,84.7,22518,50429,22395,5.46,127,99,143515,1.0,2021-22,2021 Q1,Tertiary,Services,Student / Education Provider,-27911,2.36,6.1,High,High,Low,Very High,High,Import Deficit,Medium,10,1.45,3.25,1.44,-27911,0.18347107438016527,4694.144144144145,1441.1196911196912,9235.199485199486,0.96,Expansion,0.4639266911498532
2021,Q1,Transport,32.62,0.39,150.4,50617,103193,5959,2.29,109,112,207517,1.0,2021-22,2021 Q1,Tertiary,Services,Consumer / Business Owner,-52576,4.96,10.84,Low,Low,Low,Low,Extremely High,Import Deficit,High,11,1.55,3.16,0.18,-52576,0.2168882978723404,4715.205395462906,182.67933782955242,6361.649294911098,9.81,Contraction,0.3775067364379545
2021,Q1,Tourism,72.65,5.37,131.2,93803,56165,18479,5.2,146,91,203342,1.0,2021-22,2021 Q1,Tertiary,Services,Consumer / Business Owner,37638,11.05,9.46,Moderate,High,High,High,Very High,Export Surplus,High,12,1.29,0.77,0.25,37638,0.5537347560975611,2064.2532690984167,254.35650378527183,2798.92635925671,6.24,Expansion,0.6818285781599277
2021,Q1,Real Estate,10.67,0.84,188.8,103667,27868,23536,4.01,142,136,162063,1.0,2021-22,2021 Q1,Tertiary,Services,Corporate / Property,75799,1.62,13.61,Low,Moderate,Low,Very High,Extremely High,Export Surplus,Medium,13,9.72,2.61,2.21,75799,0.05651483050847457,12327.553889409559,2205.8106841612,15188.659793814433,3.6,Contraction,0.35930488280078565
2021,Q1,Communication,54.5,0.07,36.9,36448,34090,560,6.33,175,89,75505,1.0,2021-22,2021 Q1,Tertiary,Services,Consumer / Corporate,2358,8.29,2.66,Low,High,Medium,Low,Moderate,Export Surplus,Low,14,0.67,0.63,0.01,2358,1.4769647696476966,1294.2752293577983,10.275229357798166,1385.4128440366972,-1.61,Contraction,0.2857158906751401
2021,Q1,Public Administration,47.14,2.82,146.6,64330,65509,12259,2.09,122,89,88452,1.0,2021-22,2021 Q1,Tertiary,Services,Government,-1179,7.17,10.57,Low,Low,Medium,Moderate,Very High,Import Deficit,Low,15,1.36,1.39,0.26,-1179,0.32155525238744886,2754.3275350021213,260.05515485787015,1876.3682647433177,1.06,Contraction,0.5135479158237736
2021,Q2,Agriculture,68.95,3.58,129.2,45100,25593,27794,5.5,151,118,58218,2.0,2021-22,2021 Q2,Primary,Resource & Agriculture,Farmer,19507,9.61,7.97,Moderate,High,High,Very High,Very High,Export Surplus,Very Low,1,0.65,0.37,0.4,19507,0.5336687306501549,1025.2791878172588,403.10369833212474,844.3509789702683,7.67,Contraction,0.6035111371563616
2021,Q2,Manufacturing,28.06,6.05,58.7,147119,72107,4701,4.43,154,114,49415,2.0,2021-22,2021 Q2,Secondary,Production & Infrastructure,Corporate / Industrial,75012,3.91,3.62,High,Moderate,Low,Low,Moderate,Export Surplus,Very Low,3,5.24,2.57,0.17,75012,0.47802385008517884,7812.758374910905,167.53385602280827,1761.0477548111191,5.22,Expansion,0.4084638225538102
2021,Q2,Construction,29.89,-0.77,37.1,138527,89537,6805,2.96,112,109,112848,2.0,2021-22,2021 Q2,Secondary,Production & Infrastructure,Corporate / Infrastructure,48990,4.17,2.29,Negative,Low,Low,Low,Moderate,Export Surplus,Low,4,4.63,3.0,0.23,48990,0.8056603773584905,7630.110404817665,227.66811642689862,3775.443292070927,1.29,Contraction,0.15527820252680466
2021,Q2,Mining,71.77,4.52,49.0,112385,41823,20803,2.38,178,93,239529,2.0,2021-22,2021 Q2,Secondary,Production & Infrastructure,Corporate / Industrial,70562,10.0,3.02,Moderate,Low,High,High,Moderate,Export Surplus,High,2,1.57,0.58,0.29,70562,1.4646938775510203,2148.6414936603037,289.8564859969347,3337.452974780549,-0.21,Expansion,0.5249100355713755
2021,Q2,Electricity,47.73,9.0,37.7,14454,10883,28285,3.71,112,103,165590,2.0,2021-22,2021 Q2,Secondary,Production & Infrastructure,Corporate / Utilities,3571,6.65,2.33,High,Moderate,Medium,Very High,Moderate,Export Surplus,Medium,5,0.3,0.23,0.59,3571,1.26604774535809,530.8401424680495,592.6042321391159,3469.306515818144,3.43,Expansion,0.5572530232615525
2021,Q2,IT Services,53.45,0.65,151.8,123765,96968,1098,3.59,112,142,164041,2.0,2021-22,2021 Q2,Tertiary,Services,Corporate / Professional,26797,7.45,9.37,Low,Moderate,Medium,Low,Extremely High,Export Surplus,Medium,6,2.32,1.81,0.02,26797,0.35210803689064557,4129.710009354537,20.542563143124415,3069.0551917680073,5.72,Contraction,0.4752149426398944
2021,Q2,Financial Services,66.75,0.05,130.3,142542,135650,12349,4.75,107,96,267613,2.0,2021-22,2021 Q2,Tertiary,Services,Corporate / Financial,6892,9.3,8.04,Low,Moderate,High,Moderate,Very High,Export Surplus,Very High,7,2.14,2.03,0.19,6892,0.5122793553338449,4167.670411985018,185.00374531835206,4009.183520599251,2.62,Contraction,0.47798388069571973
2021,Q2,Retail,31.37,4.13,218.4,104907,54510,23027,5.87,157,90,158002,2.0,2021-22,2021 Q2,Tertiary,Services,Consumer / Business Owner,50397,4.37,13.48,Moderate,High,Low,Very High,Extremely High,Export Surplus,Medium,8,3.34,1.74,0.73,50397,0.14363553113553112,5081.82977366911,734.0452661778769,5036.722983742429,6.57,Expansion,0.600599325376688
2021,Q2,Healthcare,23.31,3.76,59.8,75166,57429,5565,5.26,130,141,126118,2.0,2021-22,2021 Q2,Tertiary,Services,Patient / Healthcare Provider,17737,3.25,3.69,Moderate,High,Low,Low,Moderate,Export Surplus,Low,9,3.22,2.46,0.24,17737,0.3897993311036789,5688.331188331189,238.73873873873876,5410.467610467611,-1.93,Contraction,0.31375730595844886
2021,Q2,Education,74.35,-0.88,202.3,35979,95795,1090,2.56,154,141,194953,2.0,2021-22,2021 Q2,Tertiary,Services,Student / Education Provider,-59816,10.36,12.49,Negative,Low,High,Low,Extremely High,Import Deficit,High,10,0.48,1.29,0.01,-59816,0.36752347998022733,1772.3470073974447,14.660390047074648,2622.0981842636184,8.09,Contraction,0.5879323403910063
2021,Q2,Transport,64.2,-1.46,37.7,33253,69929,4892,3.19,147,132,203449,2.0,2021-22,2021 Q2,Tertiary,Services,Consumer / Business Owner,-36676,8.95,2.33,Negative,Moderate,High,Low,Moderate,Import Deficit,High,11,0.52,1.09,0.08,-36676,1.702917771883289,1607.196261682243,76.19937694704049,3168.98753894081,0.39,Contraction,0.2762394992288946
2021,Q2,Tourism,14.65,-1.82,194.4,129453,128910,19918,7.47,160,85,200651,2.0,2021-22,2021 Q2,Tertiary,Services,Consumer / Business Owner,543,2.04,12.0,Negative,Very High,Low,High,Extremely High,Export Surplus,High,12,8.84,8.8,1.36,543,0.07536008230452675,17635.69965870307,1359.590443686007,13696.31399317406,5.37,Contraction,0.29547760248610305
2021,Q2,Real Estate,22.11,0.6,141.4,117409,100996,16007,5.73,115,126,35701,2.0,2021-22,2021 Q2,Tertiary,Services,Corporate / Property,16413,3.08,8.73,Low,High,Low,High,Very High,Export Surplus,Very Low,13,5.31,4.57,0.72,16413,0.15636492220650636,9878.109452736318,723.9710538218001,1614.6992311171416,0.84,Contraction,0.3270193858814971
2021,Q2,Communication,74.88,1.57,136.7,18233,112290,17678,3.32,159,87,89456,2.0,2021-22,2021 Q2,Tertiary,Services,Consumer / Corporate,-94057,10.44,8.44,Low,Moderate,High,High,Very High,Import Deficit,Low,14,0.24,1.5,0.24,-94057,0.5477688368690563,1743.0956196581199,236.08440170940173,1194.6581196581196,0.07,Contraction,0.5724352154970472
2021,Q2,Public Administration,45.95,6.04,35.7,86482,12195,826,2.7,142,145,170170,2.0,2021-22,2021 Q2,Tertiary,Services,Government,74287,6.4,2.2,High,Low,Medium,Low,Moderate,Export Surplus,Medium,15,1.88,0.27,0.02,74287,1.2871148459383752,2147.486398258977,17.976060935799783,3703.3732317736667,2.82,Expansion,0.44782724033822136
2021,Q3,Agriculture,11.11,4.58,103.1,68221,51525,5687,3.56,135,101,139295,3.0,2021-22,2021 Q3,Primary,Resource & Agriculture,Farmer,16696,1.68,5.35,Moderate,Moderate,Low,Low,Very High,Export Surplus,Medium,1,6.14,4.64,0.51,16696,0.10775945683802134,10778.217821782178,511.8811881188119,12537.803780378039,3.58,Expansion,0.356037805725732
2021,Q3,Manufacturing,40.11,-1.9,162.3,88919,114064,11078,7.44,120,115,107174,3.0,2021-22,2021 Q3,Secondary,Production & Infrastructure,Corporate / Industrial,-25145,6.07,8.42,Negative,Very High,Medium,Moderate,Extremely High,Import Deficit,Low,3,2.22,2.84,0.28,-25145,0.24713493530499073,5060.658189977562,276.1904761904762,2672.0019945150834,6.05,Contraction,0.3502585706238965
2021,Q3,Construction,28.45,7.41,201.2,97026,32830,17292,6.14,110,126,59539,3.0,2021-22,2021 Q3,Secondary,Production & Infrastructure,Corporate / Infrastructure,64196,4.31,10.44,High,High,Low,High,Extremely High,Export Surplus,Very Low,4,3.41,1.15,0.61,64196,0.14140159045725648,4564.358523725835,607.8031634446397,2092.7592267135324,-0.77,Expansion,0.6719613064605148
2021,Q3,Mining,69.14,6.37,132.7,82871,22922,9044,7.81,124,132,61308,3.0,2021-22,2021 Q3,Secondary,Production & Infrastructure,Corporate / Industrial,59949,10.47,6.89,High,Very High,High,Moderate,Very High,Export Surplus,Very Low,2,1.2,0.33,0.13,59949,0.5210248681235871,1530.1272779866936,130.80705814289846,886.7225918426382,4.52,Expansion,0.7028986450683748
2021,Q3,Electricity,50.04,0.53,90.4,84279,49180,3073,7.13,101,86,241739,3.0,2021-22,2021 Q3,Secondary,Production & Infrastructure,Corporate / Utilities,35099,7.58,4.69,Low,Very High,Medium,Low,High,Export Surplus,Very High,5,1.68,0.98,0.06,35099,0.5535398230088495,2667.046362909672,61.41087130295764,4830.915267785772,9.0,Contraction,0.36373635366034857
2021,Q3,IT Services,41.42,1.82,215.8,61403,109298,18652,2.69,167,95,41834,3.0,2021-22,2021 Q3,Tertiary,Services,Corporate / Professional,-47895,6.27,11.2,Low,Low,Medium,High,Extremely High,Import Deficit,Very Low,6,1.48,2.64,0.45,-47895,0.19193697868396664,4121.221632061805,450.3138580395944,1009.9951714147754,0.65,Contraction,0.5613414252222709
2021,Q3,Financial Services,50.93,9.76,128.8,88978,137800,8662,5.94,172,112,125111,3.0,2021-22,2021 Q3,Tertiary,Services,Corporate / Financial,-48822,7.71,6.68,High,High,Medium,Moderate,Very High,Import Deficit,Low,7,1.75,2.71,0.17,-48822,0.39541925465838507,4452.739053602984,170.07657569212645,2456.528568623601,0.05,Expansion,0.7343556583632563
2021,Q3,Retail,75.89,-1.47,141.0,56103,20029,7660,6.43,151,128,148402,3.0,2021-22,2021 Q3,Tertiary,Services,Consumer / Business Owner,36074,11.49,7.32,Negative,High,High,Low,Very High,Export Surplus,Medium,8,0.74,0.26,0.1,36074,0.5382269503546099,1003.1888259322703,100.93556463302147,1955.4882066148373,4.13,Contraction,0.4815400328669706
2021,Q3,Healthcare,37.98,3.8,119.4,63566,64876,26711,6.3,111,99,167986,3.0,2021-22,2021 Q3,Tertiary,Services,Patient / Healthcare Provider,-1310,5.75,6.2,Moderate,High,Medium,Very High,Very High,Import Deficit,Medium,9,1.67,1.71,0.7,-1310,0.3180904522613065,3381.832543443918,703.291205897841,4423.012111637704,3.76,Contraction,0.4667972263679389
2021,Q3,Education,22.3,1.28,174.5,96135,77757,23184,3.13,131,105,193609,3.0,2021-22,2021 Q3,Tertiary,Services,Student / Education Provider,18378,3.38,9.05,Low,Moderate,Low,Very High,Extremely High,Export Surplus,High,10,4.31,3.49,1.04,18378,0.12779369627507164,7797.847533632287,1039.641255605381,8682.01793721973,-0.88,Contraction,0.400812570961689
2021,Q3,Transport,59.17,1.16,122.0,87310,33411,21166,5.95,108,89,188256,3.0,2021-22,2021 Q3,Tertiary,Services,Consumer / Business Owner,53899,8.96,6.33,Low,High,High,High,Very High,Export Surplus,High,11,1.48,0.56,0.36,53899,0.485,2040.2399864796348,357.7150583065743,3181.6123035321953,-1.46,Contraction,0.4708719061483488
2021,Q3,Tourism,19.49,5.96,90.7,105669,88642,26076,3.91,179,141,195102,3.0,2021-22,2021 Q3,Tertiary,Services,Consumer / Business Owner,17027,2.95,4.71,Moderate,Moderate,Low,Very High,High,Export Surplus,High,12,5.42,4.55,1.34,17027,0.21488423373759644,9969.77937403797,1337.9168804515136,10010.36428937917,-1.82,Expansion,0.4183015373510295
2021,Q3,Real Estate,28.93,-0.98,72.4,43236,14164,9472,7.81,137,138,184483,3.0,2021-22,2021 Q3,Tertiary,Services,Corporate / Property,29072,4.38,3.76,Negative,Very High,Low,Moderate,High,Export Surplus,High,13,1.49,0.49,0.33,29072,0.399585635359116,1984.0995506394745,327.4109920497753,6376.875216038714,0.6,Contraction,0.19785931612172977
2021,Q3,Communication,64.42,6.45,67.5,28264,105939,2758,2.33,153,133,41126,3.0,2021-22,2021 Q3,Tertiary,Services,Consumer / Corporate,-77675,9.76,3.5,High,Low,High,Low,High,Import Deficit,Very Low,14,0.44,1.64,0.04,-77675,0.9543703703703704,2083.250543309531,42.812791058677426,638.4042222912138,1.57,Expansion,0.5868716110974075
2021,Q3,Public Administration,60.96,0.48,105.4,35386,122841,5255,6.92,140,107,230988,3.0,2021-22,2021 Q3,Tertiary,Services,Government,-87455,9.23,5.47,Low,High,High,Low,Very High,Import Deficit,High,15,0.58,2.02,0.09,-87455,0.5783681214421252,2595.5872703412074,86.20406824146981,3789.1732283464567,6.04,Contraction,0.4303949603795234
2021,Q4,Agriculture,37.01,9.35,145.4,58536,59134,29113,5.28,176,138,213297,4.0,2021-22,2021 Q4,Primary,Resource & Agriculture,Farmer,-598,6.29,11.25,High,High,Medium,Very High,Very High,Import Deficit,High,1,1.58,1.6,0.79,-598,0.25453920220082527,3179.4109700081062,786.6252364225885,5763.226155093218,4.58,Expansion,0.6877913527342893
2021,Q4,Manufacturing,78.2,7.38,69.5,60994,104477,29059,2.66,100,91,216262,4.0,2021-22,2021 Q4,Secondary,Production & Infrastructure,Corporate / Industrial,-43483,13.29,5.38,High,Low,High,Very High,High,Import Deficit,High,3,0.78,1.34,0.37,-43483,1.1251798561151078,2115.997442455243,371.5984654731458,2765.4987212276214,-1.9,Expansion,0.6784834298740959
2021,Q4,Construction,48.33,5.51,177.1,56212,76629,16950,2.72,128,120,48532,4.0,2021-22,2021 Q4,Secondary,Production & Infrastructure,Corporate / Infrastructure,-20417,8.21,13.7,Moderate,Low,Medium,High,Extremely High,Import Deficit,Very Low,4,1.16,1.59,0.35,-20417,0.2728966685488425,2748.624043037451,350.71384233395406,1004.1795985930064,7.41,Expansion,0.6547656976625539
2021,Q4,Mining,11.38,-0.49,44.5,117262,103328,7773,2.61,106,124,180885,4.0,2021-22,2021 Q4,Secondary,Production & Infrastructure,Corporate / Industrial,13934,1.93,3.44,Negative,Low,Low,Low,Moderate,Export Surplus,Medium,2,10.3,9.08,0.68,13934,0.2557303370786517,19384.007029876975,683.0404217926185,15894.991212653778,6.37,Contraction,0.09866541811818828
2021,Q4,Electricity,32.88,3.59,84.0,106128,78868,1603,5.19,170,123,25837,4.0,2021-22,2021 Q4,Secondary,Production & Infrastructure,Corporate / Utilities,27260,5.59,6.5,Moderate,High,Low,Low,High,Export Surplus,Very Low,5,3.23,2.4,0.05,27260,0.39142857142857146,5626.39902676399,48.75304136253041,785.7968369829683,0.53,Contraction,0.3847436878623185
2021,Q4,IT Services,10.58,8.0,132.4,77487,94525,24174,7.29,105,106,161570,4.0,2021-22,2021 Q4,Tertiary,Services,Corporate / Professional,-17038,1.8,10.24,High,Very High,Low,Very High,Very High,Import Deficit,Medium,6,7.32,8.93,2.28,-17038,0.07990936555891238,16258.223062381852,2284.8771266540643,15271.266540642722,1.82,Expansion,0.5126650788472134
2021,Q4,Financial Services,12.87,-0.17,93.4,97716,128520,19880,5.4,163,112,88304,4.0,2021-22,2021 Q4,Tertiary,Services,Corporate / Financial,-30804,2.19,7.23,Negative,High,Low,High,High,Import Deficit,Low,7,7.59,9.99,1.54,-30804,0.13779443254817986,17578.55477855478,1544.6775446775448,6861.227661227662,9.76,Contraction,0.1898391877417204
2021,Q4,Retail,22.43,3.93,27.7,139874,31601,12245,4.64,105,134,105914,4.0,2021-22,2021 Q4,Tertiary,Services,Consumer / Business Owner,108273,3.81,2.14,Moderate,Moderate,Low,Moderate,Low,Export Surplus,Low,8,6.24,1.41,0.55,108273,0.8097472924187725,7644.89522960321,545.920641997325,4721.979491752118,-1.47,Expansion,0.26702307484646776
2021,Q4,Healthcare,24.18,4.09,143.8,95320,118830,8551,6.18,114,138,249060,4.0,2021-22,2021 Q4,Tertiary,Services,Patient / Healthcare Provider,-23510,4.11,11.12,Moderate,High,Low,Moderate,Very High,Import Deficit,Very High,9,3.94,4.91,0.35,-23510,0.1681502086230876,8856.492969396195,353.6393713813069,10300.248138957817,3.8,Expansion,0.4559821303434209
2021,Q4,Education,20.82,-0.77,45.8,122311,96635,25776,6.95,165,139,49389,4.0,2021-22,2021 Q4,Tertiary,Services,Student / Education Provider,25676,3.54,3.54,Negative,High,Low,Very High,Moderate,Export Surplus,Very Low,10,5.87,4.64,1.24,25676,0.454585152838428,10516.13832853026,1238.0403458213257,2372.190201729107,1.28,Contraction,0.13065581745369612
2021,Q4,Transport,40.25,-0.43,28.1,22734,120945,24227,3.82,110,109,138394,4.0,2021-22,2021 Q4,Tertiary,Services,Consumer / Business Owner,-98211,6.84,2.17,Negative,Moderate,Medium,Very High,Low,Import Deficit,Medium,11,0.56,3.0,0.6,-98211,1.4323843416370106,3569.664596273292,601.9130434782609,3438.360248447205,1.16,Contraction,0.19619349605995973
2021,Q4,Tourism,59.05,3.93,22.2,91106,92174,10330,6.96,132,129,110771,4.0,2021-22,2021 Q4,Tertiary,Services,Consumer / Business Owner,-1068,10.03,1.72,Moderate,High,High,Moderate,Low,Import Deficit,Low,12,1.54,1.56,0.17,-1068,2.65990990990991,3103.81033022862,174.93649449618968,1875.8848433530907,5.96,Expansion,0.41142594189117926
2021,Q4,Real Estate,73.25,3.78,84.0,135454,134979,16489,6.55,147,123,16392,4.0,2021-22,2021 Q4,Tertiary,Services,Corporate / Property,475,12.44,6.5,Moderate,High,High,High,High,Export Surplus,Very Low,13,1.85,1.84,0.23,475,0.8720238095238095,3691.9180887372013,225.10580204778157,223.78156996587032,-0.98,Contraction,0.5594938592039411
2021,Q4,Communication,67.7,-1.07,35.2,64361,73755,8434,4.06,167,141,114883,4.0,2021-22,2021 Q4,Tertiary,Services,Consumer / Corporate,-9394,11.5,2.72,Negative,Moderate,High,Moderate,Moderate,Import Deficit,Low,14,0.95,1.09,0.12,-9394,1.9232954545454544,2040.1181683899556,124.57902511078287,1696.9423929098966,6.45,Contraction,0.30008186742873927
2021,Q4,Public Administration,49.67,9.19,159.5,136997,23116,15886,7.15,151,97,135464,4.0,2021-22,2021 Q4,Tertiary,Services,Government,113881,8.44,12.34,High,Very High,Medium,High,Extremely High,Export Surplus,Medium,15,2.76,0.47,0.32,113881,0.31141065830721004,3223.535333199114,319.83088383329977,2727.280048318905,0.48,Expansion,0.7566636825268044
2022,Q1,Agriculture,11.62,2.14,95.2,89643,94300,27810,5.11,120,104,50769,1.0,2022-23,2022 Q1,Primary,Resource & Agriculture,Farmer,-4657,1.92,5.58,Low,High,Low,Very High,High,Import Deficit,Very Low,1,7.71,8.12,2.39,-4657,0.12205882352941175,15829.862306368332,2393.2874354561104,4369.104991394148,9.35,Contraction,0.2645901687130437
2022,Q1,Manufacturing,59.0,9.04,164.1,64177,73594,29305,7.56,159,92,22870,1.0,2022-23,2022 Q1,Secondary,Production & Infrastructure,Corporate / Industrial,-9417,9.75,9.61,High,Very High,High,Very High,Extremely High,Import Deficit,Very Low,3,1.09,1.25,0.5,-9417,0.3595368677635588,2335.101694915254,496.6949152542373,387.6271186440678,7.38,Expansion,0.7975529942955729
2022,Q1,Construction,57.9,9.74,120.1,149694,67832,21476,3.75,107,122,183007,1.0,2022-23,2022 Q1,Secondary,Production & Infrastructure,Corporate / Infrastructure,81862,9.57,7.04,High,Moderate,High,High,Very High,Export Surplus,High,4,2.59,1.17,0.37,81862,0.4820982514571191,3756.9257340241797,370.9153713298791,3160.742659758204,5.51,Expansion,0.7495495159149529
2022,Q1,Mining,32.44,5.71,62.8,148885,50624,27574,3.6,106,135,197831,1.0,2022-23,2022 Q1,Secondary,Production & Infrastructure,Corporate / Industrial,98261,5.36,3.68,Moderate,Moderate,Low,Very High,High,Export Surplus,High,2,4.59,1.56,0.85,98261,0.5165605095541401,6150.092478421702,850.0000000000001,6098.366214549938,-0.49,Expansion,0.421593213117143
2022,Q1,Electricity,47.35,0.38,140.7,80014,21588,11681,2.3,161,130,191619,1.0,2022-23,2022 Q1,Secondary,Production & Infrastructure,Corporate / Utilities,58426,7.83,8.24,Low,Low,Medium,Moderate,Very High,Export Surplus,High,5,1.69,0.46,0.25,58426,0.33653162757640376,2145.765575501584,246.6948257655755,4046.863780359028,3.59,Contraction,0.42388607674796314
2022,Q1,IT Services,27.43,5.85,40.5,142461,129867,5675,4.76,128,94,140290,1.0,2022-23,2022 Q1,Tertiary,Services,Corporate / Professional,12594,4.53,2.37,Moderate,Moderate,Low,Low,Moderate,Export Surplus,Medium,6,5.19,4.73,0.21,12594,0.677283950617284,9928.1079110463,206.89026613197228,5114.473204520598,8.0,Expansion,0.3715105667423068
2022,Q1,Financial Services,35.57,5.23,88.8,62808,101632,7312,3.69,107,127,217001,1.0,2022-23,2022 Q1,Tertiary,Services,Corporate / Financial,-38824,5.88,5.2,Moderate,Moderate,Medium,Low,High,Import Deficit,High,7,1.77,2.86,0.21,-38824,0.40056306306306305,4622.996907506325,205.56648861400055,6100.674725892606,-0.17,Expansion,0.4580850987689417
2022,Q1,Retail,63.38,5.08,81.6,99269,30530,9994,7.82,138,129,47226,1.0,2022-23,2022 Q1,Tertiary,Services,Consumer / Business Owner,68739,10.48,4.78,Moderate,Very High,High,Moderate,High,Export Surplus,Very Low,8,1.57,0.48,0.16,68739,0.7767156862745099,2047.9488797727988,157.68381192805302,745.1246449984222,3.93,Expansion,0.5581416190535168
2022,Q1,Healthcare,11.61,2.31,193.2,136906,48171,13767,5.69,115,107,32875,1.0,2022-23,2022 Q1,Tertiary,Services,Patient / Healthcare Provider,88735,1.92,11.32,Low,High,Low,Moderate,Extremely High,Export Surplus,Very Low,9,11.79,4.15,1.19,88735,0.060093167701863355,15941.171403962102,1185.7881136950905,2831.61068044789,4.09,Contraction,0.4190552557025675
2022,Q1,Education,34.77,4.12,209.2,72432,47134,6388,7.83,139,109,72714,1.0,2022-23,2022 Q1,Tertiary,Services,Student / Education Provider,25298,5.75,12.26,Moderate,Very High,Medium,Low,Extremely High,Export Surplus,Low,10,2.08,1.36,0.18,25298,0.16620458891013387,3438.769053781996,183.72159907966636,2091.285591026747,-0.77,Expansion,0.6004764646056969
2022,Q1,Transport,52.96,4.72,16.2,38256,70484,15348,2.71,105,135,75472,1.0,2022-23,2022 Q1,Tertiary,Services,Consumer / Business Owner,-32228,8.75,0.95,Moderate,Low,Medium,High,Low,Import Deficit,Low,11,0.72,1.33,0.29,-32228,3.269135802469136,2053.2477341389726,289.8036253776435,1425.0755287009063,-0.43,Expansion,0.4033233165991745
2022,Q1,Tourism,28.12,1.06,37.7,140894,29660,16996,6.53,158,115,168492,1.0,2022-23,2022 Q1,Tertiary,Services,Consumer / Business Owner,111234,4.65,2.21,Low,High,Low,High,Moderate,Export Surplus,Medium,12,5.01,1.05,0.6,111234,0.7458885941644562,6065.220483641536,604.4096728307254,5991.891891891892,3.93,Contraction,0.2099896086904709
2022,Q1,Real Estate,71.07,0.34,214.3,87345,87836,1630,5.09,172,112,259969,1.0,2022-23,2022 Q1,Tertiary,Services,Corporate / Property,-491,11.75,12.55,Low,High,High,Low,Extremely High,Import Deficit,Very High,13,1.23,1.24,0.02,-491,0.33163789080727946,2464.9078373434645,22.935134374560295,3657.9288025889973,3.78,Contraction,0.6332625498001
2022,Q1,Communication,55.46,7.42,51.6,65057,83142,20531,6.89,170,135,255081,1.0,2022-23,2022 Q1,Tertiary,Services,Consumer / Corporate,-18085,9.17,3.02,High,High,Medium,High,Moderate,Import Deficit,Very High,14,1.17,1.5,0.37,-18085,1.0748062015503876,2672.1781464118285,370.19473494410386,4599.368914532996,-1.07,Expansion,0.557781069792825
2022,Q1,Public Administration,16.32,7.87,191.0,15828,38316,28685,7.17,137,114,210254,1.0,2022-23,2022 Q1,Tertiary,Services,Government,-22488,2.7,11.19,High,Very High,Low,Very High,Extremely High,Import Deficit,High,15,0.97,2.35,1.76,-22488,0.08544502617801047,3317.6470588235293,1757.6593137254902,12883.210784313726,9.19,Expansion,0.6212524386980628
2022,Q2,Agriculture,39.28,-1.59,67.4,103013,39689,15666,6.98,148,101,47590,2.0,2022-23,2022 Q2,Primary,Resource & Agriculture,Farmer,63324,5.62,3.24,Negative,High,Medium,High,High,Export Surplus,Very Low,1,2.62,1.01,0.4,63324,0.5827893175074184,3632.9429735234216,398.82892057026476,1211.5580448065173,2.14,Contraction,0.21304535507756692
2022,Q2,Manufacturing,61.79,2.11,155.0,139788,113012,11597,4.98,110,142,176821,2.0,2022-23,2022 Q2,Secondary,Production & Infrastructure,Corporate / Industrial,26776,8.85,7.46,Low,Moderate,High,Moderate,Extremely High,Export Surplus,Medium,3,2.26,1.83,0.19,26776,0.39864516129032257,4091.2769056481634,187.68409127690566,2861.6442790095484,9.04,Contraction,0.5636767156376229
2022,Q2,Construction,14.97,3.05,174.0,22871,128329,27530,3.72,178,95,140675,2.0,2022-23,2022 Q2,Secondary,Production & Infrastructure,Corporate / Infrastructure,-105458,2.14,8.37,Moderate,Moderate,Low,Very High,Extremely High,Import Deficit,Medium,4,1.53,8.57,1.84,-105458,0.08603448275862069,10100.200400801603,1839.011356045424,9397.127588510353,9.74,Contraction,0.428654737377311
2022,Q2,Mining,66.93,-0.09,213.7,148714,67912,1868,6.17,147,89,223012,2.0,2022-23,2022 Q2,Secondary,Production & Infrastructure,Corporate / Industrial,80802,9.58,10.28,Negative,High,High,Low,Extremely High,Export Surplus,High,2,2.22,1.01,0.03,80802,0.3131960692559664,3236.605408635888,27.909756461975196,3332.0185268190644,5.71,Contraction,0.6007054972407749
2022,Q2,Electricity,55.27,-0.18,122.9,78261,60023,17646,4.34,173,136,146055,2.0,2022-23,2022 Q2,Secondary,Production & Infrastructure,Corporate / Utilities,18238,7.91,5.91,Negative,Moderate,Medium,High,Very High,Export Surplus,Medium,5,1.42,1.09,0.32,18238,0.4497152156224573,2501.972136783065,319.26904288040527,2642.572824316989,0.38,Contraction,0.4111692770292947
2022,Q2,IT Services,74.73,4.36,104.0,35136,61934,17573,7.24,123,137,183278,2.0,2022-23,2022 Q2,Tertiary,Services,Corporate / Professional,-26798,10.7,5.01,Moderate,Very High,High,High,Very High,Import Deficit,High,6,0.47,0.83,0.24,-26798,0.7185576923076924,1298.9428609661447,235.1532182523752,2452.5357955305767,5.85,Expansion,0.6154310367478991
2022,Q2,Financial Services,65.25,6.72,93.2,44409,50837,28489,4.62,148,99,288778,2.0,2022-23,2022 Q2,Tertiary,Services,Corporate / Financial,-6428,9.34,4.49,High,Moderate,High,Very High,High,Import Deficit,Very High,7,0.68,0.78,0.44,-6428,0.700107296137339,1459.7088122605364,436.6130268199234,4425.716475095785,5.23,Expansion,0.6383890148347336
2022,Q2,Retail,37.43,2.92,105.3,114189,73243,15298,3.84,122,103,239338,2.0,2022-23,2022 Q2,Tertiary,Services,Consumer / Business Owner,40946,5.36,5.07,Low,Moderate,Medium,High,Very High,Export Surplus,High,8,3.05,1.96,0.41,40946,0.3554605887939221,5007.534063585359,408.7095912369757,6394.282660967138,5.08,Contraction,0.41366907986152723
2022,Q2,Healthcare,56.29,6.73,183.0,123538,16522,25906,5.48,164,138,196778,2.0,2022-23,2022 Q2,Tertiary,Services,Patient / Healthcare Provider,107016,8.06,8.81,High,High,Medium,Very High,Extremely High,Export Surplus,High,9,2.19,0.29,0.46,107016,0.3075956284153005,2488.1861787173566,460.2238408243027,3495.789660685735,2.31,Expansion,0.737718509644569
2022,Q2,Education,12.88,-1.48,190.2,148280,70767,4720,6.33,149,94,296741,2.0,2022-23,2022 Q2,Tertiary,Services,Student / Education Provider,77513,1.84,9.15,Negative,High,Low,Low,Extremely High,Export Surplus,Very High,10,11.51,5.49,0.37,77513,0.06771819137749738,17006.754658385093,366.45962732919253,23038.897515527948,4.12,Contraction,0.2930835997884092
2022,Q2,Transport,12.52,-0.85,217.3,38033,23463,12574,6.52,100,137,82287,2.0,2022-23,2022 Q2,Tertiary,Services,Consumer / Business Owner,14570,1.79,10.46,Negative,High,Low,Moderate,Extremely High,Export Surplus,Low,11,3.04,1.87,1.0,14570,0.05761619880349746,4911.821086261981,1004.3130990415336,6572.444089456869,4.72,Contraction,0.35379923814940223
2022,Q2,Tourism,63.69,4.21,161.9,112863,13556,7786,2.8,138,117,233352,2.0,2022-23,2022 Q2,Tertiary,Services,Consumer / Business Owner,99307,9.12,7.79,Moderate,Low,High,Low,Extremely High,Export Surplus,High,12,1.77,0.21,0.12,99307,0.39339098208770845,1984.9112890563667,122.24839064217304,3663.871879415921,1.06,Expansion,0.6522912903896764
2022,Q2,Real Estate,22.06,4.66,60.0,31694,34384,14092,7.76,138,106,279937,2.0,2022-23,2022 Q2,Tertiary,Services,Corporate / Property,-2690,3.16,2.89,Moderate,Very High,Low,Moderate,Moderate,Import Deficit,Very High,13,1.44,1.56,0.64,-2690,0.36766666666666664,2995.3762466001813,638.8032638259293,12689.800543970989,0.34,Expansion,0.33893709804040095
2022,Q2,Communication,79.7,6.15,37.0,11071,25513,14368,7.76,147,131,116200,2.0,2022-23,2022 Q2,Tertiary,Services,Consumer / Corporate,-14442,11.41,1.78,High,Very High,High,Moderate,Moderate,Import Deficit,Low,14,0.14,0.32,0.18,-14442,2.154054054054054,459.02132998745293,180.27603513174404,1457.9673776662485,7.42,Expansion,0.5942625051591021
2022,Q2,Public Administration,35.56,7.25,192.9,138985,55409,17879,5.76,107,94,121016,2.0,2022-23,2022 Q2,Tertiary,Services,Government,83576,5.09,9.28,High,High,Medium,High,Extremely High,Export Surplus,Low,15,3.91,1.56,0.5,83576,0.18434421980300675,5466.647919010124,502.7840269966254,3403.1496062992123,7.87,Expansion,0.6836658866957497
2022,Q3,Agriculture,59.08,9.31,198.2,138599,84793,9666,6.36,153,116,179880,3.0,2022-23,2022 Q3,Primary,Resource & Agriculture,Farmer,53806,9.09,10.43,High,High,High,Moderate,Extremely High,Export Surplus,Medium,1,2.35,1.44,0.16,53806,0.2980827447023209,3781.1780636425187,163.6086662153013,3044.6851726472582,-1.59,Expansion,0.8586981426852685
2022,Q3,Manufacturing,42.95,-1.27,215.4,119949,78046,501,7.11,171,122,86355,3.0,2022-23,2022 Q3,Secondary,Production & Infrastructure,Corporate / Industrial,41903,6.61,11.34,Negative,Very High,Medium,Low,Extremely High,Export Surplus,Low,3,2.79,1.82,0.01,41903,0.19939647168059424,4609.895227008149,11.664726426076832,2010.5937136204889,2.11,Contraction,0.4638062342312111
2022,Q3,Construction,43.26,0.36,24.5,100366,74967,26652,4.87,123,97,50447,3.0,2022-23,2022 Q3,Secondary,Production & Infrastructure,Corporate / Infrastructure,25399,6.66,1.29,Low,Moderate,Medium,Very High,Low,Export Surplus,Very Low,4,2.32,1.73,0.62,25399,1.7657142857142856,4053.0050855293575,616.0887656033287,1166.1349976883957,3.05,Contraction,0.22969488865177956
2022,Q3,Mining,26.5,-0.76,211.9,56838,48886,26935,7.28,170,101,194155,3.0,2022-23,2022 Q3,Secondary,Production & Infrastructure,Corporate / Industrial,7952,4.08,11.15,Negative,Very High,Low,Very High,Extremely High,Export Surplus,High,2,2.14,1.84,1.02,7952,0.12505899008966492,3989.5849056603774,1016.4150943396227,7326.603773584906,-0.09,Contraction,0.40692341470546806
2022,Q3,Electricity,75.33,9.48,214.3,99497,126159,7671,6.96,165,113,179935,3.0,2022-23,2022 Q3,Secondary,Production & Infrastructure,Corporate / Utilities,-26662,11.59,11.28,High,High,High,Low,Extremely High,Import Deficit,Medium,5,1.32,1.67,0.1,-26662,0.3515165655622958,2995.566175494491,101.83193946634808,2388.623390415505,-0.18,Expansion,0.9566159579576641
2022,Q3,IT Services,29.14,5.91,38.9,34672,80417,29043,6.3,177,101,182044,3.0,2022-23,2022 Q3,Tertiary,Services,Corporate / Professional,-45745,4.49,2.05,Moderate,High,Low,Very High,Moderate,Import Deficit,Medium,6,1.19,2.76,1.0,-45745,0.7491002570694087,3949.5195607412493,996.6712422786547,6247.220315717227,4.36,Expansion,0.3782198448326508
2022,Q3,Financial Services,62.15,3.86,167.2,44026,74350,13681,5.36,150,145,16582,3.0,2022-23,2022 Q3,Tertiary,Services,Corporate / Financial,-30324,9.57,8.8,Moderate,High,High,Moderate,Extremely High,Import Deficit,Very Low,7,0.71,1.2,0.22,-30324,0.3717105263157895,1904.6822204344328,220.12872083668543,266.80611423974256,6.72,Contraction,0.642214220152486
2022,Q3,Retail,35.0,4.85,71.4,86740,115700,14635,6.86,169,138,288602,3.0,2022-23,2022 Q3,Tertiary,Services,Consumer / Business Owner,-28960,5.39,3.76,Moderate,High,Medium,Moderate,High,Import Deficit,Very High,8,2.48,3.31,0.42,-28960,0.49019607843137253,5784.0,418.14285714285717,8245.771428571428,2.92,Expansion,0.41657895266998973
2022,Q3,Healthcare,39.84,6.2,61.7,141066,106450,24576,3.66,151,106,152370,3.0,2022-23,2022 Q3,Tertiary,Services,Patient / Healthcare Provider,34616,6.13,3.25,High,Moderate,Medium,Very High,High,Export Surplus,Medium,9,3.54,2.67,0.62,34616,0.6457050243111832,6212.751004016064,616.867469879518,3824.548192771084,6.73,Expansion,0.4671732906196449
2022,Q3,Education,36.95,-1.23,38.6,122180,65614,22054,2.94,114,126,192011,3.0,2022-23,2022 Q3,Tertiary,Services,Student / Education Provider,56566,5.69,2.03,Negative,Low,Medium,High,Moderate,Export Surplus,High,10,3.31,1.78,0.6,56566,0.9572538860103628,5082.381596752368,596.8606224627875,5196.5087956698235,-1.48,Contraction,0.17162643279531067
2022,Q3,Transport,71.1,-0.9,212.0,116469,31827,11779,2.03,155,120,183003,3.0,2022-23,2022 Q3,Tertiary,Services,Consumer / Business Owner,84642,10.94,11.16,Negative,Low,High,Moderate,Extremely High,Export Surplus,Medium,11,1.64,0.45,0.17,84642,0.335377358490566,2085.738396624473,165.66807313642758,2573.8818565400848,-0.85,Contraction,0.5884371974944953
2022,Q3,Tourism,18.12,5.32,189.1,113868,55360,9014,2.69,177,94,23796,3.0,2022-23,2022 Q3,Tertiary,Services,Consumer / Business Owner,58508,2.79,9.95,Moderate,Low,Low,Moderate,Extremely High,Export Surplus,Very Low,12,6.28,3.06,0.5,58508,0.09582231623479641,9339.293598233995,497.46136865342163,1313.2450331125826,4.21,Expansion,0.5406197729168788
2022,Q3,Real Estate,23.51,-1.31,143.7,86459,58906,26816,4.11,165,144,283465,3.0,2022-23,2022 Q3,Tertiary,Services,Corporate / Property,27553,3.62,7.56,Negative,Moderate,Low,Very High,Very High,Export Surplus,Very High,13,3.68,2.51,1.14,27553,0.16360473208072376,6183.1135686941725,1140.6210123351764,12057.20969800085,4.66,Contraction,0.27249383435141333
2022,Q3,Communication,64.38,2.1,104.0,95670,91771,24375,5.91,129,90,60892,3.0,2022-23,2022 Q3,Tertiary,Services,Consumer / Corporate,3899,9.91,5.47,Low,High,High,Very High,Very High,Export Surplus,Very Low,14,1.49,1.43,0.38,3899,0.6190384615384615,2911.47872009941,378.6113699906804,945.8216837527183,6.15,Contraction,0.49669745310789554
2022,Q3,Public Administration,22.41,-1.42,8.7,123809,115807,13905,6.81,151,144,95741,3.0,2022-23,2022 Q3,Tertiary,Services,Government,8002,3.45,0.46,Negative,High,Low,Moderate,Low,Export Surplus,Low,15,5.52,5.17,0.62,8002,2.5758620689655176,10692.369477911647,620.4819277108434,4272.2445336903165,7.25,Contraction,0.059216249673160894
2022,Q4,Agriculture,65.24,8.69,110.6,31406,88057,9320,3.56,128,137,20084,4.0,2022-23,2022 Q4,Primary,Resource & Agriculture,Farmer,-56651,9.7,5.35,High,Moderate,High,Moderate,Very High,Import Deficit,Very Low,1,0.48,1.35,0.14,-56651,0.589873417721519,1831.1312078479461,142.85714285714286,307.847946045371,9.31,Expansion,0.7306352508902862
2022,Q4,Manufacturing,72.46,1.4,115.0,15536,70278,6652,3.9,138,119,96569,4.0,2022-23,2022 Q4,Secondary,Production & Infrastructure,Corporate / Industrial,-54742,10.77,5.56,Low,Moderate,High,Low,Very High,Import Deficit,Low,3,0.21,0.97,0.09,-54742,0.6300869565217391,1184.2947833287333,91.80237372343363,1332.721501518079,-1.27,Contraction,0.5237031252054981
2022,Q4,Construction,39.53,2.85,201.4,140778,66097,12472,5.65,168,101,55106,4.0,2022-23,2022 Q4,Secondary,Production & Infrastructure,Corporate / Infrastructure,74681,5.88,9.74,Low,High,Medium,Moderate,Extremely High,Export Surplus,Very Low,4,3.56,1.67,0.32,74681,0.19627606752730883,5233.3670629901335,315.50720971414114,1394.0298507462687,0.36,Contraction,0.5660263175833965
2022,Q4,Mining,34.59,2.02,124.2,12794,27583,2295,2.5,174,113,153797,4.0,2022-23,2022 Q4,Secondary,Production & Infrastructure,Corporate / Industrial,-14789,5.14,6.0,Low,Low,Medium,Low,Very High,Import Deficit,Medium,2,0.37,0.8,0.07,-14789,0.2785024154589372,1167.3026886383348,66.34865568083261,4446.285053483665,-0.76,Contraction,0.40043374275535615
2022,Q4,Electricity,32.24,6.42,214.9,32163,19750,21160,7.53,153,106,150142,4.0,2022-23,2022 Q4,Secondary,Production & Infrastructure,Corporate / Utilities,12413,4.79,10.39,High,Very High,Low,High,Extremely High,Export Surplus,Medium,5,1.0,0.61,0.66,12413,0.1500232666356445,1610.2047146401985,656.3275434243176,4657.009925558313,9.48,Expansion,0.6754763203965716
2022,Q4,IT Services,76.71,9.97,127.7,43424,103890,23431,2.82,102,106,58384,4.0,2022-23,2022 Q4,Tertiary,Services,Corporate / Professional,-60466,11.4,6.17,High,Low,High,Very High,Very High,Import Deficit,Very Low,6,0.57,1.35,0.31,-60466,0.6007047768206734,1920.401512188763,305.4490939903533,761.1002476860905,5.91,Expansion,0.8472439048979457
2022,Q4,Financial Services,49.78,8.38,141.0,120320,42954,27356,3.58,119,113,239771,4.0,2022-23,2022 Q4,Tertiary,Services,Corporate / Financial,77366,7.4,6.82,High,Moderate,Medium,Very High,Very High,Export Surplus,High,7,2.42,0.86,0.55,77366,0.35304964539007094,3279.911611088791,549.5379670550421,4816.61309762957,3.86,Expansion,0.7019471349557841
2022,Q4,Retail,51.44,6.88,153.8,88298,53857,14612,4.79,160,131,162147,4.0,2022-23,2022 Q4,Tertiary,Services,Consumer / Business Owner,34441,7.65,7.44,High,Moderate,Medium,Moderate,Extremely High,Export Surplus,Medium,8,1.72,1.05,0.28,34441,0.3344603381014304,2763.5108864696736,284.0590979782271,3152.1578538102644,4.85,Expansion,0.6781592572145763
2022,Q4,Healthcare,15.38,1.09,50.3,59189,110857,8204,5.26,161,91,58116,4.0,2022-23,2022 Q4,Tertiary,Services,Patient / Healthcare Provider,-51668,2.29,2.43,Low,High,Low,Moderate,Moderate,Import Deficit,Very Low,9,3.85,7.21,0.53,-51668,0.305765407554672,11056.30689206762,533.4200260078023,3778.673602080624,6.2,Contraction,0.17698389473031143
2022,Q4,Education,17.76,5.84,126.0,55370,85824,18422,3.46,102,92,278037,4.0,2022-23,2022 Q4,Tertiary,Services,Student / Education Provider,-30454,2.64,6.09,Moderate,Moderate,Low,High,Very High,Import Deficit,Very High,10,3.12,4.83,1.04,-30454,0.14095238095238097,7950.112612612612,1037.2747747747746,15655.236486486485,-1.23,Expansion,0.4606797312537448
2022,Q4,Transport,77.62,7.71,79.2,61954,10855,27454,4.33,156,97,98554,4.0,2022-23,2022 Q4,Tertiary,Services,Consumer / Business Owner,51099,11.54,3.83,High,Moderate,High,Very High,High,Export Surplus,Low,11,0.8,0.14,0.35,51099,0.9800505050505051,938.0185519196083,353.6975006441639,1269.6985313063642,-0.9,Expansion,0.7018275886811356
2022,Q4,Tourism,60.38,1.93,126.8,41395,77348,5331,2.14,124,136,83036,4.0,2022-23,2022 Q4,Tertiary,Services,Consumer / Business Owner,-35953,8.98,6.13,Low,Low,High,Low,Very High,Import Deficit,Low,12,0.69,1.28,0.09,-35953,0.47618296529968457,1966.5948989731698,88.29082477641603,1375.2235839682014,5.32,Contraction,0.5089524432894715
2022,Q4,Real Estate,33.84,7.64,191.6,96542,52235,21781,6.31,120,120,175228,4.0,2022-23,2022 Q4,Tertiary,Services,Corporate / Property,44307,5.03,9.26,High,High,Medium,High,Extremely High,Export Surplus,Medium,13,2.85,1.54,0.64,44307,0.17661795407098124,4396.483451536643,643.6465721040189,5178.132387706855,-1.31,Expansion,0.687556082049662
2022,Q4,Communication,11.35,1.41,103.2,60648,102290,6158,6.73,127,92,162390,4.0,2022-23,2022 Q4,Tertiary,Services,Consumer / Corporate,-41642,1.69,4.99,Low,High,Low,Low,Very High,Import Deficit,Medium,14,5.34,9.01,0.54,-41642,0.10998062015503875,14355.770925110133,542.5550660792952,14307.488986784141,2.1,Contraction,0.25120617175306553
2022,Q4,Public Administration,34.36,-1.68,202.6,112953,24026,21288,6.16,176,88,195889,4.0,2022-23,2022 Q4,Tertiary,Services,Government,88927,5.11,9.8,Negative,High,Medium,High,Extremely High,Export Surplus,High,15,3.29,0.7,0.62,88927,0.16959526159921026,3986.583236321304,619.557625145518,5701.076833527358,-1.42,Contraction,0.3948283496204985
2023,Q1,Agriculture,50.7,9.79,78.6,40568,128818,8261,5.71,112,107,263106,1.0,2023-24,2023 Q1,Primary,Resource & Agriculture,Farmer,-88250,7.6,4.99,High,High,Medium,Moderate,High,Import Deficit,Very High,1,0.8,2.54,0.16,-88250,0.6450381679389314,3340.9467455621298,162.9388560157791,5189.467455621301,8.69,Expansion,0.6581653898734044
2023,Q1,Manufacturing,27.74,6.94,35.3,115674,34414,29137,2.24,132,117,96281,1.0,2023-24,2023 Q1,Secondary,Production & Infrastructure,Corporate / Industrial,81260,4.16,2.24,High,Low,Low,Very High,Moderate,Export Surplus,Low,3,4.17,1.24,1.05,81260,0.7858356940509915,5410.526315789474,1050.3604902667628,3470.83633741889,1.4,Expansion,0.401349614484069
2023,Q1,Construction,79.91,4.82,184.8,120238,45150,20039,7.37,119,127,234629,1.0,2023-24,2023 Q1,Secondary,Production & Infrastructure,Corporate / Infrastructure,75088,11.98,11.72,Moderate,Very High,High,High,Extremely High,Export Surplus,High,4,1.5,0.57,0.25,75088,0.43241341991341986,2069.67838818671,250.76961581779503,2936.165686397197,2.85,Expansion,0.7751212635628982
2023,Q1,Mining,62.32,2.3,29.3,54791,51465,27061,4.4,110,114,204926,1.0,2023-24,2023 Q1,Secondary,Production & Infrastructure,Corporate / Industrial,3326,9.34,1.86,Low,Moderate,High,Very High,Low,Export Surplus,High,2,0.88,0.83,0.43,3326,2.126962457337884,1705.0064184852374,434.2265725288832,3288.286264441592,2.02,Contraction,0.3813515439609468
2023,Q1,Electricity,50.19,9.52,201.8,63418,109394,2541,6.71,112,135,189936,1.0,2023-24,2023 Q1,Secondary,Production & Infrastructure,Corporate / Utilities,-45976,7.52,12.8,High,High,Medium,Low,Extremely High,Import Deficit,High,5,1.26,2.18,0.05,-45976,0.24871159563924675,3443.1560071727436,50.62761506276151,3784.3395098625224,6.42,Expansion,0.8341027907867545
2023,Q1,IT Services,33.87,9.29,110.1,104019,46488,4718,4.27,171,127,12660,1.0,2023-24,2023 Q1,Tertiary,Services,Corporate / Professional,57531,5.08,6.98,High,Moderate,Medium,Low,Very High,Export Surplus,Very Low,6,3.07,1.37,0.14,57531,0.3076294277929155,4443.666961913198,139.29731325656925,373.7821080602303,9.97,Expansion,0.6190805841668549
2023,Q1,Financial Services,45.24,4.05,78.1,93771,137491,6147,2.11,123,134,226805,1.0,2023-24,2023 Q1,Tertiary,Services,Corporate / Financial,-43720,6.78,4.95,Moderate,Low,Medium,Low,High,Import Deficit,High,7,2.07,3.04,0.14,-43720,0.5792573623559539,5111.892130857648,135.87533156498674,5013.373121131742,8.38,Expansion,0.44272140534045645
2023,Q1,Retail,42.12,9.94,189.4,47493,88173,9205,4.38,147,110,140603,1.0,2023-24,2023 Q1,Tertiary,Services,Consumer / Business Owner,-40680,6.31,12.02,High,Moderate,Medium,Moderate,Extremely High,Import Deficit,Medium,8,1.13,2.09,0.22,-40680,0.22238648363252375,3220.9401709401714,218.54226020892688,3338.15289648623,6.88,Expansion,0.7956513706580371
2023,Q1,Healthcare,17.75,4.5,48.6,47506,20643,14656,7.26,163,140,297342,1.0,2023-24,2023 Q1,Tertiary,Services,Patient / Healthcare Provider,26863,2.66,3.08,Moderate,Very High,Low,Moderate,Moderate,Export Surplus,Very High,9,2.68,1.16,0.83,26863,0.36522633744855965,3839.3802816901407,825.6901408450705,16751.661971830985,1.09,Expansion,0.2982970844572485
2023,Q1,Education,38.79,4.75,94.2,51969,121883,10579,6.16,162,112,243610,1.0,2023-24,2023 Q1,Tertiary,Services,Student / Education Provider,-69914,5.81,5.98,Moderate,High,Medium,Moderate,High,Import Deficit,Very High,10,1.34,3.14,0.27,-69914,0.4117834394904458,4481.876772364011,272.72492910543957,6280.226862593452,5.84,Expansion,0.4636691873327674
2023,Q1,Transport,69.94,4.87,51.4,59233,70076,10552,2.48,132,130,89025,1.0,2023-24,2023 Q1,Tertiary,Services,Consumer / Business Owner,-10843,10.48,3.26,Moderate,Low,High,Moderate,Moderate,Import Deficit,Low,11,0.85,1.0,0.15,-10843,1.3607003891050584,1848.8561624249357,150.87217615098658,1272.876751501287,7.71,Expansion,0.5326228666925596
2023,Q1,Tourism,62.0,4.81,184.0,70345,91758,5099,7.31,144,135,249148,1.0,2023-24,2023 Q1,Tertiary,Services,Consumer / Business Owner,-21413,9.29,11.67,Moderate,Very High,High,Low,Extremely High,Import Deficit,Very High,12,1.13,1.48,0.08,-21413,0.33695652173913043,2614.564516129032,82.24193548387096,4018.516129032258,1.93,Expansion,0.6988629972336229
2023,Q1,Real Estate,44.52,6.99,205.3,44881,32743,25881,5.55,118,113,108534,1.0,2023-24,2023 Q1,Tertiary,Services,Corporate / Property,12138,6.67,13.02,High,High,Medium,Very High,Extremely High,Export Surplus,Low,13,1.01,0.74,0.58,12138,0.2168533852898198,1743.5759209344114,581.3342318059299,2437.8706199460917,7.64,Expansion,0.7311791982092123
2023,Q1,Communication,16.2,0.87,29.0,76296,88535,21753,2.32,125,140,122039,1.0,2023-24,2023 Q1,Tertiary,Services,Consumer / Corporate,-12239,2.43,1.84,Low,Low,Low,High,Low,Import Deficit,Low,14,4.71,5.47,1.34,-12239,0.5586206896551724,10174.753086419754,1342.7777777777778,7533.271604938272,1.41,Contraction,0.1407027684862792
2023,Q1,Public Administration,26.0,8.55,56.4,96535,37999,19526,7.85,174,94,39156,1.0,2023-24,2023 Q1,Tertiary,Services,Government,58536,3.9,3.58,High,Very High,Low,High,Moderate,Export Surplus,Very Low,15,3.71,1.46,0.75,58536,0.46099290780141844,5174.384615384615,751.0,1506.0,-1.68,Expansion,0.47996212104876984
2023,Q2,Agriculture,32.36,5.44,148.2,148567,135822,11377,7.27,179,104,16359,2.0,2023-24,2023 Q2,Primary,Resource & Agriculture,Farmer,12745,5.56,8.17,Moderate,Very High,Low,Moderate,Very High,Export Surplus,Very Low,1,4.59,4.2,0.35,12745,0.2183535762483131,8788.28800988875,351.5760197775031,505.53152039555005,9.79,Expansion,0.5419211095262325
2023,Q2,Manufacturing,30.42,1.27,188.2,54227,116151,7121,6.24,171,134,83132,2.0,2023-24,2023 Q2,Secondary,Production & Infrastructure,Corporate / Industrial,-61924,5.23,10.38,Low,High,Low,Low,Extremely High,Import Deficit,Low,3,1.78,3.82,0.23,-61924,0.16163655685441022,5600.8547008547,234.08941485864563,2732.807363576594,6.94,Contraction,0.45515453285043456
2023,Q2,Construction,53.66,5.88,197.3,123671,86297,4349,5.34,165,106,260266,2.0,2023-24,2023 Q2,Secondary,Production & Infrastructure,Corporate / Infrastructure,37374,9.23,10.88,Moderate,High,Medium,Low,Extremely High,Export Surplus,Very High,4,2.3,1.61,0.08,37374,0.2719716168271667,3912.9332836377193,81.04733507267984,4850.2795378307865,4.82,Expansion,0.7200452664612796
2023,Q2,Mining,27.74,-0.7,64.6,27934,38211,8860,3.52,114,102,253718,2.0,2023-24,2023 Q2,Secondary,Production & Infrastructure,Corporate / Industrial,-10277,4.77,3.56,Negative,Moderate,Low,Moderate,High,Import Deficit,Very High,2,1.01,1.38,0.32,-10277,0.4294117647058824,2384.4628695025235,319.3943763518385,9146.286950252344,2.3,Contraction,0.19041171346133487
2023,Q2,Electricity,18.3,-0.75,151.6,93831,100571,2333,4.18,141,88,83773,2.0,2023-24,2023 Q2,Secondary,Production & Infrastructure,Corporate / Utilities,-6740,3.15,8.36,Negative,Moderate,Low,Low,Extremely High,Import Deficit,Low,5,5.13,5.5,0.13,-6740,0.12071240105540898,10623.060109289618,127.4863387978142,4577.75956284153,9.52,Contraction,0.28148084960393943
2023,Q2,IT Services,64.12,3.48,196.8,103159,129529,17164,7.44,153,103,243684,2.0,2023-24,2023 Q2,Tertiary,Services,Corporate / Professional,-26370,11.02,10.85,Moderate,Very High,High,High,Extremely High,Import Deficit,Very High,6,1.61,2.02,0.27,-26370,0.3258130081300813,3628.94572676232,267.68558951965065,3800.436681222707,9.29,Contraction,0.6826776626577221
2023,Q2,Financial Services,72.43,3.93,143.3,143347,138387,13575,3.46,151,134,241273,2.0,2023-24,2023 Q2,Tertiary,Services,Corporate / Financial,4960,12.45,7.9,Moderate,Moderate,High,Moderate,Very High,Export Surplus,High,7,1.98,1.91,0.19,4960,0.5054431263084438,3889.7418196879744,187.4223388098854,3331.1197017810296,4.05,Expansion,0.6511415406945789
2023,Q2,Retail,59.16,2.83,7.2,67086,79161,2186,6.14,124,92,280066,2.0,2023-24,2023 Q2,Tertiary,Services,Consumer / Business Owner,-12075,10.17,0.4,Low,High,High,Low,Low,Import Deficit,Very High,8,1.13,1.34,0.04,-12075,8.216666666666667,2472.0588235294117,36.95064232589588,4734.043272481406,9.94,Contraction,0.35232875049041623
2023,Q2,Healthcare,56.9,0.23,33.7,19816,28849,27056,6.78,120,108,117725,2.0,2023-24,2023 Q2,Tertiary,Services,Patient / Healthcare Provider,-9033,9.78,1.86,Low,High,Medium,Very High,Moderate,Import Deficit,Low,9,0.35,0.51,0.48,-9033,1.6884272997032639,855.2724077328647,475.5008787346222,2068.980667838313,4.5,Contraction,0.29621700559030545
2023,Q2,Education,44.08,8.17,73.3,125819,115723,17985,5.4,112,86,299493,2.0,2023-24,2023 Q2,Tertiary,Services,Student / Education Provider,10096,7.58,4.04,High,High,Medium,High,High,Export Surplus,Very High,10,2.85,2.63,0.41,10096,0.6013642564802183,5479.627949183303,408.008166969147,6794.305807622505,4.75,Expansion,0.5683399075858785
2023,Q2,Transport,10.12,6.58,201.1,10085,41940,10372,4.85,124,105,286225,2.0,2023-24,2023 Q2,Tertiary,Services,Consumer / Business Owner,-31855,1.74,11.09,High,Moderate,Low,Moderate,Extremely High,Import Deficit,Very High,11,1.0,4.14,1.02,-31855,0.05032322227747389,5140.810276679842,1024.901185770751,28283.10276679842,4.87,Expansion,0.5675985111100891
2023,Q2,Tourism,22.22,9.18,96.6,80156,62308,18947,4.58,109,110,61129,2.0,2023-24,2023 Q2,Tertiary,Services,Consumer / Business Owner,17848,3.82,5.33,High,Moderate,Low,High,High,Export Surplus,Very Low,12,3.61,2.8,0.85,17848,0.2300207039337474,6411.521152115211,852.7002700270027,2751.0801080108013,4.81,Expansion,0.54630540790232
2023,Q2,Real Estate,38.35,8.16,75.8,12284,43101,10491,6.3,155,104,297774,2.0,2023-24,2023 Q2,Tertiary,Services,Corporate / Property,-30817,6.59,4.18,High,High,Medium,Moderate,High,Import Deficit,Very High,13,0.32,1.12,0.27,-30817,0.5059366754617415,1444.1981747066493,273.5593220338983,7764.64146023468,6.99,Expansion,0.5479001888310527
2023,Q2,Communication,38.64,6.75,16.6,131061,121987,10044,5.78,109,87,32719,2.0,2023-24,2023 Q2,Tertiary,Services,Consumer / Corporate,9074,6.64,0.92,High,High,Medium,Moderate,Low,Export Surplus,Very Low,14,3.39,3.16,0.26,9074,2.327710843373494,6548.861283643892,259.9378881987578,846.7650103519669,0.87,Expansion,0.4120671679851344
2023,Q2,Public Administration,13.14,4.36,218.9,146240,57457,23072,4.51,100,118,57143,2.0,2023-24,2023 Q2,Tertiary,Services,Government,88783,2.26,12.07,Moderate,Moderate,Low,Very High,Extremely High,Export Surplus,Very Low,15,11.13,4.37,1.76,88783,0.06002740977615349,15502.054794520547,1755.8599695585997,4348.782343987823,8.55,Expansion,0.533004479992278
2023,Q3,Agriculture,73.03,7.24,24.3,57675,103273,2471,5.44,142,137,54667,3.0,2023-24,2023 Q3,Primary,Resource & Agriculture,Farmer,-45598,10.18,1.5,High,High,High,Low,Low,Import Deficit,Very Low,1,0.79,1.41,0.03,-45598,3.005349794238683,2203.8614268108995,33.835410105436125,748.5553881966315,5.44,Expansion,0.5835959423273896
2023,Q3,Manufacturing,11.56,-1.33,173.4,111827,44924,12687,7.8,147,135,22559,3.0,2023-24,2023 Q3,Secondary,Production & Infrastructure,Corporate / Industrial,66903,1.61,10.68,Negative,Very High,Low,Moderate,Extremely High,Export Surplus,Very Low,3,9.67,3.89,1.1,66903,0.06666666666666667,13559.77508650519,1097.491349480969,1951.4705882352941,1.27,Contraction,0.2670799219812339
2023,Q3,Construction,38.23,3.19,118.4,140642,30539,17702,7.09,174,117,140785,3.0,2023-24,2023 Q3,Secondary,Production & Infrastructure,Corporate / Infrastructure,110103,5.33,7.29,Moderate,Very High,Medium,High,Very High,Export Surplus,Medium,4,3.68,0.8,0.46,110103,0.3228885135135135,4477.661522364636,463.03949777661524,3682.5791263405704,5.88,Contraction,0.44592694646011904
2023,Q3,Mining,69.97,-0.7,205.9,24281,67735,11313,5.92,154,120,229287,3.0,2023-24,2023 Q3,Secondary,Production & Infrastructure,Corporate / Industrial,-43454,9.75,12.68,Negative,High,High,Moderate,Extremely High,Import Deficit,High,2,0.35,0.97,0.16,-43454,0.3398251578436134,1315.0778905245106,161.68357867657568,3276.932971273403,-0.7,Contraction,0.5811468105670671
2023,Q3,Electricity,46.03,0.99,158.1,52016,47060,20992,7.16,146,139,46622,3.0,2023-24,2023 Q3,Secondary,Production & Infrastructure,Corporate / Utilities,4956,6.41,9.73,Low,Very High,Medium,High,Extremely High,Export Surplus,Very Low,5,1.13,1.02,0.46,4956,0.2911448450347881,2152.4223332609167,456.05040191179665,1012.8611774929394,-0.75,Contraction,0.46519808936818247
2023,Q3,IT Services,44.4,2.28,184.1,123912,16869,14752,4.13,127,134,258041,3.0,2023-24,2023 Q3,Tertiary,Services,Corporate / Professional,107043,6.19,11.33,Low,Moderate,Medium,Moderate,Extremely High,Export Surplus,Very High,6,2.79,0.38,0.33,107043,0.2411732753938077,3170.7432432432433,332.2522522522523,5811.7342342342345,3.48,Contraction,0.5410118366546076
2023,Q3,Financial Services,20.42,9.81,84.8,141875,105720,14274,4.36,152,86,112383,3.0,2023-24,2023 Q3,Tertiary,Services,Corporate / Financial,36155,2.85,5.22,High,Moderate,Low,Moderate,High,Export Surplus,Low,7,6.95,5.18,0.7,36155,0.24080188679245285,12125.122428991184,699.0205680705191,5503.574926542605,3.93,Expansion,0.5419406364210712
2023,Q3,Retail,76.76,8.5,113.1,75868,17951,4183,6.87,141,96,272076,3.0,2023-24,2023 Q3,Tertiary,Services,Consumer / Business Owner,57917,10.7,6.96,High,High,High,Low,Very High,Export Surplus,Very High,8,0.99,0.23,0.05,57917,0.6786914235190098,1222.2381448671183,54.49452840020844,3544.502344971339,2.83,Expansion,0.7761334284172229
2023,Q3,Healthcare,45.69,4.75,207.2,140742,73794,2533,4.99,100,122,265012,3.0,2023-24,2023 Q3,Tertiary,Services,Patient / Healthcare Provider,66948,6.37,12.76,Moderate,Moderate,Medium,Low,Extremely High,Export Surplus,Very High,9,3.08,1.62,0.06,66948,0.22051158301158302,4695.469468154957,55.43882687677829,5800.218866272708,0.23,Expansion,0.6640536935545067
2023,Q3,Education,50.5,9.68,107.7,14310,78329,29609,2.98,101,114,172143,3.0,2023-24,2023 Q3,Tertiary,Services,Student / Education Provider,-64019,7.04,6.63,High,Low,Medium,Very High,Very High,Import Deficit,Medium,10,0.28,1.55,0.59,-64019,0.4688950789229341,1834.4356435643565,586.3168316831683,3408.772277227723,8.17,Expansion,0.6978447621817848
2023,Q3,Transport,47.61,4.92,122.9,112407,136345,7068,6.31,114,138,42293,3.0,2023-24,2023 Q3,Tertiary,Services,Consumer / Business Owner,-23938,6.63,7.57,Moderate,High,Medium,Low,Very High,Import Deficit,Very Low,11,2.36,2.86,0.15,-23938,0.3873881204231082,5224.784709094728,148.45620667926906,888.3217811384163,6.58,Expansion,0.5497281982764132
2023,Q3,Tourism,65.2,0.82,48.7,61277,91701,18869,7.64,147,132,166564,3.0,2023-24,2023 Q3,Tertiary,Services,Consumer / Business Owner,-30424,9.09,3.0,Low,Very High,High,High,Moderate,Import Deficit,Medium,12,0.94,1.41,0.29,-30424,1.3388090349075976,2346.288343558282,289.40184049079755,2554.6625766871166,9.18,Contraction,0.373344176471913
2023,Q3,Real Estate,62.64,-1.35,30.8,83978,105292,28132,6.04,123,106,175586,3.0,2023-24,2023 Q3,Tertiary,Services,Corporate / Property,-21314,8.73,1.9,Negative,High,High,Very High,Moderate,Import Deficit,Medium,13,1.34,1.68,0.45,-21314,2.033766233766234,3021.551724137931,449.1060025542784,2803.0970625798213,8.16,Contraction,0.26293151835014755
2023,Q3,Communication,51.91,6.46,32.1,69382,84829,26137,6.07,122,100,120396,3.0,2023-24,2023 Q3,Tertiary,Services,Consumer / Corporate,-15447,7.23,1.98,High,High,Medium,Very High,Moderate,Import Deficit,Low,14,1.34,1.63,0.5,-15447,1.6171339563862928,2970.7378154498174,503.50606819495283,2319.3219032941633,6.75,Expansion,0.4812636986285341
2023,Q3,Public Administration,13.66,2.78,12.8,77074,73087,13529,6.68,113,145,233838,3.0,2023-24,2023 Q3,Tertiary,Services,Government,3987,1.9,0.79,Low,High,Low,Moderate,Low,Export Surplus,High,15,5.64,5.35,0.99,3987,1.0671875,10992.752562225476,990.4099560761347,17118.448023426063,4.36,Contraction,0.16936439014157115
2023,Q4,Agriculture,20.73,-1.44,40.8,33115,86592,2868,6.1,108,116,162490,4.0,2023-24,2023 Q4,Primary,Resource & Agriculture,Farmer,-53477,3.15,2.27,Negative,High,Low,Low,Moderate,Import Deficit,Medium,1,1.6,4.18,0.14,-53477,0.5080882352941177,5774.577906415822,138.35021707670043,7838.398456343463,7.24,Contraction,0.10028684573867702
2023,Q4,Manufacturing,74.64,-1.02,134.9,99129,129522,4657,6.75,123,132,42276,4.0,2023-24,2023 Q4,Secondary,Production & Infrastructure,Corporate / Industrial,-30393,11.33,7.52,Negative,High,High,Low,Very High,Import Deficit,Very Low,3,1.33,1.74,0.06,-30393,0.5532987398072646,3063.3842443729905,62.39281886387996,566.3987138263666,-1.33,Contraction,0.48210749136502756
2023,Q4,Construction,16.39,3.74,35.8,90148,77220,25718,2.79,152,101,103306,4.0,2023-24,2023 Q4,Secondary,Production & Infrastructure,Corporate / Infrastructure,12928,2.49,2.0,Moderate,Low,Low,Very High,Moderate,Export Surplus,Low,4,5.5,4.71,1.57,12928,0.4578212290502794,10211.592434411226,1569.1275167785234,6302.989627821842,3.19,Contraction,0.24777635665881573
2023,Q4,Mining,15.97,7.42,60.9,138290,74856,2617,7.12,145,139,42565,4.0,2023-24,2023 Q4,Secondary,Production & Infrastructure,Corporate / Industrial,63434,2.42,3.39,High,Very High,Low,Low,High,Export Surplus,Very Low,2,8.66,4.69,0.16,63434,0.2622331691297209,13346.649968691296,163.8697557921102,2665.3099561678146,-0.7,Expansion,0.40717709210228165
2023,Q4,Electricity,38.03,6.5,108.1,77948,136340,21484,4.1,109,88,118579,4.0,2023-24,2023 Q4,Secondary,Production & Infrastructure,Corporate / Utilities,-58392,5.77,6.02,High,Moderate,Medium,High,Very High,Import Deficit,Low,5,2.05,3.59,0.56,-58392,0.3518038852913969,5634.709439915856,564.9224296607941,3118.038390744149,0.99,Expansion,0.5401163941731492
2023,Q4,IT Services,19.75,2.48,109.5,118646,11210,9372,4.48,139,89,97291,4.0,2023-24,2023 Q4,Tertiary,Services,Corporate / Professional,107436,3.0,6.1,Low,Moderate,Low,Moderate,Very High,Export Surplus,Low,6,6.01,0.57,0.47,107436,0.18036529680365296,6574.987341772152,474.53164556962025,4926.126582278481,2.28,Contraction,0.3315867779100716
2023,Q4,Financial Services,51.47,3.37,213.0,102165,44714,827,7.19,102,120,266555,4.0,2023-24,2023 Q4,Tertiary,Services,Corporate / Financial,57451,7.82,11.87,Moderate,Very High,Medium,Low,Extremely High,Export Surplus,Very High,7,1.98,0.87,0.02,57451,0.2416431924882629,2853.6817563629297,16.0676122012823,5178.842043909073,9.81,Contraction,0.6508336326419046
2023,Q4,Retail,61.69,4.75,193.9,92948,103365,18210,4.29,137,134,269849,4.0,2023-24,2023 Q4,Tertiary,Services,Consumer / Business Owner,-10417,9.37,10.81,Moderate,Moderate,High,High,Extremely High,Import Deficit,Very High,8,1.51,1.68,0.3,-10417,0.31815368746776684,3182.2499594747933,295.1856054465878,4374.274598800454,8.5,Expansion,0.7105980263161072
2023,Q4,Healthcare,14.15,3.93,172.5,127453,102178,24892,6.6,154,123,35936,4.0,2023-24,2023 Q4,Tertiary,Services,Patient / Healthcare Provider,25275,2.15,9.61,Moderate,High,Low,Very High,Extremely High,Export Surplus,Very Low,9,9.01,7.22,1.76,25275,0.08202898550724638,16228.33922261484,1759.1519434628974,2539.6466431095405,4.75,Expansion,0.45237791643125363
2023,Q4,Education,73.08,-1.18,111.2,85235,67279,6998,4.63,161,135,18574,4.0,2023-24,2023 Q4,Tertiary,Services,Student / Education Provider,17956,11.1,6.2,Negative,Moderate,High,Low,Very High,Export Surplus,Very Low,10,1.17,0.92,0.1,17956,0.6571942446043165,2086.945812807882,95.75807334428025,254.15982484948003,9.68,Contraction,0.43425990076874516
2023,Q4,Transport,63.25,1.3,151.9,93274,58874,5560,6.64,177,111,179098,4.0,2023-24,2023 Q4,Tertiary,Services,Consumer / Business Owner,34400,9.6,8.47,Low,High,High,Low,Extremely High,Export Surplus,Medium,11,1.47,0.93,0.09,34400,0.41639236339697167,2405.501976284585,87.90513833992095,2831.588932806324,4.92,Contraction,0.5379779877530818
2023,Q4,Tourism,44.98,8.23,139.6,54986,66703,6068,2.37,103,134,262425,4.0,2023-24,2023 Q4,Tertiary,Services,Consumer / Business Owner,-11717,6.83,7.78,High,Low,Medium,Low,Very High,Import Deficit,Very High,12,1.22,1.48,0.13,-11717,0.32220630372492837,2705.402401067141,134.9044019564251,5834.259670964873,0.82,Expansion,0.6747835204398855
2023,Q4,Real Estate,42.43,2.95,80.1,133297,110724,14896,7.33,121,87,250727,4.0,2023-24,2023 Q4,Tertiary,Services,Corporate / Property,22573,6.44,4.46,Low,Very High,Medium,Moderate,High,Export Surplus,Very High,13,3.14,2.61,0.35,22573,0.5297128589263421,5751.143059156258,351.0723544661796,5909.191609710111,-1.35,Contraction,0.39726009340811963
2023,Q4,Communication,49.8,2.48,172.0,29387,131440,18043,7.13,147,140,41254,4.0,2023-24,2023 Q4,Tertiary,Services,Consumer / Corporate,-102053,7.56,9.59,Low,Very High,Medium,High,Extremely High,Import Deficit,Very Low,14,0.59,2.64,0.36,-102053,0.2895348837209302,3229.4578313253014,362.3092369477912,828.3935742971888,6.46,Contraction,0.5518488095977703
2023,Q4,Public Administration,72.24,8.68,70.0,143034,22932,18852,3.29,106,127,144783,4.0,2023-24,2023 Q4,Tertiary,Services,Government,120102,10.97,3.9,High,Moderate,High,High,High,Export Surplus,Medium,15,1.98,0.32,0.26,120102,1.032,2297.4252491694356,260.96345514950167,2004.1943521594685,2.78,Expansion,0.6978451535252036
2024,Q1,Agriculture,39.05,1.38,117.1,136915,96606,7185,7.24,121,136,292163,1.0,2024-25,2024 Q1,Primary,Resource & Agriculture,Farmer,40309,5.58,6.52,Low,Very High,Medium,Low,Very High,Export Surplus,Very High,1,3.51,2.47,0.18,40309,0.3334756618274979,5980.051216389245,183.99487836107556,7481.7669654289375,-1.44,Contraction,0.38685839948769046
2024,Q1,Manufacturing,15.51,0.46,136.9,144724,136766,17424,2.93,156,108,110379,1.0,2024-25,2024 Q1,Secondary,Production & Infrastructure,Corporate / Industrial,7958,2.22,7.62,Low,Low,Low,High,Very High,Export Surplus,Low,3,9.33,8.82,1.12,7958,0.11329437545653762,18148.936170212764,1123.404255319149,7116.634429400387,-1.02,Contraction,0.2879739917605097
2024,Q1,Construction,57.39,6.15,64.3,94615,122382,14936,2.27,172,133,185434,1.0,2024-25,2024 Q1,Secondary,Production & Infrastructure,Corporate / Infrastructure,-27767,8.21,3.58,High,Low,Medium,High,High,Import Deficit,High,4,1.65,2.13,0.26,-27767,0.8925349922239503,3781.0942672939536,260.2543997212058,3231.120404251612,3.74,Expansion,0.542657334687804
2024,Q1,Mining,76.84,9.35,188.2,22360,139988,29228,4.71,148,135,244403,1.0,2024-25,2024 Q1,Secondary,Production & Infrastructure,Corporate / Industrial,-117628,10.99,10.47,High,Moderate,High,Very High,Extremely High,Import Deficit,Very High,2,0.29,1.82,0.38,-117628,0.4082890541976621,2112.80583029672,380.3748047891723,3180.674128058303,7.42,Expansion,0.9189328029629872
2024,Q1,Electricity,64.43,4.26,47.6,114880,107174,2446,2.31,120,100,205885,1.0,2024-25,2024 Q1,Secondary,Production & Infrastructure,Corporate / Utilities,7706,9.21,2.65,Moderate,Low,High,Low,Moderate,Export Surplus,High,5,1.78,1.66,0.04,7706,1.3535714285714286,3446.437994722955,37.963681514822284,3195.483470433028,6.5,Expansion,0.48347346829656207
2024,Q1,IT Services,57.85,6.89,94.8,54316,124884,19844,3.16,161,145,75615,1.0,2024-25,2024 Q1,Tertiary,Services,Corporate / Professional,-70568,8.27,5.27,High,Moderate,High,High,High,Import Deficit,Low,6,0.94,2.16,0.34,-70568,0.6102320675105486,3097.666378565255,343.0250648228176,1307.0872947277442,2.48,Expansion,0.6156344373706918
2024,Q1,Financial Services,18.26,0.64,166.7,12403,66431,5801,5.25,179,137,116978,1.0,2024-25,2024 Q1,Tertiary,Services,Corporate / Financial,-54028,2.61,9.28,Low,High,Low,Low,Extremely High,Import Deficit,Low,7,0.68,3.64,0.32,-54028,0.10953809238152372,4317.305585980284,317.68893756845563,6406.243154435925,3.37,Contraction,0.3507176503829121
2024,Q1,Retail,29.58,8.84,20.2,101630,105377,16041,2.79,126,130,23272,1.0,2024-25,2024 Q1,Tertiary,Services,Consumer / Business Owner,-3747,4.23,1.12,High,Low,Low,High,Low,Import Deficit,Very Low,8,3.44,3.56,0.54,-3747,1.4643564356435643,6998.208248816769,542.292089249493,786.7478025693036,4.75,Expansion,0.4496179173445509
2024,Q1,Healthcare,54.05,4.25,210.5,140602,132055,29561,4.75,143,130,158638,1.0,2024-25,2024 Q1,Tertiary,Services,Patient / Healthcare Provider,8547,7.73,11.71,Moderate,Moderate,Medium,Very High,Extremely High,Export Surplus,Medium,9,2.6,2.44,0.55,8547,0.25676959619952494,5044.532839962997,546.9195189639223,2935.0231267345052,3.93,Expansion,0.6872208309270494
2024,Q1,Education,11.07,1.94,135.4,65685,93731,6358,4.32,116,131,193680,1.0,2024-25,2024 Q1,Tertiary,Services,Student / Education Provider,-28046,1.58,7.53,Low,Moderate,Low,Low,Very High,Import Deficit,High,10,5.93,8.47,0.57,-28046,0.08175775480059085,14400.722673893406,574.3450767841011,17495.934959349594,-1.18,Contraction,0.31665703016139984
2024,Q1,Transport,70.13,8.27,202.6,25120,91562,14984,3.51,125,133,259738,1.0,2024-25,2024 Q1,Tertiary,Services,Consumer / Business Owner,-66442,10.03,11.27,High,Moderate,High,High,Extremely High,Import Deficit,Very High,11,0.36,1.31,0.21,-66442,0.34615004935834154,1663.7958077855412,213.66034507343505,3703.6646228432915,1.3,Expansion,0.8767025376540857
2024,Q1,Tourism,73.84,0.76,64.0,94380,91200,24204,5.38,103,115,213697,1.0,2024-25,2024 Q1,Tertiary,Services,Consumer / Business Owner,3180,10.56,3.56,Low,High,High,Very High,High,Export Surplus,High,12,1.28,1.24,0.33,3180,1.15375,2513.2719393282773,327.78981581798485,2894.054712892741,8.23,Contraction,0.4306133281773519
2024,Q1,Real Estate,64.92,6.66,11.7,24419,139963,25377,3.68,110,85,163837,1.0,2024-25,2024 Q1,Tertiary,Services,Corporate / Property,-115544,9.28,0.65,High,Moderate,High,Very High,Low,Import Deficit,Medium,13,0.38,2.16,0.39,-115544,5.548717948717949,2532.0702402957486,390.89648798521256,2523.6752926678987,2.95,Expansion,0.51124031300772
2024,Q1,Communication,45.81,4.23,124.1,28674,62810,27258,4.23,131,118,99227,1.0,2024-25,2024 Q1,Tertiary,Services,Consumer / Corporate,-34136,6.55,6.91,Moderate,Moderate,Medium,Very High,Very High,Import Deficit,Low,14,0.63,1.37,0.6,-34136,0.3691377921031427,1997.0312158917266,595.0229207596594,2166.055446409081,2.48,Expansion,0.5209728671130809
2024,Q1,Public Administration,20.58,2.88,213.1,121321,16262,14604,7.05,172,132,171243,1.0,2024-25,2024 Q1,Tertiary,Services,Government,105059,2.94,11.86,Low,Very High,Low,Moderate,Extremely High,Export Surplus,Medium,15,5.9,0.79,0.71,105059,0.09657437822618488,6685.27696793003,709.6209912536443,8320.845481049564,8.68,Contraction,0.5057497188664962
2024,Q2,Agriculture,49.63,8.82,152.6,27351,58807,23408,4.34,122,100,61655,2.0,2024-25,2024 Q2,Primary,Resource & Agriculture,Farmer,-31456,7.22,6.9,High,Moderate,Medium,Very High,Extremely High,Import Deficit,Very Low,1,0.55,1.18,0.47,-31456,0.32522935779816514,1736.0064477130766,471.6502115655853,1242.2929679629256,1.38,Expansion,0.7336480235727434
2024,Q2,Manufacturing,77.38,2.27,161.2,98204,105883,28211,2.38,151,144,59098,2.0,2024-25,2024 Q2,Secondary,Production & Infrastructure,Corporate / Industrial,-7679,11.26,7.29,Low,Low,High,Very High,Extremely High,Import Deficit,Very Low,3,1.27,1.37,0.36,-7679,0.48002481389578167,2637.46446110106,364.57741018351,763.7373998449212,0.46,Contraction,0.6434729287683493
2024,Q2,Construction,65.57,5.91,205.5,101888,130797,13107,5.87,167,135,136478,2.0,2024-25,2024 Q2,Secondary,Production & Infrastructure,Corporate / Infrastructure,-28909,9.54,9.29,Moderate,High,High,Moderate,Extremely High,Import Deficit,Medium,4,1.55,1.99,0.2,-28909,0.3190754257907542,3548.6502973921006,199.89324386152205,2081.409181027909,6.15,Expansion,0.7831817101505716
2024,Q2,Mining,48.37,5.81,210.1,105277,80708,23535,4.9,133,136,282862,2.0,2024-25,2024 Q2,Secondary,Production & Infrastructure,Corporate / Industrial,24569,7.04,9.5,Moderate,Moderate,Medium,Very High,Extremely High,Export Surplus,Very High,2,2.18,1.67,0.49,24569,0.23022370299857212,3845.0485838329546,486.56191854455244,5847.8809179243335,9.35,Expansion,0.715076537527609
2024,Q2,Electricity,19.51,1.7,156.5,118948,12782,28978,3.74,106,109,149709,2.0,2024-25,2024 Q2,Secondary,Production & Infrastructure,Corporate / Utilities,106166,2.84,7.08,Low,Moderate,Low,Very High,Extremely High,Export Surplus,Medium,5,6.1,0.66,1.49,106166,0.12466453674121407,6751.922091235263,1485.2895950794464,7673.44951307022,4.26,Contraction,0.3758817525501465
2024,Q2,IT Services,37.87,1.84,38.0,80100,55330,1781,5.57,130,109,212810,2.0,2024-25,2024 Q2,Tertiary,Services,Corporate / Professional,24770,5.51,1.72,Low,High,Medium,Low,Moderate,Export Surplus,High,6,2.12,1.46,0.05,24770,0.996578947368421,3576.1816741484026,47.02931080010563,5619.487721151308,6.89,Contraction,0.27719417885911063
2024,Q2,Financial Services,42.17,6.28,216.3,146020,119926,23489,3.47,104,118,250690,2.0,2024-25,2024 Q2,Tertiary,Services,Corporate / Financial,26094,6.14,9.78,High,Moderate,Medium,Very High,Extremely High,Export Surplus,Very High,7,3.46,2.84,0.56,26094,0.19496070272769303,6306.521223618686,557.0073511975338,5944.747450794403,0.64,Expansion,0.7143432549422212
2024,Q2,Retail,47.1,5.09,204.4,114178,87720,22563,5.61,140,144,204618,2.0,2024-25,2024 Q2,Tertiary,Services,Consumer / Business Owner,26458,6.85,9.24,Moderate,High,Medium,Very High,Extremely High,Export Surplus,High,8,2.42,1.86,0.48,26458,0.23043052837573386,4286.581740976645,479.04458598726114,4344.331210191082,8.84,Expansion,0.6770506579347148
2024,Q2,Healthcare,38.03,7.27,155.6,125033,29083,27156,4.12,156,101,75304,2.0,2024-25,2024 Q2,Tertiary,Services,Patient / Healthcare Provider,95950,5.53,7.04,High,Moderate,Medium,Very High,Extremely High,Export Surplus,Low,9,3.29,0.76,0.71,95950,0.24440874035989718,4052.4848803576124,714.0678411780174,1980.1209571391007,4.25,Expansion,0.6379939295888114
2024,Q2,Education,54.57,6.29,216.5,129149,51577,13875,3.93,160,112,232405,2.0,2024-25,2024 Q2,Tertiary,Services,Student / Education Provider,77572,7.94,9.79,High,Moderate,Medium,Moderate,Extremely High,Export Surplus,High,10,2.37,0.95,0.25,77572,0.2520554272517321,3311.8196811434855,254.260582737768,4258.841854498809,1.94,Expansion,0.7667061689925895
2024,Q2,Transport,30.5,0.26,74.8,44070,137402,27344,2.5,153,108,266478,2.0,2024-25,2024 Q2,Tertiary,Services,Consumer / Business Owner,-93332,4.44,3.38,Low,Low,Low,Very High,High,Import Deficit,Very High,11,1.44,4.5,0.9,-93332,0.4077540106951872,5949.901639344263,896.5245901639345,8736.983606557376,8.27,Contraction,0.24951070382953855
2024,Q2,Tourism,79.36,4.97,30.9,132848,90239,21475,5.19,179,87,109714,2.0,2024-25,2024 Q2,Tertiary,Services,Consumer / Business Owner,42609,11.55,1.4,Moderate,High,High,High,Moderate,Export Surplus,Low,12,1.67,1.14,0.27,42609,2.568284789644013,2811.076108870968,270.6023185483871,1382.484879032258,0.76,Expansion,0.5441290769483108
2024,Q2,Real Estate,36.34,-0.2,8.9,63822,70406,23881,5.88,106,87,186190,2.0,2024-25,2024 Q2,Tertiary,Services,Corporate / Property,-6584,5.29,0.4,Negative,High,Medium,Very High,Low,Import Deficit,High,13,1.76,1.94,0.66,-6584,4.083146067415731,3693.670886075949,657.1546505228398,5123.555310952119,6.66,Contraction,0.15841604110158605
2024,Q2,Communication,45.73,6.39,180.1,115127,87087,12489,7.52,132,138,268214,2.0,2024-25,2024 Q2,Tertiary,Services,Consumer / Corporate,28040,6.65,8.14,High,Very High,Medium,Moderate,Extremely High,Export Surplus,Very High,14,2.52,1.9,0.27,28040,0.25391449194891724,4421.911218018807,273.1029958451782,5865.165099497049,4.23,Expansion,0.677897569886594
2024,Q2,Public Administration,15.05,9.13,199.9,51534,129714,7270,6.76,162,126,172767,2.0,2024-25,2024 Q2,Tertiary,Services,Government,-78180,2.19,9.04,High,High,Low,Low,Extremely High,Import Deficit,Medium,15,3.42,8.62,0.48,-78180,0.07528764382191096,12043.056478405315,483.0564784053156,11479.53488372093,2.88,Expansion,0.6715967570185746
2024,Q3,Agriculture,14.07,4.87,104.6,92298,136235,15952,2.18,114,145,227837,3.0,2024-25,2024 Q3,Primary,Resource & Agriculture,Farmer,-43937,2.03,7.15,Moderate,Low,Low,High,Very High,Import Deficit,High,1,6.56,9.68,1.13,-43937,0.13451242829827917,16242.572850035536,1133.7597725657427,16193.105899076048,8.82,Expansion,0.3803586879424909
2024,Q3,Manufacturing,16.76,5.64,113.6,76180,59342,20448,2.8,115,118,165881,3.0,2024-25,2024 Q3,Secondary,Production & Infrastructure,Corporate / Industrial,16838,2.42,7.76,Moderate,Low,Low,High,Very High,Export Surplus,Medium,3,4.55,3.54,1.22,16838,0.14753521126760566,8086.038186157517,1220.0477326968974,9897.434367541766,2.27,Expansion,0.4309909691822091
2024,Q3,Construction,50.27,0.49,207.8,55709,123796,12496,5.33,119,87,245157,3.0,2024-25,2024 Q3,Secondary,Production & Infrastructure,Corporate / Infrastructure,-68087,7.27,14.2,Low,High,Medium,Moderate,Extremely High,Import Deficit,Very High,4,1.11,2.46,0.25,-68087,0.24191530317613089,3570.8175850407797,248.5776805251641,4876.805251641137,5.91,Contraction,0.5416423997030565
2024,Q3,Mining,73.86,0.15,208.1,128647,44384,18844,7.4,130,122,43042,3.0,2024-25,2024 Q3,Secondary,Production & Infrastructure,Corporate / Industrial,84263,10.68,14.22,Low,Very High,High,High,Extremely High,Export Surplus,Very Low,2,1.74,0.6,0.26,84263,0.354925516578568,2342.6888708367183,255.13132954237747,582.7511508258868,5.81,Contraction,0.6291329142605714
2024,Q3,Electricity,57.81,3.62,172.7,116328,38747,18688,5.83,145,136,196414,3.0,2024-25,2024 Q3,Secondary,Production & Infrastructure,Corporate / Utilities,77581,8.36,11.8,Moderate,High,High,High,Extremely High,Export Surplus,High,5,2.01,0.67,0.32,77581,0.33474232773595836,2682.494378135271,323.2658709565819,3397.578273655077,1.7,Contraction,0.6244387638094075
2024,Q3,IT Services,79.86,-0.69,5.2,131094,123076,20922,6.27,153,93,22346,3.0,2024-25,2024 Q3,Tertiary,Services,Corporate / Professional,8018,11.54,0.36,Negative,High,High,High,Low,Export Surplus,Very Low,6,1.64,1.54,0.26,8018,15.357692307692307,3182.694715752567,261.9834710743802,279.81467568244426,1.84,Contraction,0.3179522927419591
2024,Q3,Financial Services,52.96,-0.55,66.0,21690,111511,22976,2.22,161,95,122899,3.0,2024-25,2024 Q3,Tertiary,Services,Corporate / Financial,-89821,7.65,4.51,Negative,Low,Medium,Very High,High,Import Deficit,Low,7,0.41,2.11,0.43,-89821,0.8024242424242425,2515.1246223564954,433.8368580060423,2320.6004531722056,6.28,Contraction,0.30275448786544096
2024,Q3,Retail,70.91,-1.73,11.7,91256,39097,3779,3.94,165,95,257551,3.0,2024-25,2024 Q3,Tertiary,Services,Consumer / Business Owner,52159,10.25,0.8,Negative,Moderate,High,Low,Low,Export Surplus,Very High,8,1.29,0.55,0.05,52159,6.0606837606837605,1838.2879706670428,53.29290650119871,3632.0829220138207,5.09,Contraction,0.2557185648491325
2024,Q3,Healthcare,20.9,2.08,141.5,24261,114544,5540,4.24,133,131,12327,3.0,2024-25,2024 Q3,Tertiary,Services,Patient / Healthcare Provider,-90283,3.02,9.67,Low,Moderate,Low,Low,Very High,Import Deficit,Very Low,9,1.16,5.48,0.27,-90283,0.14770318021201412,6641.387559808613,265.07177033492826,589.8086124401914,7.27,Contraction,0.37160567990966037
2024,Q3,Education,37.04,5.91,83.3,120201,98584,7662,3.99,140,88,70283,3.0,2024-25,2024 Q3,Tertiary,Services,Student / Education Provider,21617,5.35,5.69,Moderate,Moderate,Medium,Low,High,Export Surplus,Low,10,3.25,2.66,0.21,21617,0.4446578631452581,5906.7224622030235,206.8574514038877,1897.4892008639308,6.29,Expansion,0.4785995525657336
2024,Q3,Transport,10.07,-0.4,13.0,46110,8453,26614,7.32,157,139,23882,3.0,2024-25,2024 Q3,Tertiary,Services,Consumer / Business Owner,37657,1.46,0.89,Negative,Very High,Low,Very High,Low,Export Surplus,Very Low,11,4.58,0.84,2.64,37657,0.7746153846153846,5418.37140019861,2642.899702085402,2371.5988083416087,0.26,Contraction,0.04837397343673239
2024,Q3,Tourism,51.7,1.27,181.9,136637,134944,18598,3.95,107,111,274140,3.0,2024-25,2024 Q3,Tertiary,Services,Consumer / Business Owner,1693,7.47,12.43,Low,Moderate,Medium,High,Extremely High,Export Surplus,Very High,12,2.64,2.61,0.36,1693,0.2842221000549753,5253.017408123791,359.7292069632495,5302.514506769826,4.97,Contraction,0.5343538636845631
2024,Q3,Real Estate,79.06,-0.83,75.0,23968,56381,10335,3.8,122,107,270541,3.0,2024-25,2024 Q3,Tertiary,Services,Corporate / Property,-32413,11.43,5.13,Negative,Moderate,High,Moderate,High,Import Deficit,Very High,13,0.3,0.71,0.13,-32413,1.0541333333333334,1016.3040728560586,130.72350113837592,3421.9706551985832,-0.2,Contraction,0.4159329777891932
2024,Q3,Communication,23.32,5.05,11.6,22214,96030,969,4.26,179,99,269430,3.0,2024-25,2024 Q3,Tertiary,Services,Consumer / Corporate,-73816,3.37,0.79,Moderate,Moderate,Low,Low,Low,Import Deficit,Very High,14,0.95,4.12,0.04,-73816,2.010344827586207,5070.497427101201,41.55231560891938,11553.602058319038,6.39,Expansion,0.28373174864375056
2024,Q3,Public Administration,53.25,5.49,67.3,68850,102138,20377,6.95,176,120,232521,3.0,2024-25,2024 Q3,Tertiary,Services,Government,-33288,7.7,4.6,Moderate,High,Medium,High,High,Import Deficit,High,15,1.29,1.92,0.38,-33288,0.7912332838038634,3211.042253521127,382.6666666666667,4366.591549295775,9.13,Expansion,0.5078775166414332
2024,Q4,Agriculture,19.27,6.38,28.0,38549,13079,8952,7.37,170,138,19396,4.0,2024-25,2024 Q4,Primary,Resource & Agriculture,Farmer,25470,2.72,2.37,High,Very High,Low,Moderate,Low,Export Surplus,Very Low,1,2.0,0.68,0.46,25470,0.6882142857142857,2679.190451478983,464.5563051375195,1006.5386611312922,4.87,Expansion,0.33620956374087557
2024,Q4,Manufacturing,56.84,9.3,66.9,14677,133309,4235,6.99,165,118,288337,4.0,2024-25,2024 Q4,Secondary,Production & Infrastructure,Corporate / Industrial,-118632,8.03,5.67,High,High,Medium,Low,High,Import Deficit,Very High,3,0.26,2.35,0.07,-118632,0.849626307922272,2603.553835327234,74.50738916256157,5072.783251231527,5.64,Expansion,0.6496274023379089
2024,Q4,Construction,79.16,-0.44,176.2,21850,70273,1546,4.76,162,133,154342,4.0,2024-25,2024 Q4,Secondary,Production & Infrastructure,Corporate / Infrastructure,-48423,11.19,14.94,Negative,Moderate,High,Low,Extremely High,Import Deficit,Medium,4,0.28,0.89,0.02,-48423,0.44926220204313283,1163.7569479535118,19.530065689742294,1949.7473471450228,0.49,Contraction,0.5830718430828165
2024,Q4,Mining,77.1,4.58,53.5,73812,33783,13531,3.58,129,108,205962,4.0,2024-25,2024 Q4,Secondary,Production & Infrastructure,Corporate / Industrial,40029,10.9,4.54,Moderate,Moderate,High,Moderate,Moderate,Export Surplus,High,2,0.96,0.44,0.18,40029,1.4411214953271028,1395.5252918287938,175.4993514915694,2671.3618677042805,0.15,Expansion,0.5559831124570044
2024,Q4,Electricity,19.22,6.31,41.5,49766,33334,19331,7.79,133,100,220713,4.0,2024-25,2024 Q4,Secondary,Production & Infrastructure,Corporate / Utilities,16432,2.72,3.52,High,Very High,Low,High,Moderate,Export Surplus,High,5,2.59,1.73,1.01,16432,0.4631325301204819,4323.621227887617,1005.7752341311135,11483.506763787722,3.62,Expansion,0.3541617803242145
2024,Q4,IT Services,36.31,-1.71,52.2,23600,133265,25062,2.74,100,95,232445,4.0,2024-25,2024 Q4,Tertiary,Services,Corporate / Professional,-109665,5.13,4.43,Negative,Low,Medium,Very High,Moderate,Import Deficit,High,6,0.65,3.67,0.69,-109665,0.6955938697318008,4320.159735610025,690.2230790415863,6401.679977967502,-0.69,Contraction,0.17356161755724153
2024,Q4,Financial Services,47.92,0.96,181.8,58199,118938,14176,2.15,167,113,251389,4.0,2024-25,2024 Q4,Tertiary,Services,Corporate / Financial,-60739,6.77,15.42,Low,Low,Medium,Moderate,Extremely High,Import Deficit,Very High,7,1.21,2.48,0.3,-60739,0.2635863586358636,3696.515025041736,295.8263772954925,5246.014190317195,-0.55,Contraction,0.5080698380768114
2024,Q4,Retail,49.87,0.76,43.4,59482,40169,24557,6.75,104,125,236360,4.0,2024-25,2024 Q4,Tertiary,Services,Consumer / Business Owner,19313,7.05,3.68,Low,High,Medium,Very High,Moderate,Export Surplus,High,8,1.19,0.81,0.49,19313,1.1490783410138248,1998.2153599358332,492.4202927611791,4739.522759173852,-1.73,Contraction,0.29934262281757307
2024,Q4,Healthcare,19.82,-0.82,19.2,68258,33712,24012,3.19,111,93,150902,4.0,2024-25,2024 Q4,Tertiary,Services,Patient / Healthcare Provider,34546,2.8,1.63,Negative,Moderate,Low,Very High,Low,Export Surplus,Medium,9,3.44,1.7,1.21,34546,1.0322916666666668,5144.803229061554,1211.5035317860747,7613.6226034308775,2.08,Contraction,0.08441793954566075
2024,Q4,Education,32.77,2.14,116.3,100896,35103,3282,5.01,147,117,236940,4.0,2024-25,2024 Q4,Tertiary,Services,Student / Education Provider,65793,4.63,9.86,Low,High,Low,Low,Very High,Export Surplus,High,10,3.08,1.07,0.1,65793,0.28177128116938954,4150.106805004577,100.15257857796765,7230.393652731156,5.91,Contraction,0.3848569418776527
2024,Q4,Transport,69.51,9.31,88.2,85880,8846,3833,2.45,146,111,213623,4.0,2024-25,2024 Q4,Tertiary,Services,Consumer / Business Owner,77034,9.82,7.48,High,Low,High,Low,High,Export Surplus,High,11,1.24,0.13,0.06,77034,0.7880952380952382,1362.7679470579772,55.143144871241546,3073.270033088764,-0.4,Expansion,0.7351591043194988
2024,Q4,Tourism,52.47,0.62,188.8,125621,137164,11364,6.71,178,118,157777,4.0,2024-25,2024 Q4,Tertiary,Services,Consumer / Business Owner,-11543,7.42,16.01,Low,High,Medium,Moderate,Extremely High,Import Deficit,Medium,12,2.39,2.61,0.22,-11543,0.27791313559322034,5008.290451686678,216.58090337335622,3006.994473032209,1.27,Contraction,0.5263123081134734
2024,Q4,Real Estate,25.77,7.38,73.0,47688,27135,12318,5.03,137,90,211763,4.0,2024-25,2024 Q4,Tertiary,Services,Corporate / Property,20553,3.64,6.19,High,High,Low,Moderate,High,Export Surplus,High,13,1.85,1.05,0.48,20553,0.353013698630137,2903.4924330616996,477.9976717112922,8217.423360496701,-0.83,Expansion,0.46509416421674626
2024,Q4,Communication,49.41,9.65,16.2,94622,13505,28953,3.53,165,115,10002,4.0,2024-25,2024 Q4,Tertiary,Services,Consumer / Corporate,81117,6.98,1.37,High,Moderate,Medium,Very High,Low,Export Surplus,Very Low,14,1.92,0.27,0.59,81117,3.05,2188.3626796195103,585.9744990892532,202.4286581663631,5.05,Expansion,0.5533428073494046
2024,Q4,Public Administration,72.12,6.93,34.0,86530,104586,19253,3.02,126,105,214481,4.0,2024-25,2024 Q4,Tertiary,Services,Government,-18056,10.19,2.88,High,Moderate,High,High,Moderate,Import Deficit,High,15,1.2,1.45,0.27,-18056,2.121176470588235,2649.9722684414864,266.9578480310593,2973.9462007764832,5.49,Expansion,0.5841660266061685
2025,Q1,Agriculture,77.7,0.02,145.8,116587,71908,2756,4.91,140,102,152000,1.0,2025-26,2025 Q1,Primary,Resource & Agriculture,Farmer,44679,9.82,9.1,Low,Moderate,High,Low,Very High,Export Surplus,Medium,1,1.5,0.93,0.04,44679,0.5329218106995884,2425.933075933076,35.46975546975547,1956.2419562419561,6.38,Contraction,0.5461956023256694
2025,Q1,Manufacturing,34.08,0.55,190.3,42439,121427,20860,6.79,115,137,117505,1.0,2025-26,2025 Q1,Secondary,Production & Infrastructure,Corporate / Industrial,-78988,4.31,11.88,Low,High,Medium,High,Extremely High,Import Deficit,Low,3,1.25,3.56,0.61,-78988,0.17908565423016287,4808.274647887324,612.0892018779343,3447.916666666667,9.3,Contraction,0.44953855783222935
2025,Q1,Construction,32.97,7.1,43.0,105615,24210,11076,3.8,137,100,218207,1.0,2025-26,2025 Q1,Secondary,Production & Infrastructure,Corporate / Infrastructure,81405,4.17,2.68,High,Moderate,Medium,Moderate,Moderate,Export Surplus,High,4,3.2,0.73,0.34,81405,0.7667441860465116,3937.670609645132,335.94176524112834,6618.3500151653025,-0.44,Expansion,0.4402084480818031
2025,Q1,Mining,28.78,8.75,38.4,110918,66247,28602,4.26,124,107,144421,1.0,2025-26,2025 Q1,Secondary,Production & Infrastructure,Corporate / Industrial,44671,3.64,2.4,High,Moderate,Low,Very High,Moderate,Export Surplus,Medium,2,3.85,2.3,0.99,44671,0.7494791666666667,6155.837387074357,993.815149409312,5018.102849200834,4.58,Expansion,0.47091037521976026
2025,Q1,Electricity,55.63,4.75,139.3,73984,71265,13039,6.29,163,131,196975,1.0,2025-26,2025 Q1,Secondary,Production & Infrastructure,Corporate / Utilities,2719,7.03,8.7,Moderate,High,Medium,Moderate,Very High,Export Surplus,High,5,1.33,1.28,0.23,2719,0.39935391241923907,2610.9832824015816,234.3879201869495,3540.805320870034,6.31,Expansion,0.6024038705332206
2025,Q1,IT Services,71.65,4.73,75.8,49888,127145,3771,4.44,145,133,274223,1.0,2025-26,2025 Q1,Tertiary,Services,Corporate / Professional,-77257,9.06,4.73,Moderate,Moderate,High,Low,High,Import Deficit,Very High,6,0.7,1.77,0.05,-77257,0.945250659630607,2470.802512212142,52.63084438241451,3827.2575017445915,-1.71,Expansion,0.572129092954678
2025,Q1,Financial Services,65.02,2.0,112.1,66813,106832,29018,7.62,138,86,298242,1.0,2025-26,2025 Q1,Tertiary,Services,Corporate / Financial,-40019,8.22,7.0,Low,Very High,High,Very High,Very High,Import Deficit,Very High,7,1.03,1.64,0.45,-40019,0.5800178412132025,2670.6398031374965,446.2934481697939,4586.927099354045,0.96,Contraction,0.5083244431010576
2025,Q1,Retail,71.52,9.43,217.4,118115,36448,3767,7.52,106,124,290532,1.0,2025-26,2025 Q1,Tertiary,Services,Consumer / Business Owner,81667,9.04,13.57,High,Very High,High,Low,Extremely High,Export Surplus,Very High,8,1.65,0.51,0.05,81667,0.32897884084636614,2161.1157718120808,52.67058165548099,4062.2483221476514,0.76,Expansion,0.9437590657010073
2025,Q1,Healthcare,62.95,1.47,38.6,97951,45584,27270,5.0,109,118,267552,1.0,2025-26,2025 Q1,Tertiary,Services,Patient / Healthcare Provider,52367,7.96,2.41,Low,Moderate,High,Very High,Moderate,Export Surplus,Very High,9,1.56,0.72,0.43,52367,1.6308290155440415,2280.1429706115964,433.20095313741064,4250.230341540905,-0.82,Contraction,0.3703525908297527
2025,Q1,Education,49.82,1.47,50.5,46191,23567,16816,3.94,179,126,32743,1.0,2025-26,2025 Q1,Tertiary,Services,Student / Education Provider,22624,6.3,3.15,Low,Moderate,Medium,High,Moderate,Export Surplus,Very Low,10,0.93,0.47,0.34,22624,0.9865346534653465,1400.200722601365,337.53512645523887,657.2260136491369,2.14,Contraction,0.33365401563881325
2025,Q1,Transport,35.0,8.65,48.3,28466,27805,8546,6.83,163,99,124242,1.0,2025-26,2025 Q1,Tertiary,Services,Consumer / Business Owner,661,4.43,3.02,High,High,Medium,Moderate,Moderate,Export Surplus,Low,11,0.81,0.79,0.24,661,0.7246376811594203,1607.7428571428572,244.17142857142858,3549.7714285714287,9.31,Expansion,0.5085470361154667
2025,Q1,Tourism,18.89,4.64,49.9,145802,61571,27184,7.98,165,93,49123,1.0,2025-26,2025 Q1,Tertiary,Services,Consumer / Business Owner,84231,2.39,3.12,Moderate,Very High,Low,Very High,Moderate,Export Surplus,Very Low,12,7.72,3.26,1.44,84231,0.37855711422845695,10977.924827951296,1439.0682901005823,2600.476442562202,0.62,Expansion,0.30970732676973295
2025,Q1,Real Estate,64.45,-0.43,115.5,32813,92941,11333,3.74,101,140,241541,1.0,2025-26,2025 Q1,Tertiary,Services,Corporate / Property,-60128,8.15,7.21,Negative,Moderate,High,Moderate,Very High,Import Deficit,Very High,13,0.51,1.44,0.18,-60128,0.5580086580086581,1951.1869666408068,175.84173778122576,3747.726920093095,7.38,Contraction,0.4298662868334067
2025,Q1,Communication,77.47,-1.64,209.9,98911,96131,9109,7.54,158,98,72978,1.0,2025-26,2025 Q1,Tertiary,Services,Consumer / Corporate,2780,9.8,13.11,Negative,Very High,High,Moderate,Extremely High,Export Surplus,Low,14,1.28,1.24,0.12,2780,0.3690805145307289,2517.6455402091133,117.58099909642442,942.0162643603976,9.65,Contraction,0.587078801771896
2025,Q1,Public Administration,44.94,-0.16,126.7,54161,11532,27181,2.38,116,129,41505,1.0,2025-26,2025 Q1,Tertiary,Services,Government,42629,5.68,7.91,Negative,Low,Medium,Very High,Very High,Export Surplus,Very Low,15,1.21,0.26,0.6,42629,0.35469613259668503,1461.793502447708,604.828660436137,923.5647530040054,6.93,Contraction,0.3745184976006993
2025,Q2,Agriculture,38.62,2.42,149.7,96811,39697,5762,2.96,169,109,286282,2.0,2025-26,2025 Q2,Primary,Resource & Agriculture,Farmer,57114,6.09,8.27,Low,Low,Medium,Low,Very High,Export Surplus,Very High,1,2.51,1.03,0.15,57114,0.25798263193052773,3534.6452615225276,149.19730709476957,7412.791299844641,0.02,Contraction,0.46934214859363754
2025,Q2,Manufacturing,28.3,4.49,75.9,72323,46604,17298,3.42,151,123,93840,2.0,2025-26,2025 Q2,Secondary,Production & Infrastructure,Corporate / Industrial,25719,4.46,4.19,Moderate,Moderate,Low,High,High,Export Surplus,Low,3,2.56,1.65,0.61,25719,0.37285902503293805,4202.367491166077,611.2367491166077,3315.9010600706715,0.55,Expansion,0.3834284490405784
2025,Q2,Construction,58.9,2.29,18.5,59391,53198,21732,3.79,109,117,109161,2.0,2025-26,2025 Q2,Secondary,Production & Infrastructure,Corporate / Infrastructure,6193,9.29,1.02,Low,Moderate,High,High,Low,Export Surplus,Low,4,1.01,0.9,0.37,6193,3.1837837837837837,1911.528013582343,368.9643463497453,1853.327674023769,7.1,Contraction,0.35035024715138646
2025,Q2,Mining,44.5,6.19,210.5,96896,71736,28697,4.02,166,119,97997,2.0,2025-26,2025 Q2,Secondary,Production & Infrastructure,Corporate / Industrial,25160,7.02,11.63,High,Moderate,Medium,Very High,Extremely High,Export Surplus,Low,2,2.18,1.61,0.64,25160,0.21140142517814728,3789.483146067416,644.876404494382,2202.179775280899,8.75,Expansion,0.7122455986352548
2025,Q2,Electricity,38.22,2.47,51.1,51490,62644,26651,2.94,136,108,176385,2.0,2025-26,2025 Q2,Secondary,Production & Infrastructure,Corporate / Utilities,-11154,6.03,2.82,Low,Low,Medium,Very High,Moderate,Import Deficit,Medium,5,1.35,1.64,0.7,-11154,0.747945205479452,2986.2375719518577,697.3050758765045,4614.992150706436,4.75,Contraction,0.3196110420319578
2025,Q2,IT Services,28.79,8.08,136.9,111515,81345,16943,6.68,157,141,10704,2.0,2025-26,2025 Q2,Tertiary,Services,Corporate / Professional,30170,4.54,7.56,High,High,Low,High,Very High,Export Surplus,Very Low,6,3.87,2.83,0.59,30170,0.21029948867786705,6698.853768669677,588.5029524140326,371.79576241750607,4.73,Expansion,0.5981339380826028
2025,Q2,Financial Services,61.5,0.27,197.8,28424,133853,8659,6.18,100,88,21197,2.0,2025-26,2025 Q2,Tertiary,Services,Corporate / Financial,-105429,9.7,10.93,Low,High,High,Moderate,Extremely High,Import Deficit,Very Low,7,0.46,2.18,0.14,-105429,0.3109201213346815,2638.650406504065,140.79674796747966,344.6666666666667,2.0,Contraction,0.5659453378967407
2025,Q2,Retail,38.5,-0.26,201.9,16052,82902,1549,7.57,101,141,173387,2.0,2025-26,2025 Q2,Tertiary,Services,Consumer / Business Owner,-66850,6.07,11.15,Negative,Very High,Medium,Low,Extremely High,Import Deficit,Medium,8,0.42,2.15,0.04,-66850,0.1906884596334819,2570.2337662337663,40.23376623376623,4503.558441558442,9.43,Contraction,0.4585105163225555
2025,Q2,Healthcare,42.39,2.28,217.6,128655,66541,7482,6.28,121,119,219717,2.0,2025-26,2025 Q2,Tertiary,Services,Patient / Healthcare Provider,62114,6.68,12.02,Low,High,Medium,Low,Extremely High,Export Surplus,High,9,3.04,1.57,0.18,62114,0.19480698529411766,4604.765274828969,176.5038924274593,5183.2271762208065,1.47,Contraction,0.5835006008271338
2025,Q2,Education,75.84,-0.65,192.2,145819,30166,11196,4.36,147,87,203069,2.0,2025-26,2025 Q2,Tertiary,Services,Student / Education Provider,115653,11.96,10.62,Negative,Moderate,High,Moderate,Extremely High,Export Surplus,High,10,1.92,0.4,0.15,115653,0.394588969823101,2320.4773206751056,147.626582278481,2677.5975738396623,1.47,Contraction,0.5864995126979111
2025,Q2,Transport,13.56,0.01,174.4,88364,21618,26881,3.18,149,110,26681,2.0,2025-26,2025 Q2,Tertiary,Services,Consumer / Business Owner,66746,2.14,9.63,Low,Moderate,Low,Very High,Extremely High,Export Surplus,Very Low,11,6.52,1.59,1.98,66746,0.07775229357798165,8110.766961651917,1982.3746312684366,1967.6253687315634,8.65,Contraction,0.3217423136349619
2025,Q2,Tourism,41.64,-1.93,46.8,95323,8146,6613,4.95,117,142,54222,2.0,2025-26,2025 Q2,Tertiary,Services,Consumer / Business Owner,87177,6.57,2.59,Negative,Moderate,Medium,Low,Moderate,Export Surplus,Very Low,12,2.29,0.2,0.16,87177,0.8897435897435898,2484.846301633045,158.81364073006725,1302.1613832853025,4.64,Contraction,0.1802391082918585
2025,Q2,Real Estate,31.02,8.7,103.6,35790,35984,23575,7.27,107,127,96760,2.0,2025-26,2025 Q2,Tertiary,Services,Corporate / Property,-194,4.89,5.72,High,Very High,Low,Very High,Very High,Import Deficit,Low,13,1.15,1.16,0.76,-194,0.29942084942084946,2313.7975499677627,759.993552546744,3119.277885235332,-0.43,Expansion,0.5775954467916209
2025,Q2,Communication,63.44,6.45,5.9,48120,34765,5259,6.25,163,87,97934,2.0,2025-26,2025 Q2,Tertiary,Services,Consumer / Corporate,13355,10.0,0.33,High,High,High,Low,Low,Export Surplus,Low,14,0.76,0.55,0.08,13355,10.752542372881354,1306.5100882723834,82.89722572509459,1543.7263556116015,-1.64,Expansion,0.4892377411030031
2025,Q2,Public Administration,28.98,1.57,27.5,19750,58105,9132,3.56,130,90,77345,2.0,2025-26,2025 Q2,Tertiary,Services,Government,-38355,4.57,1.52,Low,Moderate,Low,Moderate,Low,Import Deficit,Low,15,0.68,2.01,0.32,-38355,1.0538181818181818,2686.5079365079364,315.11387163561074,2668.909592822636,-0.16,Contraction,0.2151383818439255
2025,Q3,Agriculture,26.59,8.49,42.6,50692,68531,25952,6.81,159,131,101975,3.0,2025-26,2025 Q3,Primary,Resource & Agriculture,Farmer,-17839,3.53,2.18,High,High,Low,Very High,Moderate,Import Deficit,Low,1,1.91,2.58,0.98,-17839,0.6241784037558685,4483.753290710793,976.0060172997368,3835.0883790898833,2.42,Expansion,0.45946048525000527
2025,Q3,Manufacturing,63.18,6.22,46.0,46395,99337,3106,3.59,159,93,73382,3.0,2025-26,2025 Q3,Secondary,Production & Infrastructure,Corporate / Industrial,-52942,8.39,2.35,High,Moderate,High,Low,Moderate,Import Deficit,Low,3,0.73,1.57,0.05,-52942,1.3734782608695653,2306.616017727129,49.161126938904715,1161.4751503640393,4.49,Expansion,0.5413594274750962
2025,Q3,Construction,23.65,6.63,133.8,125424,98422,7712,7.37,175,138,54468,3.0,2025-26,2025 Q3,Secondary,Production & Infrastructure,Corporate / Infrastructure,27002,3.14,6.83,High,Very High,Low,Low,Very High,Export Surplus,Very Low,4,5.3,4.16,0.33,27002,0.17675635276532134,9464.947145877379,326.08879492600425,2303.0866807610996,2.29,Expansion,0.5235067119431083
2025,Q3,Mining,37.88,6.07,145.7,11135,17321,18772,2.09,153,88,286128,3.0,2025-26,2025 Q3,Secondary,Production & Infrastructure,Corporate / Industrial,-6186,5.03,7.44,High,Low,Medium,High,Very High,Import Deficit,Very High,2,0.29,0.46,0.5,-6186,0.2599862731640357,751.2143611404434,495.56494192185846,7553.537486800422,6.19,Expansion,0.5822136960237349
2025,Q3,Electricity,60.27,9.13,195.1,12799,52886,18246,4.74,164,106,48969,3.0,2025-26,2025 Q3,Secondary,Production & Infrastructure,Corporate / Utilities,-40087,8.0,9.96,High,Moderate,High,High,Extremely High,Import Deficit,Very Low,5,0.21,0.88,0.3,-40087,0.30891850333162485,1089.845694375311,302.73768043802886,812.4937779990045,2.47,Expansion,0.8529363373190018
2025,Q3,IT Services,65.63,3.54,81.3,97525,12029,5437,5.15,137,104,225321,3.0,2025-26,2025 Q3,Tertiary,Services,Corporate / Professional,85496,8.72,4.15,Moderate,High,High,Low,High,Export Surplus,High,6,1.49,0.18,0.08,85496,0.8072570725707257,1669.2671034587843,82.84321194575652,3433.2012799024837,8.08,Contraction,0.5155838002180071
2025,Q3,Financial Services,69.33,5.1,140.4,112895,123358,5859,7.26,111,140,23475,3.0,2025-26,2025 Q3,Tertiary,Services,Corporate / Financial,-10463,9.21,7.17,Moderate,Very High,High,Low,Very High,Import Deficit,Very Low,7,1.63,1.78,0.08,-10463,0.49380341880341877,3407.659022068369,84.50887061877975,338.59800951968845,0.27,Expansion,0.6729237301005107
2025,Q3,Retail,58.9,1.45,213.2,147964,22553,16024,4.71,127,138,129056,3.0,2025-26,2025 Q3,Tertiary,Services,Consumer / Business Owner,125411,7.82,10.89,Low,Moderate,High,High,Extremely High,Export Surplus,Medium,8,2.51,0.38,0.27,125411,0.27626641651031897,2895.0254668930393,272.05432937181666,2191.1035653650256,-0.26,Contraction,0.617937976169877
2025,Q3,Healthcare,34.69,4.53,104.2,104402,137024,5569,5.96,164,136,76856,3.0,2025-26,2025 Q3,Tertiary,Services,Patient / Healthcare Provider,-32622,4.61,5.32,Moderate,High,Medium,Low,Very High,Import Deficit,Low,9,3.01,3.95,0.16,-32622,0.33291746641074854,6959.527241279909,160.53617757278755,2215.508792159124,2.28,Expansion,0.4543972429255148
2025,Q3,Education,22.1,3.23,172.4,122497,128441,26519,2.37,107,101,27819,3.0,2025-26,2025 Q3,Tertiary,Services,Student / Education Provider,-5944,2.94,8.81,Moderate,Low,Low,Very High,Extremely High,Import Deficit,Very Low,10,5.54,5.81,1.2,-5944,0.12819025522041763,11354.660633484162,1199.9547511312217,1258.7782805429863,-0.65,Contraction,0.4619848197735356
2025,Q3,Transport,74.71,1.37,140.1,61053,118028,6489,7.55,152,120,220113,3.0,2025-26,2025 Q3,Tertiary,Services,Consumer / Business Owner,-56975,9.92,7.16,Low,Very High,High,Low,Very High,Import Deficit,High,11,0.82,1.58,0.09,-56975,0.5332619557458957,2397.0151251505827,86.85584259135324,2946.2320974434483,0.01,Contraction,0.5702026073541862
2025,Q3,Tourism,66.96,-0.52,130.3,48817,72408,20954,3.44,122,143,233769,3.0,2025-26,2025 Q3,Tertiary,Services,Consumer / Business Owner,-23591,8.89,6.66,Negative,Moderate,High,High,Very High,Import Deficit,High,12,0.73,1.08,0.31,-23591,0.513891020721412,1810.4091995221029,312.9330943847073,3491.1738351254485,-1.93,Contraction,0.4598026946648452
2025,Q3,Real Estate,25.98,4.2,72.5,125090,96078,25960,4.0,131,103,251510,3.0,2025-26,2025 Q3,Tertiary,Services,Corporate / Property,29012,3.45,3.7,Moderate,Moderate,Low,Very High,High,Export Surplus,Very High,13,4.81,3.7,1.0,29012,0.3583448275862069,8513.010007698229,999.2301770592763,9680.908391070054,8.7,Expansion,0.3588918913871308
2025,Q3,Communication,46.9,4.08,188.1,100599,109505,2510,6.05,136,88,109974,3.0,2025-26,2025 Q3,Tertiary,Services,Consumer / Corporate,-8906,6.23,9.61,Moderate,High,Medium,Low,Extremely High,Import Deficit,Low,14,2.14,2.33,0.05,-8906,0.24933545986177566,4479.829424307037,53.5181236673774,2344.861407249467,6.45,Expansion,0.6176951884359729
2025,Q3,Public Administration,76.2,6.4,152.2,15625,134832,25291,7.78,138,129,55860,3.0,2025-26,2025 Q3,Tertiary,Services,Government,-119207,10.12,7.77,High,Very High,High,Very High,Extremely High,Import Deficit,Very Low,15,0.21,1.77,0.33,-119207,0.5006570302233904,1974.501312335958,331.9028871391076,733.0708661417323,1.57,Expansion,0.7629642080487598
2025,Q4,Agriculture,20.06,9.45,199.4,96928,19874,11200,4.23,118,135,169198,4.0,2025-26,2025 Q4,Primary,Resource & Agriculture,Farmer,77054,2.52,10.38,High,Moderate,Low,Moderate,Extremely High,Export Surplus,Medium,1,4.83,0.99,0.56,77054,0.10060180541624873,5822.632103688934,558.3250249252244,8434.596211365902,8.49,Expansion,0.7024347293561127
2025,Q4,Manufacturing,76.74,-1.96,134.2,65419,124864,28786,6.7,145,117,181416,4.0,2025-26,2025 Q4,Secondary,Production & Infrastructure,Corporate / Industrial,-59445,9.63,6.99,Negative,High,High,Very High,Very High,Import Deficit,Medium,3,0.85,1.63,0.38,-59445,0.571833084947839,2479.5804013552256,375.1107636174095,2364.0344018764663,6.22,Contraction,0.458376708000098
2025,Q4,Construction,22.24,2.81,37.1,22357,39950,9050,7.39,116,106,64990,4.0,2025-26,2025 Q4,Secondary,Production & Infrastructure,Corporate / Infrastructure,-17593,2.79,1.93,Low,Very High,Low,Moderate,Moderate,Import Deficit,Very Low,4,1.01,1.8,0.41,-17593,0.5994609164420485,2801.5737410071943,406.9244604316547,2922.2122302158277,6.63,Contraction,0.24305971332960055
2025,Q4,Mining,69.28,7.39,96.0,117507,72199,10170,2.92,136,94,190522,4.0,2025-26,2025 Q4,Secondary,Production & Infrastructure,Corporate / Industrial,45308,8.7,5.0,High,Low,High,Moderate,High,Export Surplus,High,2,1.7,1.04,0.15,45308,0.7216666666666667,2738.2505773672056,146.79561200923789,2750.028868360277,6.07,Expansion,0.681852216419404
2025,Q4,Electricity,48.81,6.41,90.6,128867,52455,18290,4.52,107,138,261848,4.0,2025-26,2025 Q4,Secondary,Production & Infrastructure,Corporate / Utilities,76412,6.13,4.72,High,Moderate,Medium,High,High,Export Surplus,Very High,5,2.64,1.07,0.37,76412,0.5387417218543047,3714.853513624257,374.7182954312641,5364.638393771768,9.13,Expansion,0.555499071426708
2025,Q4,IT Services,11.78,0.66,106.0,57556,29416,10344,4.47,152,99,118871,4.0,2025-26,2025 Q4,Tertiary,Services,Corporate / Professional,28140,1.48,5.52,Low,Moderate,Low,Moderate,Very High,Export Surplus,Low,6,4.89,2.5,0.88,28140,0.11113207547169811,7383.022071307301,878.0984719864177,10090.916808149406,3.54,Contraction,0.23217671871680048
2025,Q4,Financial Services,65.46,7.29,138.8,66262,64584,26115,3.16,163,134,248277,4.0,2025-26,2025 Q4,Tertiary,Services,Corporate / Financial,1678,8.22,7.23,High,Moderate,High,Very High,Very High,Export Surplus,Very High,7,1.01,0.99,0.4,1678,0.4716138328530258,1998.8695386495572,398.9459211732356,3792.804766269478,5.1,Expansion,0.7275704634047003
2025,Q4,Retail,77.02,3.45,183.7,11543,26423,18493,3.18,152,129,54153,4.0,2025-26,2025 Q4,Tertiary,Services,Consumer / Business Owner,-14880,9.67,9.56,Moderate,Moderate,High,High,Extremely High,Import Deficit,Very Low,8,0.15,0.34,0.24,-14880,0.419270549809472,492.93689950662167,240.1064658530252,703.1030901064659,1.45,Contraction,0.7155914926865758
2025,Q4,Healthcare,66.07,8.62,131.5,112948,99162,11075,6.44,107,88,101538,4.0,2025-26,2025 Q4,Tertiary,Services,Patient / Healthcare Provider,13786,8.29,6.85,High,High,High,Moderate,Very High,Export Surplus,Low,9,1.71,1.5,0.17,13786,0.5024334600760456,3210.3829271984264,167.62524595126382,1536.824579990919,4.53,Expansion,0.7634959251376999
2025,Q4,Education,48.37,7.26,63.1,139509,82586,17270,4.31,155,124,138503,4.0,2025-26,2025 Q4,Tertiary,Services,Student / Education Provider,56923,6.07,3.28,High,Moderate,Medium,High,High,Export Surplus,Medium,10,2.88,1.71,0.36,56923,0.7665610142630744,4591.585693611743,357.03948728550756,2863.407070498243,3.23,Expansion,0.5403206830240833
2025,Q4,Transport,72.13,0.41,215.9,65568,84569,7555,4.61,131,130,231228,4.0,2025-26,2025 Q4,Tertiary,Services,Consumer / Business Owner,-19001,9.05,11.24,Low,Moderate,High,Low,Extremely High,Import Deficit,High,11,0.91,1.17,0.1,-19001,0.33408985641500694,2081.477887148205,104.74143906834883,3205.7119090530987,1.37,Contraction,0.6424543098259817
2025,Q4,Tourism,44.45,-1.48,217.6,24238,20543,23916,2.2,162,115,113273,4.0,2025-26,2025 Q4,Tertiary,Services,Consumer / Business Owner,3695,5.58,11.33,Negative,Low,Medium,Very High,Extremely High,Export Surplus,Low,12,0.55,0.46,0.54,3695,0.20427389705882354,1007.4465691788525,538.0427446569179,2548.323959505062,-0.52,Contraction,0.46638313655846764
2025,Q4,Real Estate,41.92,2.8,172.6,143851,49757,10778,7.29,173,102,171306,4.0,2025-26,2025 Q4,Tertiary,Services,Corporate / Property,94094,5.26,8.98,Low,Very High,Medium,Moderate,Extremely High,Export Surplus,Medium,13,3.43,1.19,0.26,94094,0.2428736964078795,4618.511450381679,257.1087786259542,4086.498091603053,4.2,Contraction,0.5305884218496884
2025,Q4,Communication,63.2,1.85,81.6,122999,76655,2608,2.86,161,86,131980,4.0,2025-26,2025 Q4,Tertiary,Services,Consumer / Corporate,46344,7.93,4.25,Low,Low,High,Low,High,Export Surplus,Medium,14,1.95,1.21,0.04,46344,0.7745098039215688,3159.0822784810125,41.265822784810126,2088.2911392405063,4.08,Contraction,0.44940013577081506
2025,Q4,Public Administration,69.16,2.72,52.9,140520,41414,11579,3.33,162,108,135266,4.0,2025-26,2025 Q4,Tertiary,Services,Government,99106,8.68,2.75,Low,Moderate,High,Moderate,Moderate,Export Surplus,Medium,15,2.03,0.6,0.17,99106,1.3073724007561436,2630.6246385193754,167.42336610757664,1955.8415268941585,6.4,Contraction,0.4597647970451748
